﻿<?xml version="1.0" encoding="utf-8"?>
<!-- This XML was generated by Rcomage v1.1.1 -->
<TextLang>
	<Text name="msg_setting">Indstillinger</Text>
	<Text name="msg_photo">Foto</Text>
	<Text name="msg_music">Musik</Text>
	<Text name="msg_video">Video</Text>
	<Text name="msg_game">Spil</Text>
	<Text name="msg_net">Netværk</Text>
	<Text name="msg_friend">Venner</Text>
	<Text name="msg_user">Brugere</Text>
	<Text name="msg_login">Log på</Text>
	<Text name="msg_tv">TV</Text>
	<Text name="msg_tv_video_service">TV-/Videotjenester</Text>
	<Text name="msg_psn">PlayStation®
Network</Text>
	<Text name="msg_power_off_console2">Sluk system</Text>
	<Text name="msg_photo_gallery">Photo Gallery</Text>
	<Text name="msg_untitled">Ukendt</Text>
	<Text name="msg_new_vmc">Opret et nyt internt Memory Card</Text>
	<Text name="msg_signup">Opret en konto</Text>
	<Text name="msg_playstation_home">PlayStation®Home</Text>
	<Text name="msg_start_new_chat2">Begynd ny chat</Text>
	<Text name="msg_ms">Memory Stick™</Text>
	<Text name="msg_sd">SD Memory Card</Text>
	<Text name="msg_cf">CompactFlash®</Text>
	<Text name="msg_bd_rom">BD-ROM</Text>
	<Text name="msg_bd_r">BD-R</Text>
	<Text name="msg_bd_re">BD-RE</Text>
	<Text name="msg_dvdr">DVD-R</Text>
	<Text name="msg_dvdplusr">DVD+R</Text>
	<Text name="msg_dvdrw">DVD-RW</Text>
	<Text name="msg_dvdplusrw">DVD+RW</Text>
	<Text name="msg_dvdrom">DVD-ROM</Text>
	<Text name="msg_dvdvideo">DVD Video</Text>
	<Text name="msg_dvdvr">DVD-VR</Text>
	<Text name="msg_dvdplusvr">DVD+VR</Text>
	<Text name="msg_avchd">AVCHD</Text>
	<Text name="msg_avcrec">AVCREC</Text>
	<Text name="msg_bdmv">BDMV</Text>
	<Text name="msg_bdav">BDAV</Text>
	<Text name="msg_cdaudio">Audio CD</Text>
	<Text name="msg_cddata">Data Disk</Text>
	<Text name="msg_sacd">Super Audio CD</Text>
	<Text name="msg_mc_ps1">Memory Card (PS)</Text>
	<Text name="msg_mc_ps2">Memory Card (PS2)</Text>
	<Text name="msg_disc">Disk</Text>
	<Text name="msg_dsd_disc">DSD Disk</Text>
	<Text name="msg_psp">PSP™ (PlayStation®Portable)</Text>
	<Text name="msg_psp_bracket">PSP™ (PlayStation®Portable) %1</Text>
	<Text name="msg_vita_abbreviated">PS Vita-system</Text>
	<Text name="msg_psp_name">Kaldenavn</Text>
	<Text name="msg_usb">USB-enhed</Text>
	<Text name="msg_usb_id">USB-enhed (%1)</Text>
	<Text name="msg_digitalcamera">Digitalkamera</Text>
	<Text name="msg_digitalcamera_id">Digitalkamera (%1)</Text>
	<Text name="msg_walkman">ATRAC Audio Device</Text>
	<Text name="msg_walkman_id">ATRAC Audio Device (%1)</Text>
	<Text name="msg_cancel">Afbryd</Text>
	<Text name="msg_ok">OK</Text>
	<Text name="msg_fix">OK</Text>
	<Text name="msg_yes">Ja</Text>
	<Text name="msg_no">Nej</Text>
	<Text name="msg_on">Aktivér</Text>
	<Text name="msg_off">Sluk</Text>
	<Text name="msg_nrml">Normal</Text>
	<Text name="msg_normal">Normal</Text>
	<Text name="msg_plus1">+1</Text>
	<Text name="msg_plus2">+2</Text>
	<Text name="msg_plus3">+3</Text>
	<Text name="msg_plus4">+4</Text>
	<Text name="msg_minus1">-1</Text>
	<Text name="msg_minus2">-2</Text>
	<Text name="msg_minus3">-3</Text>
	<Text name="msg_minus4">-4</Text>
	<Text name="msg_1">1</Text>
	<Text name="msg_2">2</Text>
	<Text name="msg_3">3</Text>
	<Text name="msg_4">4</Text>
	<Text name="msg_5">5</Text>
	<Text name="msg_percent">%1%%</Text>
	<Text name="msg_image_count_value">%1 billede</Text>
	<Text name="msg_images_count_value">%1 billeder</Text>
	<Text name="msg_track_count_value">%1 spor</Text>
	<Text name="msg_tracks_count_value">%1 spor</Text>
	<Text name="msg_title_count_value">%1 Titel</Text>
	<Text name="msg_titles_count_value">%1 Titler</Text>
	<Text name="msg_savedata_count_value">%1 Gem</Text>
	<Text name="msg_savedatas_count_value">%1 Gemmer</Text>
	<Text name="msg_time_num1">%1:%2:%3</Text>
	<Text name="msg_time_num2">%1:%2'%3''</Text>
	<Text name="msg_time_num3">%1'%2''</Text>
	<Text name="msg_datetime_num1">%1/%2/%3  %4:%5</Text>
	<Text name="msg_am">AM</Text>
	<Text name="msg_pm">PM</Text>
	<Text name="msg_time_hour_num2">%1:%2'</Text>
	<Text name="msg_day_plural">%1 dage</Text>
	<Text name="msg_sort">Sorteret efter</Text>
	<Text name="msg_importeddate_f">Importdato ▲</Text>
	<Text name="msg_importeddate_r">Importdato ▼</Text>
	<Text name="msg_shootdate_f">Filmdato ▲</Text>
	<Text name="msg_shootdate_r">Filmdato ▼</Text>
	<Text name="msg_sale_year_f">Udgivelsesår ▲</Text>
	<Text name="msg_sale_year_r">Udgivelsesår ▼</Text>
	<Text name="msg_created_date_time_f">Oprettelsesdato ▲</Text>
	<Text name="msg_created_date_time_r">Oprettelsesdato ▼</Text>
	<Text name="msg_updated_date_f">Opdateringsdato ▲</Text>
	<Text name="msg_updated_date_r">Opdateringsdato ▼</Text>
	<Text name="msg_format_f">Format</Text>
	<Text name="msg_imagename_f">Billednavn</Text>
	<Text name="msg_albumname_f">Albumnavn</Text>
	<Text name="msg_genre_f">Genrenavn</Text>
	<Text name="msg_artist_f">Kunstnernavn</Text>
	<Text name="msg_track_f">Spornavn</Text>
	<Text name="msg_title_f">Titelnavn</Text>
	<Text name="msg_subtitle_f">Undertitel</Text>
	<Text name="msg_start_date_f">Spillet for nylig</Text>
	<Text name="msg_folder_class">Gruper Indhold</Text>
	<Text name="msg_all">Alle</Text>
	<Text name="msg_year_folder">Efter År</Text>
	<Text name="msg_month_folder">Efter Måned</Text>
	<Text name="msg_album_folder">Efter Album</Text>
	<Text name="msg_genre_folder">Efter Genre</Text>
	<Text name="msg_artist_folder">Efter Kunstner</Text>
	<Text name="msg_sale_year_folder">Efter Udgivelsesår</Text>
	<Text name="msg_track_folder">Efter Spor</Text>
	<Text name="msg_title_folder">Efter Titel</Text>
	<Text name="msg_format_folder">Efter Format</Text>
	<Text name="msg_copy">Kopier</Text>
	<Text name="msg_copy_plural">Kopier Flere</Text>
	<Text name="msg_del">Slet</Text>
	<Text name="msg_del_plural">Slet Flere</Text>
	<Text name="msg_slideshow">Slideshow</Text>
	<Text name="msg_display_all">Vis alle</Text>
	<Text name="msg_cddbdata_get">Indhent CD information</Text>
	<Text name="msg_import">Importer</Text>
	<Text name="msg_titlelist">Titelliste</Text>
	<Text name="msg_play">Afspil</Text>
	<Text name="msg_play_begin">Afspil fra Begyndelsen</Text>
	<Text name="msg_smove">Flyt</Text>
	<Text name="msg_disc_eject">Fjern disk</Text>
	<Text name="msg_info">Information</Text>
	<Text name="msg_repeat">Gentag</Text>
	<Text name="msg_shuffle">Blande</Text>
	<Text name="msg_pause">Pause</Text>
	<Text name="msg_display">Gennemse</Text>
	<Text name="msg_volume_control">Volume Kontrol</Text>
	<Text name="msg_plus">+</Text>
	<Text name="msg_minus">-</Text>
	<Text name="msg_slideshow_with_icon">Slideshow </Text>
	<Text name="msg_fix_with_icon">OK </Text>
	<Text name="msg_folder_class_with_icon">Gruper Indhold </Text>
	<Text name="msg_option_with_icon">: Valgmuligheder</Text>
	<Text name="msg_help_start">: Start</Text>
	<Text name="msg_copy_psplus_with_icon">Kopier </Text>
	<Text name="msg_copy_plural_psplus_with_icon">Kopier Flere </Text>
	<Text name="msg_savedata_auto_upload_psplus_with_icon">Automatisk upload af gemte data </Text>
	<Text name="msg_icon_start"></Text>
	<Text name="msg_info_none">-</Text>
	<Text name="msg_format">Format</Text>
	<Text name="msg_size">Størrelse</Text>
	<Text name="msg_space">Ledig Plads</Text>
	<Text name="msg_shoot_date">Filmet</Text>
	<Text name="msg_updated_date">Opdateret</Text>
	<Text name="msg_corrupted_data">Defekt Data</Text>
	<Text name="msg_unsupported_data">Ikke understøttet data</Text>
	<Text name="msg_folder">Mappe</Text>
	<Text name="msg_resolution">Opløsning</Text>
	<Text name="msg_multiply">%1 x %2</Text>
	<Text name="msg_image">Billede</Text>
	<Text name="msg_image_count">Billeder</Text>
	<Text name="msg_camera">Optageenhed</Text>
	<Text name="msg_album">Album</Text>
	<Text name="msg_genre">Genre</Text>
	<Text name="msg_artist">Kunstner</Text>
	<Text name="msg_imported_size">Størrelse efter Import</Text>
	<Text name="msg_size_counting">Beregner...</Text>
	<Text name="msg_sale_year">Udkommet</Text>
	<Text name="msg_play_time">Længde</Text>
	<Text name="msg_comment">Kommentar</Text>
	<Text name="msg_samplingfrequency">Sampling-Hastighed</Text>
	<Text name="msg_disc_number">Disknummer</Text>
	<Text name="msg_track_count">Spor</Text>
	<Text name="msg_track_number">Spornummer</Text>
	<Text name="msg_track">Spor</Text>
	<Text name="msg_bpm">BPM</Text>
	<Text name="msg_codec">Codec</Text>
	<Text name="msg_lastplay_datetime">Sidst spillet</Text>
	<Text name="msg_ch">Kanal</Text>
	<Text name="msg_various_artists">Forskellige kunstnere</Text>
	<Text name="msg_imported_date">Importeret</Text>
	<Text name="msg_created_date">Filmet</Text>
	<Text name="msg_start_date">Begynder</Text>
	<Text name="msg_expiration_date">Udløber</Text>
	<Text name="msg_remaining_time">Timer tilbage</Text>
	<Text name="msg_play_count">Antal afspilninger</Text>
	<Text name="msg_file_number">Filnummer</Text>
	<Text name="msg_title">Titel</Text>
	<Text name="msg_subtitle">Undertitel</Text>
	<Text name="msg_disc_type">Disktype</Text>
	<Text name="msg_disc_protect">Adgangskodelås</Text>
	<Text name="msg_title_count">Titler</Text>
	<Text name="msg_video_codec">Video Codec</Text>
	<Text name="msg_audio_codec">Audio Codec</Text>
	<Text name="msg_file_type">Filtype</Text>
	<Text name="msg_mediaserver">Medieserver</Text>
	<Text name="msg_dlna_date_time">Dato og tid</Text>
	<Text name="msg_produced_date">Produceret</Text>
	<Text name="msg_info_valid_from">Begynder</Text>
	<Text name="msg_info_valid_to">Udløber</Text>
	<Text name="msg_magicgate">MagicGate™</Text>
	<Text name="msg_mg_supported">Understøttet</Text>
	<Text name="msg_mg_not_supported">Ikke understøttet</Text>
	<Text name="msg_info_unknown">Ukendt</Text>
	<Text name="msg_savedata_count">Gemmer</Text>
	<Text name="msg_model">Model</Text>
	<Text name="msg_can_play_only_for_variable_hours">(Bemærk venligst, at indholdet kun kan afspilles igen inden for %1 time efter første playback.)</Text>
	<Text name="msg_can_play_only_for_variable_hours_game">(Bemærk, at indholdet kun kan afspilles inden for %1 minutter efter den første start-up.)</Text>
	<Text name="msg_video_description">Beskrivelse</Text>
	<Text name="msg_copyright">Copyright Information</Text>
	<Text name="msg_owner">Køber</Text>
	<Text name="msg_all_use_content_delete_cannot_use">Dette indhold kan bruges af andre brugere end køberne af indholdet. Men hvis alle købere slettes, vil det ikke længere være muligt at bruge indholdet.</Text>
	<Text name="msg_need_save_psn_pw_other_owner_use_content">Dette indhold kan bruges af andre brugere end køberne af indholdet. Brugerens Sony Entertainment Network-adgangskode skal dog være gemt på systemet, for at andre brugere kan få adgang til indholdet.</Text>
	<Text name="msg_jpeg">JPEG</Text>
	<Text name="msg_gif">GIF</Text>
	<Text name="msg_png">PNG</Text>
	<Text name="msg_tiff">TIFF</Text>
	<Text name="msg_bmp">BMP</Text>
	<Text name="msg_mpo">MPO (MP Format)</Text>
	<Text name="msg_aac_kbps">AAC %1 kbps</Text>
	<Text name="msg_mp3_kpbs">MP3 %1 kbps</Text>
	<Text name="msg_atrac_kbps">ATRAC %1 kbps</Text>
	<Text name="msg_wma_kbps">WMA %1 kbps</Text>
	<Text name="msg_lpcm_bit_ch">Linear PCM  %1 Bit  %2 Kan.</Text>
	<Text name="msg_non_lpcm">Non-linear PCM %1 kbps</Text>
	<Text name="msg_dsd_ch">DSD %1 kan.</Text>
	<Text name="msg_dolby">Dolby Digital</Text>
	<Text name="msg_mpeg1">MPEG-1</Text>
	<Text name="msg_mpeg2">MPEG-2</Text>
	<Text name="msg_mpeg2_ts">MPEG-2 TS</Text>
	<Text name="msg_mpeg4">MPEG-4</Text>
	<Text name="msg_mpeg_layer1">MPEG Layer 1</Text>
	<Text name="msg_mpeg_layer2">MPEG Layer 2</Text>
	<Text name="msg_mpeg_layer3">MPEG Layer 3</Text>
	<Text name="msg_avc">AVC</Text>
	<Text name="msg_motion_jpeg">Motion JPEG</Text>
	<Text name="msg_divx">DivX®</Text>
	<Text name="msg_wmv">VC-1 (WMV)</Text>
	<Text name="msg_mpeg1_mbps">MPEG-1 %1 Mbps</Text>
	<Text name="msg_mpeg2_mbps">MPEG-2 %1 Mbps</Text>
	<Text name="msg_mpeg2_ts_mbps">MPEG-2 TS %1 Mbps</Text>
	<Text name="msg_mpeg4_mbps">MPEG-4 %1 Mbps</Text>
	<Text name="msg_avc_kbps">AVC %1 kbps</Text>
	<Text name="msg_khz">%1 kHz</Text>
	<Text name="msg_kbps">%1 kbps</Text>
	<Text name="msg_mbps">%1 Mbps</Text>
	<Text name="msg_ch_2">2 kan.</Text>
	<Text name="msg_multi_ch">Multi-kanal</Text>
	<Text name="msg_power_off_console">Sluk systemet</Text>
	<Text name="msg_turnoff_system_ask">Ønsker du at slukke systemet?</Text>
	<Text name="msg_after_background_download_auto_turn_off">Sluk systemet automatisk efter download i baggrunden</Text>
	<Text name="msg_slot_assign">Tildel plads</Text>
	<Text name="msg_slot1">Slot 1</Text>
	<Text name="msg_slot2">Slot 2</Text>
	<Text name="msg_eject">Slet</Text>
	<Text name="msg_user_name">Brugernavn</Text>
	<Text name="msg_need_quit_to_operate_ask">For at udføre denne handling skal [%1] afsluttes.
Ønsker du at afslutte dette software nu?</Text>
	<Text name="msg_error_hdd_full_perform_operation">Der er ikke nok ledig plads på systemlageret.
For at udføre denne handling, er der behov for mindst %1 mere ledig plads.</Text>
	<Text name="msg_content_already_copied">Dette indhold er måske allerede kopieret.</Text>
	<Text name="msg_save_newly">Gem ny</Text>
	<Text name="msg_original_content">Eksisterende indhold</Text>
	<Text name="msg_new_content">Nyt indhold</Text>
	<Text name="msg_save_destination_select">Vælg Destination.</Text>
	<Text name="msg_error_no_storagemedia">Forbind lagringsmediet i lagringsdestinationen.</Text>
	<Text name="msg_ps3_photo">Systemlager (Foto)</Text>
	<Text name="msg_ps3_video">Systemlager (Video)</Text>
	<Text name="msg_ps3_music">Systemlager (Musik)</Text>
	<Text name="msg_folder_name">Mappenavn</Text>
	<Text name="msg_same_name_file">Der findes en fil med samme navn på Lagringsdestinationen.</Text>
	<Text name="msg_different_name_save">Gendøb og Gem</Text>
	<Text name="msg_overwrite_save">Overskriv og Gem</Text>
	<Text name="msg_save_no">Gem Ikke</Text>
	<Text name="msg_save_yes">Gem</Text>
	<Text name="msg_apply_all">Gælder for Alle</Text>
	<Text name="msg_select_all">Vælg alle</Text>
	<Text name="msg_deselect_all">Slet alle</Text>
	<Text name="msg_copying">Kopierer...
Vent venligst.</Text>
	<Text name="msg_copied">Kopiering udført.</Text>
	<Text name="msg_copy_incomplete_ms_ask">Der er ikke nok ledig plads på Memory Stick™. Kopieringshandlingen kan muligvis ikke foretages korrekt.
Ønsker du at fortsætte?</Text>
	<Text name="msg_copy_incomplete_sd_ask">Der er ikke nok ledig plads på SD Memory Card. Kopieringshandlingen kan muligvis ikke foretages korrekt.
Ønsker du at fortsætte?</Text>
	<Text name="msg_copy_incomplete_cf_ask">Der er ikke nok ledig plads på CompactFlash®. Kopieringshandlingen kan muligvis ikke foretages korrekt.
Ønsker du at fortsætte?</Text>
	<Text name="msg_copy_incomplete_usb_ask">Der er ikke nok ledig plads på USB-enheden. Kopieringshandlingen kan muligvis ikke foretages korrekt.
Ønsker du at fortsætte?</Text>
	<Text name="msg_copy_incomplete_hdd_ask">Der er ikke nok ledig plads på systemlageret. Kopieringshandlingen kan muligvis ikke foretages korrekt.
Ønsker du at fortsætte?</Text>
	<Text name="msg_copy_incomplete">Der er ikke nok ledig plads. Kopieringshandlingen blev ikke gennemført.</Text>
	<Text name="msg_completed_count">Udført</Text>
	<Text name="msg_copy_cancel_ask">Ønsker du at afbryde handlingen?</Text>
	<Text name="msg_error_content_over_copy">Det maksimale antal af indholdsenheder er opnået. Kopieringshandlingen blev ikke udført.</Text>
	<Text name="msg_copied_delete_content_saved_ps3_ask">Kopi fuldendt.
Vil du slette det eksisterende indhold der er gemt på PS3™ systemet?</Text>
	<Text name="msg_sure_to_delete_ask">Er du sikker på ønsker du at slette dette?</Text>
	<Text name="msg_deleting">Sletter...
Vent venligst.</Text>
	<Text name="msg_deleted">Sletning udført.</Text>
	<Text name="msg_cannot_delete_folder_on_this_system">Mappen kan ikke slettes ved anvendelse af dette system.</Text>
	<Text name="msg_change_upfolder">Flyt til Mappe ovenover</Text>
	<Text name="msg_create_newfolder">Lav ny Mappe</Text>
	<Text name="msg_folder_name_new">Ny Mappe %1</Text>
	<Text name="msg_error_no_folder">Der er ingen Mappe.</Text>
	<Text name="msg_wait">Vent venligst...</Text>
	<Text name="msg_error">Der er opstået en fejl.</Text>
	<Text name="msg_error_corrupted_data">Data er defekt.</Text>
	<Text name="msg_error_unsupported_data">Datatypen er ikke understøttet.</Text>
	<Text name="msg_error_copy">Der er opstået en fejl under kopieringshandlingen.</Text>
	<Text name="msg_error_del">Der er opstået en fejl under slettehandlingen.</Text>
	<Text name="msg_error_no_name">Intet navn er blevet indtastet.
Indtast et navn med mindst 1 tegn.</Text>
	<Text name="msg_error_ms_full">Der er ikke nok ledig plads på Memory Stick™.</Text>
	<Text name="msg_error_ms_locked">Memory Stick™ er låst.</Text>
	<Text name="msg_error_ms_no_access">Adgang til Memory Stick™ er ikke mulig.</Text>
	<Text name="msg_error_ms_no_read">Memory Stick™ kan ikke læses.</Text>
	<Text name="msg_error_no_ms">Der er ingen Memory Stick™ indsat.</Text>
	<Text name="msg_error_sd_full">Der er ikke nok ledig plads på SD Memory Card.</Text>
	<Text name="msg_error_sd_locked">SD Memory Card er låst.</Text>
	<Text name="msg_error_sd_no_access">Adgang til SD Memory Card er ikke mulig.</Text>
	<Text name="msg_error_sd_no_read">SD Memory Card kan ikke læses.</Text>
	<Text name="msg_error_no_sd">Der er ingen SD Memory Card indsat.</Text>
	<Text name="msg_error_cf_full">Der er ikke nok ledig plads på CompactFlash®.</Text>
	<Text name="msg_error_cf_locked">CompactFlash®er låst.</Text>
	<Text name="msg_error_cf_no_access">Adgang til Compact Flash® er ikke mulig.</Text>
	<Text name="msg_error_cf_no_read">CompactFlash® kan ikke læses.</Text>
	<Text name="msg_error_no_cf">Der er ingen CompactFlash® indsat.</Text>
	<Text name="msg_error_usb_full">Der er ikke nok ledig plads på USB-enheden.</Text>
	<Text name="msg_error_usb_locked">USB-enheden er låst.</Text>
	<Text name="msg_error_usb_no_access">Adgang til USB-enheden er ikke mulig.</Text>
	<Text name="msg_error_usb_no_read">USB-enheden kan ikke læses.</Text>
	<Text name="msg_error_no_usb">Der er ingen USB-enhed indsat.</Text>
	<Text name="msg_error_hdd_full">Der er ikke nok ledig plads på systemlageret.</Text>
	<Text name="msg_error_hdd_no_access">Adgang til systemlageret er ikke mulig.</Text>
	<Text name="msg_error_no_signin">Du skal logge ind på PlayStation®Network.</Text>
	<Text name="msg_error_no_signup">Du skal oprette en Sony Entertainment Network konto.</Text>
	<Text name="msg_icon_image_select">Vælg et billede til brug som et ikon.</Text>
	<Text name="msg_icon_change_albumtrack_ask1">Ikoner til alle spor i albummet vil blive ændret.
Ønsker du at fortsætte?</Text>
	<Text name="msg_cannot_display_all_mediaserver">Der er for mange mediaservere.
Nogle mediaservere vil ikke blive vist.</Text>
	<Text name="msg_scan_mediaserver">Søg efter mediaservere</Text>
	<Text name="msg_not_allowed_access_confirm_pls">Adgang til mediaserveren er ikke tilladt. Det er muligt at systemnavnet på dette PS3™ system, "%1", ikke er registreret.
Check indstillingerne på mediaserveren.</Text>
	<Text name="msg_playlists">Spillelister</Text>
	<Text name="msg_playlist_pane">Spilleliste</Text>
	<Text name="msg_create_new_playlist">Lav ny spilleliste</Text>
	<Text name="msg_to_add_content_playlist_select_edit">Vælg [Rediger] fra valgmenuen for at tilføje nyt indhold til denne spilleliste.</Text>
	<Text name="msg_error_cannot_edit_playlist_no_track">Der er ingen spor på systemlageret. Spillelisten kan ikke redigeres.</Text>
	<Text name="msg_error_cannot_edit_playlist_no_image">Der er ingen billeder på systemlageret. Spillelisten kan ikke redigeres.</Text>
	<Text name="msg_error_same_name_cannot_use">Det navn er allerede anvendt.
Indtast et nyt navn.</Text>
	<Text name="msg_error_no_content">Der er ingen indholdsenheder.</Text>
	<Text name="msg_add_to_playlist">Tilføj til spilleliste</Text>
	<Text name="msg_add_playlist">Tilføj</Text>
	<Text name="msg_add_all_playlist">Tilføj alt</Text>
	<Text name="msg_delete_playlist_ask">Spillelisten slettes.
Er du sikker på ønsker du at fortsætte?</Text>
	<Text name="msg_error_startdate_video">Indholdet er ikke tilgængeligt før startdatoen.</Text>
	<Text name="msg_error_expired_video">Indholdet er udløbet og er ikke længere tilgængeligt.</Text>
	<Text name="msg_info_no_time_limit">Ingen tidsbegrænsning</Text>
	<Text name="msg_info__expired">Udløbet</Text>
	<Text name="msg_expires_on_variable">Udløber %1</Text>
	<Text name="msg_error_timelimited_video"><![CDATA[Dette indhold har en tidsbegrænsning.
For at afspille, gå til [Indstillinger] > [Dato og tidsindstillinger] > [Dato og Tid] og vælg [Indstil via Internet] til at sætte klokkeslet og dato.]]></Text>
	<Text name="msg_can_play_variable_first_play_now_ask">Dette indhold kan kun afspilles i %1 timer efter den første afspilning.
Ønsker du at afspille det nu?</Text>
	<Text name="msg_del_content_cannot_dl_again_conf_psn">Indholdet bliver slettet, og kan ikke downloades igen.
Er du sikker på, at du ønsker at fortsætte?</Text>
	<Text name="msg_to_enable_setting_enable_auto_login">Ændringerne du lavede, har deaktiveret de følgende indstillinger.
%1

For at aktivere disse indstillinger, skal du sætte en bruger til at logge på automatisk under [Brugere]. For information om indstilling af automatisk log på henvises til online manualen.</Text>
	<Text name="msg_to_enable_setting_enable_auto_signin">Ændringerne du lavede, har deaktiveret de følgende indstillinger.
%1

For at aktivere disse indstillinger, skal du indstille til at logge ind automatisk på PlayStation®Network. For oplysninger om opsætning af automatisk log-ind, henvises til online manualen.</Text>
	<Text name="msg_remoteplay_remote_start"><![CDATA[[Indstillinger] > [Remote Play indstillinger] > [Remote Start]]]></Text>
	<Text name="msg_console_setting_auto_download"><![CDATA[[Indstillinger] > [Systemindstillinger] > [Automatisk opdatering]]]></Text>
	<Text name="msg_lang_japan">Japansk</Text>
	<Text name="msg_lang_english">Engelsk</Text>
	<Text name="msg_lang_french">Fransk</Text>
	<Text name="msg_lang_spanish">Spansk</Text>
	<Text name="msg_lang_german">Tysk</Text>
	<Text name="msg_lang_italian">Italiensk</Text>
	<Text name="msg_lang_dutch">Hollansk</Text>
	<Text name="msg_lang_portuguese">Portugesisk</Text>
	<Text name="msg_lang_russian">Russisk</Text>
	<Text name="msg_lang_polish">Polsk</Text>
	<Text name="msg_lang_finnish">Finsk</Text>
	<Text name="msg_lang_danish">Dansk</Text>
	<Text name="msg_lang_norwegian">Norsk</Text>
	<Text name="msg_lang_swedish">Svensk</Text>
	<Text name="msg_lang_turkish">Tyrkisk</Text>
	<Text name="msg_lang_korean">Koreansk</Text>
	<Text name="msg_lang_chinese_t">Kinesisk (traditionelt)</Text>
	<Text name="msg_lang_chinese_s">Kinesisk (forenklet)</Text>
	<Text name="msg_lpcm">Linear PCM</Text>
	<Text name="msg_display_on">Vis</Text>
	<Text name="msg_display_off">Vis ikke</Text>
	<Text name="msg_macaddress">MAC adresse</Text>
	<Text name="msg_ipaddress">IP adresse</Text>
	<Text name="msg_atrac_not_activated_set_pls"><![CDATA[ATRAC er ikke sat til.
Gå til [Indstillinger] > [Systemindstillinger] for at sætte ATRAC til.]]></Text>
	<Text name="msg_backup">Sikkerhedskopier</Text>
	<Text name="msg_restore">Gendan</Text>
	<Text name="msg_audio_device_setting">Audioenhedsindstillinger</Text>
	<Text name="msg_print">Udskriv</Text>
	<Text name="msg_manufacturer">Producent</Text>
	<Text name="msg_10min">Efter 10 minutter</Text>
	<Text name="msg_20min">Efter 20 minutter</Text>
	<Text name="msg_30min">Efter 30 minutter</Text>
	<Text name="msg_remain_time">Resterende tid</Text>
	<Text name="msg_others">Andre</Text>
	<Text name="msg_level_1">Niveau 1</Text>
	<Text name="msg_level_2">Niveau 2</Text>
	<Text name="msg_level_3">Niveau 3</Text>
	<Text name="msg_level_4">Niveau 4</Text>
	<Text name="msg_level_5">Niveau 5</Text>
	<Text name="msg_level_6">Niveau 6</Text>
	<Text name="msg_level_7">Niveau 7</Text>
	<Text name="msg_level_8">Niveau 8</Text>
	<Text name="msg_level_9">Niveau 9</Text>
	<Text name="msg_level_10">Niveau 10</Text>
	<Text name="msg_level_11">Niveau 11</Text>
	<Text name="msg_gameetc_pc">Forældrekontrol</Text>
	<Text name="msg_netservice">PlayStation®Network</Text>
	<Text name="msg_error_server_connect_timeout">Der er time out på forbindelsen til serveren.</Text>
	<Text name="msg_cannot_operate_in_demonstration_mode">Denne handling kan ikke anvendes i demostrationstilstand.</Text>
	<Text name="msg_tool_install_file"><![CDATA[★ Install Package Files]]></Text>
	<Text name="msg_tool_app_home_ps3_game"><![CDATA[★ /app_home/PS3_GAME/]]></Text>
	<Text name="msg_tool_title_store_preview">Title Store Preview</Text>
	<Text name="msg_tool_title_store_preview_ingame"><![CDATA[★ Title Store Preview (inGame)]]></Text>
	<Text name="msg_tool_title_store_preview_store"><![CDATA[★ Title Store Preview (Store)]]></Text>
	<Text name="msg_tool_lock"><![CDATA[★ Lock]]></Text>
	<Text name="msg_tool_unlock"><![CDATA[★ Unlock]]></Text>
	<Text name="msg_tool_check"><![CDATA[★ Check]]></Text>
	<Text name="msg_tool_cancel_purchase"><![CDATA[★ Cancel Purchase]]></Text>
	<Text name="msg_tool_del"><![CDATA[★ Delete]]></Text>
	<Text name="msg_tool_import"><![CDATA[★ Import]]></Text>
	<Text name="msg_tool_export"><![CDATA[★ Export]]></Text>
	<Text name="msg_tool_quick_sign_up"><![CDATA[★ Quick Sign Up]]></Text>
	<Text name="msg_tool_performance_bar"><![CDATA[★ Performance Bar]]></Text>
	<Text name="msg_tool_no_memory_limit"><![CDATA[★ No Memory Limit]]></Text>
	<Text name="msg_tool_quick_preview"><![CDATA[★ Quick Preview]]></Text>
	<Text name="msg_tool_owner_info"><![CDATA[★ Owner Information]]></Text>
	<Text name="msg_no_trophy">There are no trophies.</Text>
	<Text name="msg_bdu_software">Software</Text>
	<Text name="msg_digitalcamera_image">Digitalkamera billeder</Text>
	<Text name="msg_del_image_ask">Billedet vil blive slettet.
Er du sikker på ønsker du at fortsætte?</Text>
	<Text name="msg_del_images_ask">De valgte billeder vil blive slettet.
Er du sikker på ønsker du at fortsætte?</Text>
	<Text name="msg_del_camerafolder_ask">Mappen og alle billederne i mappen, inklusiv beskyttede billeder, vil blive slettet.
Er du sikker på ønsker du at fortsætte?</Text>
	<Text name="msg_del_image_protected_ask">Dette billede er beskyttet.
Er du sikker på ønsker du at slette dette billede?</Text>
	<Text name="msg_del_imagefolder_ask">Mappen og alle billederne i mappen, vil blive slettet.
Er du sikker på ønsker du at fortsætte?</Text>
	<Text name="msg_error_del_imagefolder">Sletningen mislykkedes.
Mappen indeholder andre datatyper end billeder.</Text>
	<Text name="msg_del_image_select">Vælg billeder, som skal slettes.</Text>
	<Text name="msg_copy_image_select">Vælg billeder, som skal kopieres.</Text>
	<Text name="msg_error_no_image_copy">Der er ingen billeder som kan kopieres.</Text>
	<Text name="msg_error_no_image">Der er ingen billeder.</Text>
	<Text name="msg_mmyyyy_jan">Jan%1</Text>
	<Text name="msg_mmyyyy_feb">Feb%1</Text>
	<Text name="msg_mmyyyy_mar">Mar%1</Text>
	<Text name="msg_mmyyyy_apr">Apr%1</Text>
	<Text name="msg_mmyyyy_may">Maj%1</Text>
	<Text name="msg_mmyyyy_jun">Jun%1</Text>
	<Text name="msg_mmyyyy_jul">Jul%1</Text>
	<Text name="msg_mmyyyy_aug">Aug%1</Text>
	<Text name="msg_mmyyyy_sep">Sept%1</Text>
	<Text name="msg_mmyyyy_oct">Okt%1</Text>
	<Text name="msg_mmyyyy_nov">Nov%1</Text>
	<Text name="msg_mmyyyy_dec">Dec%1</Text>
	<Text name="msg_yyyy">%1</Text>
	<Text name="msg_slideshow_type1">Lysbillede</Text>
	<Text name="msg_slideshow_type2">Portræt</Text>
	<Text name="msg_slideshow_type3">Fotoalbum</Text>
	<Text name="msg_slideshow_type4">Fotoalbum 2</Text>
	<Text name="msg_piccto_explanation">Opret et sted, hvor du kan nyde og forbedre dine fotos.
Lav dine fotos på PS3™-systemet om til flotte albums på få minutter.
Du kan sortere dine fotos efter emner, tilføje musik for at forbedre et slideshow, eller tilføje brugerdefinerede rammer til dine fotos. Jo flere fotos, du tilføjer, desto mere sjov kan du have - mulighederne er uendelige!</Text>
	<Text name="msg_piccto_explanation_sd">Opret et sted, hvor du kan nyde og forbedre dine fotos.
Lav dine fotos på PS3™-systemet om til flotte albums på få minutter.</Text>
	<Text name="msg_cddbdata_getting">Indhenter CD information...
Vent venligst.</Text>
	<Text name="msg_cddbdata_pluralfound_select">Flere CD informationenheder blev fundet.
Vælg den passende CD information.</Text>
	<Text name="msg_cddbdata_send">Send CD-information</Text>
	<Text name="msg_cddbdata_sending">Sender CD-informationer...
Vent venligst.</Text>
	<Text name="msg_select_import">Importer flere</Text>
	<Text name="msg_select_import_pls">Vælg numre der skal importeres.</Text>
	<Text name="msg_copy_track_select">Vælg numre til kopiering.</Text>
	<Text name="msg_del_track_protected_ask">Dette spor er beskyttet.
Er du sikker på ønsker du at slette dette spor?</Text>
	<Text name="msg_del_folder_track_protected_ask">Mappen og alle spor i mappen, inklusiv beskyttede spor, vil blive slettet.
Er du sikker på ønsker du at fortsætte?</Text>
	<Text name="msg_cannot_copy_protected_truck">Copyright-beskyttede numre vil ikke blive kopieret.</Text>
	<Text name="msg_copied_except_copyright_protected_track">Kopiering udført.
Copyright-beskyttede numre kunne ikke kopieres.</Text>
	<Text name="msg_del_track_select">Vælg numre til sletning.</Text>
	<Text name="msg_del_track_ask">Er du sikker på ønsker du at slette dette nummer?</Text>
	<Text name="msg_del_tracks_ask">Er du sikker på ønsker du at slette det valgte nummer?</Text>
	<Text name="msg_del_trackfolder_ask">Folderen og alle numre i mappen vil blive slettet.
Er du sikker på ønsker du at fortsætte?</Text>
	<Text name="msg_error_del_trackfolder_different">Mappen kunne ikke slettes.
Mappen indeholder andre datatyper end musikdata.</Text>
	<Text name="msg_importing">Importerer...
Vent venligst.</Text>
	<Text name="msg_import_cancel_ask">Ønsker du at afbryde importeringen?</Text>
	<Text name="msg_imported">Importeringen udført.</Text>
	<Text name="msg_error_import">Der opstod en fejl under importeringen.</Text>
	<Text name="msg_error_track_over">Det maksimale antal af numre som kan gemmes er opnået.
Importeringen blev stoppet.</Text>
	<Text name="msg_error_no_trackfolder_copy">Der er ingen numre som kan kopieres.</Text>
	<Text name="msg_error_copyright_track">De copyright-beskyttelse informationer er ugyldige.</Text>
	<Text name="msg_changedinfo_save_music_ask">Ønsker du at gemme den reviderede information?
Revideret indhold vil blive tilført alle numre i folderen.</Text>
	<Text name="msg_error_no_track">Der er ingen numre.</Text>
	<Text name="msg_error_no_nexttrack">Der er ingen numre tilgængelig.</Text>
	<Text name="msg_error_no_prevtrack">Der er ingen numre tilgængelig.</Text>
	<Text name="msg_track_number_value">Spor %1</Text>
	<Text name="msg_digitalcamera_video">Filmer fra digitalkamera</Text>
	<Text name="msg_psstore_video_offline_explanation_sd">PlayStation®Store er det eneste sted at leje eller eje de nyeste film til dine PS3™-, PS Vita- og PSP™-systemer.
Besøg PlayStation®Store i dag.</Text>
	<Text name="msg_psstore_video_offline_explanation_hd">PlayStation®Store er det eneste sted at leje eller eje de nyeste film til dine PS3™-, PS Vita- og PSP™-systemer.
Besøg PlayStation®Store i dag.</Text>
	<Text name="msg_error_no_title">Der er ingen titler.</Text>
	<Text name="msg_error_title_over">Det maksimale antal af titler som kan gemmes er opnået.</Text>
	<Text name="msg_copy_title_select">Vælg titlerne der skal kopieres.</Text>
	<Text name="msg_copy_titlefolder2">Copyright-beskyttede titler vil ikke blive kopieret.</Text>
	<Text name="msg_error_no_title_copy">Der er ingen titler som kan kopieres.</Text>
	<Text name="msg_error_magicgate_device_required">En USB-enhed, som er kompatibel med copyright-beskyttede enheder, er påkrævet for at udføre denne handling.</Text>
	<Text name="msg_copied_except_copyright_protected_title">Kopiering udført.
Copyright-beskyttede titler kunne ikke kopieres.</Text>
	<Text name="msg_title_number_value">Titel %1</Text>
	<Text name="msg_smove_destination_select">Vælg en destination.</Text>
	<Text name="msg_smoving">Flytter...
Vent venligst.</Text>
	<Text name="msg_smove_cancel_ask">Ønsker du at afbryde flytningen?</Text>
	<Text name="msg_smoved">Flytning udført.</Text>
	<Text name="msg_error_smove">Der opstod en fejl under flytningen.</Text>
	<Text name="msg_error_move_mspro">Flytningen kan ikke gennemføres.
For at flytte denne titel skal du først anvende Memory Stick PRO™.</Text>
	<Text name="msg_del_title_select">Vælg den titel som skal slettes.</Text>
	<Text name="msg_del_title_ask">Titlen vil blive slettet.
Er du sikker på at du ønsker at fortsætte?</Text>
	<Text name="msg_del_titles_ask">De valgte titler vil blive slettet.
Er du sikker på ønsker du at fortsætte?</Text>
	<Text name="msg_del_titlefolder_ask">Mappen og alle titlerne i mappen vil blive slettet.
Er du sikker på ønsker du at fortsætte?</Text>
	<Text name="msg_del_camerafolder_video_ask">Mappen og alle titler i mappen, inklusiv beskyttede titler, vil blive slettet.
Er du sikker på ønsker du at fortsætte?</Text>
	<Text name="msg_del_title_protected_ask">Denne titel er beskyttet.
Er du sikker på ønsker du at slette denne titel?</Text>
	<Text name="msg_error_del_movie_folder">Mappen kunne ikke slettes.
Mappen indeholder andre datatyper end videodata.</Text>
	<Text name="msg_error_smove_prohibit">Denne titel kan ikke flyttes.</Text>
	<Text name="msg_corrupted_copyright">Informationerne om copyright-beskyttelse  er korumperet og vil blive genoprettet.</Text>
	<Text name="msg_error_corrupted_copyright">Der opstod en fejl under restaurationen af information om copyright-beskyttelse.</Text>
	<Text name="msg_error_no_execute">Denne handling er ikke tilgængelig her.</Text>
	<Text name="msg_video_editor_and_upload">Videoredigering og -uploader</Text>
	<Text name="msg_video_editor_explanation">Du kan redigere en video, du synes om, uploade den til et videodelingswebsted, og derefter invitere dine venner til at se videoen.</Text>
	<Text name="msg_create_new_video">Opret ny video</Text>
	<Text name="msg_del_content_ask">Indholdet vil blive slettet.
Er du sikker på, at du ønsker at fortsætte?</Text>
	<Text name="msg_error_create_content_number_over">Det maksimale antal af indholdsenheder, som kan oprettes, er blevet opnået.</Text>
	<Text name="msg_backup_data_utility">Redskab til sikkerhedskopiering af data</Text>
	<Text name="msg_bd_data_utility">BD-dataredskab</Text>
	<Text name="msg_common_cache_data">Fælles cachedata</Text>
	<Text name="msg_bd_data_delete_ask">BD-data vil blive slettet.
Er du sikker på ønsker du at fortsætte?</Text>
	<Text name="msg_service_coming_soon">Denne tjeneste kommer snart.</Text>
	<Text name="msg_service_app_install_folder">Mine kanaler</Text>
	<Text name="msg_vita_application_utility">PS Vita-system programredskab</Text>
	<Text name="msg_applications_vita">Programmer (PS Vita)</Text>
	<Text name="msg_applications_psp_other">Programmer (PSP™/andet)</Text>
	<Text name="msg_applications_ps1">Programmer (PS)</Text>
	<Text name="msg_applications_psm">Programmer (PlayStation®Mobile)</Text>
	<Text name="msg_gamedata_utility">Værktøj til spildata</Text>
	<Text name="msg_savedata_utility_ps3">Værktøj til gemte data (PS3™)</Text>
	<Text name="msg_savedata_utility_ps2">Værktøj til gemte data (PS2)</Text>
	<Text name="msg_savedata_utility_minis_psp">Værktøj til gemte data (minis/PSP™)</Text>
	<Text name="msg_savedata_utility_psp_emu_psp">Værktøj til gemte data (PSP™ Remaster/PSP™)</Text>
	<Text name="msg_savedata_utility_minis_psp_emu_psp">Værktøj til gemte data (minis/PSP™ Remaster/PSP™)</Text>
	<Text name="msg_memory_card_utility">Memory Card værktøj</Text>
	<Text name="msg_content_pc">Forældrekontrolleret begrænset indhold</Text>
	<Text name="msg_ps1_gamedisc">PlayStation® format disk</Text>
	<Text name="msg_ps2_gamedisc">PlayStation®2 format disk</Text>
	<Text name="msg_ps2_format_software">PlayStation®2 Formateret Software</Text>
	<Text name="msg_playstation">PlayStation®</Text>
	<Text name="msg_playstation2">PlayStation®2</Text>
	<Text name="msg_playstation3">PlayStation®3</Text>
	<Text name="msg_minis">minis</Text>
	<Text name="msg_psp_emu">PSP™ Remaster</Text>
	<Text name="msg_pc_engine">PCEngine</Text>
	<Text name="msg_neogeo">NEOGEO</Text>
	<Text name="msg_cannot_start_unless_install_install_ask">Dette spil kan ikke startes med mindre det installeres på systemlageret.
Ønsker du at begynde installeringen?</Text>
	<Text name="msg_psstore_game_offline_explanation_sd">PlayStation®Store er fyldt med eksklusivt spil, der kan downloades, GRATIS PS3™-demoer, tilføjelsespakker og videoer.

Besøg butikken i dag!</Text>
	<Text name="msg_psstore_game_offline_explanation_hd">PlayStation®Store med GRATIS* adgang er det eneste sted, hvor du kan downloade nye og eksklusivt PS3™-spil, gratis* demoer, der kan spilles, tilføjelsespakker og videoer i høj opløsning.

Få mere til din PS3™ ved at besøge PlayStation®Store i dag.

* Kræver en bredbåndsforbindelse til internettet.</Text>
	<Text name="msg_disc_benefit">Diskfordele</Text>
	<Text name="msg_select_receive_disc_benefit">Vælg denne mulighed for at få diskfordelene.</Text>
	<Text name="msg_only_for_psp_need_copy_ask">Du kan bruge dette indhold på et PSP™-system.
Ønsker du at kopiere det til et PSP™-system?</Text>
	<Text name="msg_error_cannot_use_content_download_again_copy_can_use"><![CDATA[Dette indhold er ikke tilgængeligt.
Log ind med den konto, som blev brugt til at købe dette indhold, og vælg derefter [Gennemse downloads] under [PlayStation®Network] > [PlayStation®Store] for at downloade indholdet igen.
For at bruge dette indhold skal du downloade og derefter kopiere det til en enhed, der understøtter brugen af det.]]></Text>
	<Text name="msg_when_use_content_on_vita_hint">Hvis indholdet bruges på et PS Vita-system, skal du forbinde PS Vita-systemet ved hjælp af et USB-kabel og derefter starte [Indholdsadministrator] på PS Vita-systemet.</Text>
	<Text name="msg_error_cannot_play_ps2_format">Denne model af PS3™ systemet er ikke kompatibel med PlayStation®2 formateret software.</Text>
	<Text name="msg_error_game_wrong_region">Denne software kan ikke startes på grund af regionale restriktioner.</Text>
	<Text name="msg_error_gamedisc_cannot_start">Denne disk kan ikke startes.</Text>
	<Text name="msg_error_game_start_failure">Der er opstået en fejl ved opstarten.</Text>
	<Text name="msg_current_systemsoftware_update_ask">System softwaren på dit PS3™ system er version %1.
For at starte skal du opdatere til version %2 eller højere.
Ønsker du at opdatere nu?</Text>
	<Text name="msg_systemsoftware_update_ask">Du skal opdatere systemets software inden næste brug.</Text>
	<Text name="msg_game_start">Start</Text>
	<Text name="msg_about_game">Om dette spil</Text>
	<Text name="msg_about_game_ps3_content">Library programs ©Sony Computer Entertainment Inc. Licensed for play on the PlayStation®3 Computer Entertainment System or authorized PlayStation®3 format systems. For full terms and conditions see the user's manual. This product is authorized and produced under license from Sony Computer Entertainment Inc. Use is subject to the copyright laws and the terms and conditions of the user's license.</Text>
	<Text name="msg_game_update_history">Opdateringshistorik</Text>
	<Text name="msg_purchase">Køb</Text>
	<Text name="msg_savedata_auto_upload">Automatisk upload af gemte data</Text>
	<Text name="msg_installgame_delete_ask">Det installerede spil vil blive slettet.
Er du sikker på at du ønsker at fortsætte?</Text>
	<Text name="msg_error_no_savedata">Der er ingen gemte data.</Text>
	<Text name="msg_info_detail">Detaljer</Text>
	<Text name="msg_protection">Lås</Text>
	<Text name="msg_copy_prohibited">Kopiering forbudt</Text>
	<Text name="msg_error_history_auto_upload">Fejlhistorik (Automatisk upload)</Text>
	<Text name="msg_online_storage">Online lager</Text>
	<Text name="msg_online_storage_explanation">Lagrer gemte data online.
Udvid dine spillemuligheder ved at downloade dine gemte data til en vens PS3™-system for at fortsætte dit spil eller ved at sikkerhedskopiere dine data online.</Text>
	<Text name="msg_to_save_data_select_copy_option">For at gemme dine data i online lager, skal du vælge de data du ønsker at gemme, og derefter vælge [Kopier] i indstillingsmenuen.</Text>
	<Text name="msg_save_data_copy_prohibited_upload_explanation">Der er grænser for, hvor ofte du kan downloade disse gemte data fra online lager.
Du kan først downloade, når der er gået %1 timer efter sidste gang, du uploadede til eller downloadede fra online lager.
Du kan uploade til online lager når som helst.</Text>
	<Text name="msg_error_online_storage_full">Der er ikke nok ledig plads i online lageret.
For at kopiere skal du have mindst %1 mere plads.</Text>
	<Text name="msg_error_save_data_copy_prohibited_download">Du kan ikke downloade disse gemte data på nuværende tidspunkt.
Du kan kun downloade én gang for hver %1 timer.

Næste tilgængelige download:
%2</Text>
	<Text name="msg_vmc_ps1">Internt Memory Card (PS)</Text>
	<Text name="msg_vmc_ps2">Internt Memory Card (PS2)</Text>
	<Text name="msg_free_space_vmc_ps1">%1 / 120 KB</Text>
	<Text name="msg_free_space_vmc_ps2">%1 / 7998 KB</Text>
	<Text name="msg_category">Type</Text>
	<Text name="msg_savedata">Gemt data</Text>
	<Text name="msg_savedata_ps1">Gemt data (PlayStation®)</Text>
	<Text name="msg_savedata_ps2">Gemt data (PlayStation®2)</Text>
	<Text name="msg_application_ps2">Software (PlayStation®2)</Text>
	<Text name="msg_application_pocketstation">Software (PocketStation™)</Text>
	<Text name="msg_setting_file_ps2">Indstillingsfil (PlayStation®2)</Text>
	<Text name="msg_system_driver_ps2">Systemdriver (PlayStation®2)</Text>
	<Text name="msg_unknown_data">Ukendt</Text>
	<Text name="msg_vmc">Internt Memory Card</Text>
	<Text name="msg_error_no_vmc">Der er ingen interne memory cards.</Text>
	<Text name="msg_free_space_vmc_ps1_w_title">Ledig plads: %1 / 120 KB</Text>
	<Text name="msg_free_space_vmc_ps2_w_title">Ledig plads: %1 / 7998 KB</Text>
	<Text name="msg_pocketstation">PocketStation™</Text>
	<Text name="msg_created_date_time">Oprettet</Text>
	<Text name="msg_error_mc_no_access">Adgang til memory card ikke mulig.</Text>
	<Text name="msg_error_savedata_cannot_copy">Kopiering af disse gemte data er ikke tilladt.</Text>
	<Text name="msg_error_no_gamedata">Der er ingen spildata.</Text>
	<Text name="msg_update_quit_software_update">Den seneste opdateringsdata er fundet.
Systemet afslutter dette software og begynder installering.</Text>
	<Text name="msg_wait_donot_turn_off">Vent venligst...
Sluk venligst ikke for systemet.</Text>
	<Text name="msg_playmode">Afspilningstilstand</Text>
	<Text name="msg_play_track_select">Vælg hvilket nummer der skal afspilles.</Text>
	<Text name="msg_no_data">Der er ingen data.</Text>
	<Text name="msg_error_service_stop">Denne service er afsluttet.</Text>
	<Text name="msg_error_account_service">Anvendelse af denne service er blevet suspenderet for denne konto.</Text>
	<Text name="msg_browser">Internetbrowser</Text>
	<Text name="msg_ps3_portal">PlayStation®Store</Text>
	<Text name="msg_psp_connection">Remote Play</Text>
	<Text name="msg_remoteplay_explanation"><![CDATA[Brug en enhed, der understøtter Remote Play (såsom et PS Vita- eller et PSP™-system) til at betjene dette system via et netværk. Gå til [Indstillinger] > [Remote Play indstillinger] > [Registrer enhed], og registrer Remote Play-enheden.]]></Text>
	<Text name="msg_onlinemanual">Online instruktionsmanualer</Text>
	<Text name="msg_file">Fil</Text>
	<Text name="msg_open">Åbn</Text>
	<Text name="msg_internet_search">Internet Søgning</Text>
	<Text name="msg_download_cancel_ask">Ønsker du at afbryde download?</Text>
	<Text name="msg_error_server_transaction_failure">Der er opstået en fejl under kommunikationen med serveren.</Text>
	<Text name="msg_no_file">Der er ikke nogen fil.</Text>
	<Text name="msg_content_not_support_remoteplay">Dette indhold er ikke kompatibelt med Remote Play.</Text>
	<Text name="msg_error_cannot_operate_remoteplay">Denne handling kan ikke udføres under Remote Play.</Text>
	<Text name="msg_error_cannot_start_can_play_follow_device">Kan ikke starte.
Du kan kun starte dette indhold fra følgende enheder under Remote Play:</Text>
	<Text name="msg_error_need_update_psp">Du skal udføre en opdatering til PSP™ systemets  software.
For information om opdateringsmetoder, refereres der til manualen til PSP™ systemet.</Text>
	<Text name="msg_error_no_signup_ask">Du skal oprette en Sony Entertainment Network konto.
Ønsker du at oprette en konto nu?</Text>
	<Text name="msg_download_control">Download Management</Text>
	<Text name="msg_no_download_content">Der er ingen downloads.</Text>
	<Text name="msg_variable_downloading">%1%% Downloader...</Text>
	<Text name="msg_variable_download_error">%1%% Download fejl</Text>
	<Text name="msg_variable_download_waiting">%1%% Afventer download</Text>
	<Text name="msg_variable_download_pausing">%1%%afventende</Text>
	<Text name="msg_pause_all">Afventer alle</Text>
	<Text name="msg_resume_all">Genoptag alle</Text>
	<Text name="msg_progress">Status</Text>
	<Text name="msg_resume">Genoptag</Text>
	<Text name="msg_download_restart">Genoptag download</Text>
	<Text name="msg_download_cancel">Afbryd download</Text>
	<Text name="msg_install">Installer</Text>
	<Text name="msg_download_content_was_deleted">Indholdet var slettet fra serveren.</Text>
	<Text name="msg_need_app_software_download_ask">For at anvende denne funktion, skal du først downloade et program.
Ønsker du at downloade nu?</Text>
	<Text name="msg_cellbrowser_foldingathome">Folding@home™</Text>
	<Text name="msg_auto_start">Auto-Start</Text>
	<Text name="msg_title_lwp">Life with PlayStation®</Text>
	<Text name="msg_psstore_explanation_sd">PlayStation®Store er fyldt med eksklusivt spil, der kan downloades, GRATIS PS3™-demoer, tilføjelsespakker og videoer.

Besøg butikken i dag!</Text>
	<Text name="msg_psstore_explanation_hd">PlayStation®Store med GRATIS* adgang er det eneste sted, hvor du kan downloade nye og eksklusivt PS3™-spil, gratis* demoer, der kan spilles, tilføjelsespakker og videoer i høj opløsning.

Få mere til din PS3™ ved at besøge PlayStation®Store i dag.

* Kræver en bredbåndsforbindelse til internettet.</Text>
	<Text name="msg_reg_explanation_sd">Få glæde af GRATIS* onlinespil, download spil, udvidelsespakker og eksklusivt indhold, chat med vennerne, og sammenlign trofæer.
Opret en konto nu, og lad morskaben begynde!
* Kræver en bredbåndsforbindelse til internettet.</Text>
	<Text name="msg_reg_explanation_hd">PlayStation®Network handler kun om underholdning og samspil.
Nyd GRATIS* onlinespil, download fantastiske nye spil, find udvidelsespakker til en lang række populære titler, se trailers, og få fat i eksklusivt indhold, chat med vennerne, og sammenlign trofæer.

Opret en konto i dag – det er nemt, og det er GRATIS!

* Kræver en bredbåndsforbindelse til internettet.</Text>
	<Text name="msg_account_manage">Kontohåndtering</Text>
	<Text name="msg_can_change_psn_account_psstore_setteing">Juster indstillingen til din konto eller til indkøb foretaget i PlayStation®Store.</Text>
	<Text name="msg_your_channel">What's New</Text>
	<Text name="msg_your_channel_offline_explanation_hd">Velkommen til PlayStation®3.
Skærmen “What's New” er stedet, hvor du finder alle de seneste PlayStation®-nyheder og opdateringer samt let adgang til de spil, du har spillet for nylig.
Du får adgang til skærmen “What's New” ved at etablere forbindelse til PlayStation®Network* – det er gratis, og samtidig er det din portal til en verden fyldt med underholdning, så opret en konto i dag!

* Bredbåndsforbindelse påkrævet.</Text>
	<Text name="msg_your_channel_offline_explanation_sd">Skærmen “What's New” er stedet, hvor du finder alle de seneste PlayStation®-nyheder samt adgang til spil, du har spillet. Etablér forbindelse til PlayStation®Network* – det er gratis og din portal til en verden fyldt med sjov!
* Bredbåndsforbindelse påkrævet.</Text>
	<Text name="msg_your_channel_caution_launching_website">Du åbner for en internetside.</Text>
	<Text name="msg_trophy_collection">Trophy Collection</Text>
	<Text name="msg_trophy_count">Trophies</Text>
	<Text name="msg_gain_date">Opnået</Text>
	<Text name="msg_no_trophy_explanation">Der er ingen trophies.
Hvis du spiller et spil der understøtter trophy funktionen, og samler trophies, bliver de fremvist her.</Text>
	<Text name="msg_compare_trophy">Sammenlign Trophies</Text>
	<Text name="msg_trophy_grade">Grade</Text>
	<Text name="msg_trophy_platinum">Platinum</Text>
	<Text name="msg_trophy_gold">Gold</Text>
	<Text name="msg_trophy_silver">Silver</Text>
	<Text name="msg_trophy_bronze">Bronze</Text>
	<Text name="msg_sync_with_server">Synkroniser med server</Text>
	<Text name="msg_switch_mode">Skift tilstande</Text>
	<Text name="msg_online_mode">Online-tilstand</Text>
	<Text name="msg_online_mode_trophy_explanation">Online-tilstand
Se trophy-information gemt på serveren.</Text>
	<Text name="msg_offline_mode">Offline-tilstand</Text>
	<Text name="msg_offline_mode_trophy_explanation">Offline-tilstand
Se trophy-information gemt på dette system.</Text>
	<Text name="msg_trophy_base_addon">Centralt spil/Tilføjelse</Text>
	<Text name="msg_hidden_trophy_name">Skjult Trophy</Text>
	<Text name="msg_original_f">Original rækkefølge</Text>
	<Text name="msg_trophy_grade_f">Grade</Text>
	<Text name="msg_trophy_earned_f">Opnået dato ▲</Text>
	<Text name="msg_trophy_earned_r">Opnået dato ▼</Text>
	<Text name="msg_privacy_settings">Indstillinger personlige oplysninger</Text>
	<Text name="msg_ps_plus_psn">PlayStation®Plus</Text>
	<Text name="msg_health_warning_psn">Helbredsadvarsler</Text>
	<Text name="msg_psp_exclusive_install_ask">Dette indhold er udelukkende til brug med PSP™-systemet.
Ønsker du at installere det på PSP™-systemet nu?</Text>
	<Text name="msg_bonus_digital_copy">Digital Copy</Text>
	<Text name="msg_bonus_digital_copy_explanation">Dette indhold kan benyttes, når du har logget ind på PlayStation®Network og kopieret indholdet til systemlageret på dette system.</Text>
	<Text name="msg_error_service_not_available_region">Denne tjeneste er ikke tilgængelig dit land/region.</Text>
	<Text name="msg_sigining_in2">Logger ind...</Text>
	<Text name="msg_auto_signin_off">Automatisk log-ind Slukket</Text>
	<Text name="msg_auto_signin">Automatisk log-ind</Text>
	<Text name="msg_signout">Log ud</Text>
	<Text name="msg_error_no_execute_psn_maintenance_partially">Handlingen kan ikke udføres.
Visse Sony Entertainment Network funktioner er i øjeblikket under vedligeholdelse.</Text>
	<Text name="msg_error_no_player">Ingen spillere blev fundet.</Text>
	<Text name="msg_signin">Log ind</Text>
	<Text name="msg_ignore_list">Blokeringsliste</Text>
	<Text name="msg_friend_register">Tilføj en ven</Text>
	<Text name="msg_play_with">Spillere mødt</Text>
	<Text name="msg_av_chatroom">Stemme-/videochatrum</Text>
	<Text name="msg_game_chatroom">Spille Chatrum</Text>
	<Text name="msg_msg_box">Meddelsesboks</Text>
	<Text name="msg_last_signin_minute_ago">Sidste log-ind: %1 minutter siden</Text>
	<Text name="msg_last_signin_hour_ago">Sidste log-ind: %1 timer siden</Text>
	<Text name="msg_last_signin_day_ago">Sidste log-ind: %1 dage siden</Text>
	<Text name="msg_last_signin_month_ago">Sidste log-ind: %1 måneder siden</Text>
	<Text name="msg_last_signin_more_than_2year_ago">Sidste log-ind: 2 år siden eller længere</Text>
	<Text name="msg_to">Til</Text>
	<Text name="msg_sent">Afsendelse udført.</Text>
	<Text name="msg_registered">Tilføjelse udført.</Text>
	<Text name="msg_error_registered_number_over">Det maksimale antal af personer som kan tilføjes, er blevet opnået.</Text>
	<Text name="msg_error_cannot_register_myself">Du kan ikke tilføje dig selv.</Text>
	<Text name="msg_accept_friend_register_ask">Ønsker du at tilføje som en ven?</Text>
	<Text name="msg_register_request">Venneanmodning</Text>
	<Text name="msg_asking_to_add">Afventer svar på din Venneanmodning.</Text>
	<Text name="msg_asked_to_add">Du har modtaget en Venneanmodning.</Text>
	<Text name="msg_msg_list">Beskedliste</Text>
	<Text name="msg_start_new_chat">Begynd ny chat</Text>
	<Text name="msg_new_msg">Opret besked</Text>
	<Text name="msg_error_no_msg">Der er ingen beskeder.</Text>
	<Text name="msg_status_f">Status</Text>
	<Text name="msg_name_f">Navn</Text>
	<Text name="msg_online_id">Online ID</Text>
	<Text name="msg_online_name">On-line navn</Text>
	<Text name="msg_about_me">Om mig</Text>
	<Text name="msg_my_lang">Mit sprog</Text>
	<Text name="msg_received_msg_count">Modtagne beskeder</Text>
	<Text name="msg_unread_msg_count">Ulæste beskeder</Text>
	<Text name="msg_protect_msg_count">Beskyttede beskeder</Text>
	<Text name="msg_sent_msg_count">Afsendte beskeder</Text>
	<Text name="msg_received_msg_count_with_variable">Modtagne beskeder %1</Text>
	<Text name="msg_sent_msg_count_with_variable">Afsendte beskeder %1</Text>
	<Text name="msg_from">Fra</Text>
	<Text name="msg_received_datetime">Modtaget</Text>
	<Text name="msg_sent_datetime">Sendt</Text>
	<Text name="msg_reply_to_friend_register">Svar på Venneanmodning</Text>
	<Text name="msg_del_addingfriend_ask">En Ven, som afventer tilføjelse, vil blive slettet.
Hvis du sletter denne Ven, vil du blive slettet fra den anden persons Venneliste.
Er du sikker på, at du ønsker at fortsætte?</Text>
	<Text name="msg_del_friend_ask">Denne Ven vil blive slettet.
Hvis du sletter denne Ven, vil du blive slettet fra den anden persons Venneliste.
Er du sikker på, at du ønsker at fortsætte?</Text>
	<Text name="msg_status">Status</Text>
	<Text name="msg_profile">Profil</Text>
	<Text name="msg_online">On-line</Text>
	<Text name="msg_afk">Ikke tilgængelig</Text>
	<Text name="msg_add_ignore_list">Tilføj til Blokeringsliste</Text>
	<Text name="msg_game_title">Spil titel</Text>
	<Text name="msg_information">Information</Text>
	<Text name="msg_played_date_hour">Spillet</Text>
	<Text name="msg_add_ignore_list_ask">Hvis du tilføjer til blokeringslisten, vil du ikke længere modtage beskeder fra denne person.
Ønsker du at fortsætte?</Text>
	<Text name="msg_adding">Tilføjer...
Vent venligst.</Text>
	<Text name="msg_del_from_ignore_list">Slet fra Blokeringsliste</Text>
	<Text name="msg_del_ignore_list_ask">Er du sikker på at du ønsker at slette fra blokeringslisten?</Text>
	<Text name="msg_error_not_registered">Ingen personer er blevet tilføjet.</Text>
	<Text name="msg_error_try_again_later">Der er opstået en fejl.
Prøv igen senere.</Text>
	<Text name="msg_send_grief_report">Anmeldelse</Text>
	<Text name="msg_received_box">Modtaget</Text>
	<Text name="msg_sent_box">Sendt</Text>
	<Text name="msg_list">Liste</Text>
	<Text name="msg_protect">Beskyttede beskeder</Text>
	<Text name="msg_unprotected">Slet beskyttelse</Text>
	<Text name="msg_edit">Rediger</Text>
	<Text name="msg_attach_image_select">Vælg et billede der skal vedhæftes.</Text>
	<Text name="msg_attach_cancel_ask">Ønsker du at afbryde den vedhæftede fil?</Text>
	<Text name="msg_dell_msg_all_ask">Ønsker du at slette alle beskeder?
Beskyttede beskeder vil ikke blive slettet.</Text>
	<Text name="msg_del_msgl_ask">Er du sikker på ønsker du at slette denne besked?</Text>
	<Text name="msg_dell_msg_all_ask2">Ønsker du at slette alle beskeder?</Text>
	<Text name="msg_voice_text_chatroom">Stemme-/tekstchatrum</Text>
	<Text name="msg_text_chatroom">Chatrum (kun tekst)</Text>
	<Text name="msg_mic_on">Mikrofon tændt</Text>
	<Text name="msg_mic_off">Mikrofon slukket</Text>
	<Text name="msg_chat_volume">Chatvolume</Text>
	<Text name="msg_camera_on">Kamera tændt</Text>
	<Text name="msg_camera_off">Kamere slukket</Text>
	<Text name="msg_chat_screen_on">Vis chatbillede</Text>
	<Text name="msg_chat_screen_off">Skjul chatbillede</Text>
	<Text name="msg_invite_friend">Inviter en ven</Text>
	<Text name="msg_new_msg_all">Lav besked til alle</Text>
	<Text name="msg_quit">Forlad</Text>
	<Text name="msg_cancel2">Afbryd</Text>
	<Text name="msg_invite_chat">Chatinvitation</Text>
	<Text name="msg_participants_list">Deltagerliste</Text>
	<Text name="msg_invite_game">Spilinvitation</Text>
	<Text name="msg_error_add">En fejl er opstået under tilføjelsen.</Text>
	<Text name="msg_error_attach_size_over">Den maksimale størrelse for filer som kan vedhæftes, er opnået.</Text>
	<Text name="msg_error_attach_deleted">Den vedhæftede fil er blevet slettet.</Text>
	<Text name="msg_error_player_added">Denne spiller er allerede blevet tilføjet.</Text>
	<Text name="msg_protect_msg_over">Det maksimale antal af beskeder som kan beskyttes, er opnået.
Du kan beskytte op til 50 beskeder.</Text>
	<Text name="msg_error_cannot_operate_signin_pls">Handlingen kan ikke udføres.
Du er ikke logget ind.</Text>
	<Text name="msg_error_cannot_creat_message">Du kan ikke oprette en besked nu.</Text>
	<Text name="msg_error_ignore_list_friend">Du kan ikke tilføje en ven til din blokeringsliste.
Du skal slette denne person fra din venneliste, før du tilføjer dem til din blokeringsliste.</Text>
	<Text name="msg_version">Version</Text>
	<Text name="msg_new_user_create">Opret ny bruger</Text>
	<Text name="msg_logout_ask">Ønsker du a logge af?</Text>
	<Text name="msg_login_ask">Ønsker du at logge på som den udvalgte bruger?
Den nuværende bruger, som er logget på, vil blive logget af.</Text>
	<Text name="msg_username_create">Indtast et brugernavn.</Text>
	<Text name="msg_error_max_num_users_reached">Der kan ikke oprettes flere brugere.
Det maksimale antal af brugere som kan oprettes, er 16.</Text>
	<Text name="msg_error_other_username_create_pls">Navnet du har indtastet er allerede anvendt.
Indtast venligst et nyt brugernavn.</Text>
	<Text name="msg_error_new_user_create">En fejl opstod under brugeroprettelsen.</Text>
	<Text name="msg_user_del_2nd_ask">Er du sikker på ønsker du at slette denne bruger?</Text>
	<Text name="msg_auto_login_set">Fra nu af, vil %1 blive logget på automatisk, når PS3™ systemet starter.</Text>
	<Text name="msg_username">Bruger</Text>
	<Text name="msg_username_num">Bruger %1</Text>
	<Text name="msg_auto_login">Automatisk log på</Text>
	<Text name="msg_logout">Log af</Text>
	<Text name="msg_user_del_ask">Hvis du sletter denne bruger, vil gemt data til PlayStation®3 formateret software, beskeder, trophies og anden information også blive slettet.
Ønsker du at fortsætte?</Text>
	<Text name="msg_error_character">De følgende tegn kan ikke indtastes:
%1</Text>
	<Text name="msg_health_warning_detail_scee_1">Anfald på grund af lysstimulering (fotosensitiv epilepsi)

</Text>
	<Text name="msg_health_warning_detail_scee_2">Hvis du har en epileptisk sygdom eller har oplevet anfald, bør du søge læge, før du spiller. Nogle personer kan opleve ømhed i øjne, ændret syn, migræne, muskelsammentrækninger, krampe, blackout, bevidstløshed eller desorientering, når de udsættes for blinkende lys eller anden lyspåvirkning fra tv-skærme, eller når de spiller computerspil. Hvis du oplever nogen af ovennævnte symptomer, ens du spiller, skal du straks afbryde spillet og søge læge.

</Text>
	<Text name="msg_health_warning_detail_scee_3">Stop straks med at spille, hvis du oplever nedenstående symptomer:
</Text>
	<Text name="msg_health_warning_detail_scee_4">Afbryd straks spillet, hvis du ud over ovennævnte symptomer oplever hovedpine, svimmelhed, kvalme, udmattelse eller symptomer, der minder om transportsyge, eller hvis du oplever ubehag eller får smerter i kroppen, fx øjne, ører, hænder, arme eller fødder. Søg læge, hvis symptomerne fortsætter.



</Text>
	<Text name="msg_health_warning_detail_scee_5">3D-billeder

</Text>
	<Text name="msg_health_warning_detail_scee_6">Enkelte personer kan opleve ubehag (som eksempelvis ondt i øjnene eller kvalme), mens de ser videobilleder eller spiller computerspil i 3D på 3D-fjernsyn. Hvis du oplever den slags ubehag, bør du med det samme stoppe med at bruge dit fjernsyn, indtil du ikke længere mærker noget ubehag.
</Text>
	<Text name="msg_health_warning_detail_scee_7">Vi anbefaler, at du undgår længerevarende brug af dit PlayStation®3-system og holder 15 minutters pause for hver time, du spiller. Bemærk, at når du spiller computerspil eller ser film i 3D, kan det være nødvendigt at holde flere og længere pauser - sørg for at holde pause længe nok, så du undgår følelsen af ubehag. Hvis symptomerne er vedvarende, bør du kontakte din læge.
</Text>
	<Text name="msg_health_warning_detail_scee_8">Børns syn (især dem under seks år) er stadig under udvikling. Kontakt dit barns læge eller øjenlæge, før du giver yngre børn lov til at se videobilleder eller spille computerspil i 3D. Der bør altid være en voksen til stede for at sikre, at anbefalingerne bliver fulgt.



</Text>
	<Text name="msg_health_warning_detail_scee_9">Bemærkninger om sikkerhed ved brug af trådløs DUALSHOCK™3-controller

</Text>
	<Text name="msg_health_warning_detail_scee_10">Du må ikke benytte vibrationsfunktionen, hvis du har lidelser eller skader i knogler, led eller muskler i dine hænder eller arme. Hvis du har lidelser eller skader, må du ikke spille titler, der benytter den trådløse DUALSHOCK™3- controller, medmindre du har indstillet vibrationsfunktionen til [Sluk].



</Text>
	<Text name="msg_health_warning_detail_scee_11">・Brug systemet i et godt oplyst område, og hold sikker afstand til tv-skærmen.
・Undgå længere tids brug af PS3™-systemet. Hold 15 minutters pause ved hver times spil.
・Lad være med at spille, hvis du er træt eller har behov for søvn.
</Text>
	<Text name="msg_health_warning_detail_scee_12">・Afbryd straks brugen af systemet, hvis du bliver træt eller oplever ubehag eller smerte i dine hænder eller arme, mens du betjener den trådløse controller. Søg læge, hvis symptomerne fortsætter.
</Text>
	<Text name="msg_health_warning_detail_scee_13">・Afbryd straks brugen af systemet, hvis du oplever ét af nedenstående helbredsproblemer. Søg læge, hvis symptomerne fortsætter.
- Svimmelhed, kvalme, udmattelse eller symptomer, der minder om transportsyge
- Ubehag eller smerter i kroppen, fx øjne, ører, hænder eller arme</Text>
	<Text name="msg_health_warning_detail_scea_1">Photosensitivity/Epilepsy/Seizures

</Text>
	<Text name="msg_health_warning_detail_scea_2">A very small percentage of individuals may experience epileptic seizures or blackouts when exposed to certain light patterns or flashing lights. Exposure to certain patterns or backgrounds on a television screen or when playing video games may trigger epileptic seizures or blackouts in these individuals. These conditions may trigger previously undetected epileptic symptoms or seizures in persons who have no history of prior seizures or epilepsy. If you, or anyone in your family, has an epileptic condition or has had seizures of any kind, consult your doctor before playing.

</Text>
	<Text name="msg_health_warning_detail_scea_3">IMMEDIATELY DISCONTINUE use and consult your doctor before resuming gameplay if you or your child experience any of the following health problems or symptoms:
・dizziness,
・altered vision,
・eye or muscle twitches,
・loss of awareness,
・disorientation,
・seizures, or
・any involuntary movement or convulsion.
RESUME GAMEPLAY ONLY ON APPROVAL OF YOUR DOCTOR.

</Text>
	<Text name="msg_health_warning_detail_scea_4">Use and handling of video games to reduce the likelihood of a seizure
・Use in a well-lit area and keep as far away as possible from the television screen.
・Avoid large screen televisions. Use the smallest television screen available.
・Avoid prolonged use of the PS3™ system. Take a 15-minute break during each hour of play.
・Avoid playing when you are tired or need sleep.



</Text>
	<Text name="msg_health_warning_detail_scea_5">3D images

</Text>
	<Text name="msg_health_warning_detail_scea_6">Some people may experience discomfort (such as eye strain, eye fatigue, or nausea) while watching 3D video images or playing stereoscopic 3D games on 3D televisions. If you experience such discomfort you should immediately discontinue use of your television until the discomfort subsides.
</Text>
	<Text name="msg_health_warning_detail_scea_7">SCE recommends that all viewers take regular breaks while watching 3D video, or playing stereoscopic 3D games. The length and frequency of necessary breaks may vary from person to person - please take breaks that are long enough to allow any feelings of discomfort to subside. If symptoms persist, consult your doctor.
</Text>
	<Text name="msg_health_warning_detail_scea_8">The vision of young children (especially those under six years old) is still under development. SCE recommends that you consult with a doctor (such as a pediatrician or eye doctor) before allowing a young child to watch 3D video images or play stereoscopic 3D games. Adults should supervise young children to ensure they follow the recommendations listed above. When using any 3D enabled device with your PlayStation®3 system you should read the instruction manual for that device and check www.us.playstation.com/support/3D for updated information.



</Text>
	<Text name="msg_health_warning_detail_scea_9">Notes on safety when using the DUALSHOCK™3 Wireless Controller

</Text>
	<Text name="msg_health_warning_detail_scea_10">・Stop using the system immediately if you begin to feel tired or if you experience discomfort or pain in your hands or arms while operating the DUALSHOCK™3 Wireless Controller. If the condition persists, consult a doctor.
・The vibration function of the DUALSHOCK™3 Wireless Controller can aggravate injuries. Do not use the vibration function if you have any ailment or injury to the bones, joints or muscles of your hands or arms. If you have an ailment or an injury, do not play software titles that contain the vibration function using the DUALSHOCK™3 Wireless Controller unless you have set the vibration function to [Off].
</Text>
	<Text name="msg_health_warning_detail_scea_11">・Avoid prolonged use of the DUALSHOCK™3 Wireless Controller. Take a break at about 30-minute intervals.
・Note that some software titles set the vibration function to [On] by default. To disable the vibration function, press the PS button of the controller, and then select [Controller Settings]→ [Vibration Function]→[Off].



</Text>
	<Text name="msg_health_warning_detail_scea_12">・Use in a well-lit area and keep as far away as possible from the television screen.
・Avoid prolonged use of the PS3™ system and wireless controller.
</Text>
	<Text name="msg_health_warning_detail_scea_13">・Stop using the system immediately if you begin to feel tired or if you experience discomfort or pain in your hands or arms while operating the wireless controller. If the condition persists, consult a doctor.
</Text>
	<Text name="msg_health_warning_detail_scea_14">・If you experience any of the following health problems, discontinue use of the system immediately. If symptoms persist, consult with your doctor.
- Dizziness, nausea, fatigue or symptoms similar to motion sickness
- Discomfort or pain in a part of the body, such as eyes, ears, hands or arms</Text>
	<Text name="msg_health_warning_detail_scej_1">光の刺激によって引き起こされる発作について

</Text>
	<Text name="msg_health_warning_detail_scej_2">点滅を繰り返す画面や、その他の光の刺激によって、まれに、目の痛み、視覚異常、偏頭痛、けいれんや意識障害（失神など）などの症状（光感受性発作）が起きることがあります。こうした症状のある方は、事前に必ず医師に相談してください。

</Text>
	<Text name="msg_health_warning_detail_scej_3">こんなときはすぐに使用を中止する
</Text>
	<Text name="msg_health_warning_detail_scej_4"><![CDATA[上記の症状に加え、頭痛、めまい、吐き気、疲労感、乗り物酔いに似た症状などを感じたときや、目、耳、手、腕、足など、身体の一部に不快感や痛みを感じたときは、すぐに使用を中止してください。使用を中止しても治らないときは、医師の診察を受けてください。



]]></Text>
	<Text name="msg_health_warning_detail_scej_5">3D映像、3D立体視ゲームについて

</Text>
	<Text name="msg_health_warning_detail_scej_6">3D映像の視聴中や3D対応テレビでの3D立体視ゲームのプレイ中に、目の疲労、気分が悪くなるなどの不快な症状が出ることがあります。不快な症状が出たときは、直ちにテレビのご利用を中止し、回復するまでご利用をお控えください。
3D映像を視聴したり、3D立体視ゲームをプレイしたりするときは、定期的に休憩をとることをおすすめします。必要な休憩の長さや頻度は個人によって異なりますので、ご自身でご判断ください。不快な症状が回復するまで、十分に休憩をとってください。もし症状が続く場合は、医師にご相談ください。
</Text>
	<Text name="msg_health_warning_detail_scej_7"><![CDATA[なお、お子さま(特に6歳未満の子)の視覚は発達段階にあります。お子さまが3D映像を視聴したり、3D立体視ゲームをプレイしたりする前に、小児科や眼科などの医師にご相談いただくことをおすすめします。大人のかたは、お子さまが上記注意点を守るよう監督してください。
最新情報については、ホームページ(http://www.jp.playstation.com/support/)をご覧ください。



]]></Text>
	<Text name="msg_health_warning_detail_scej_8">コントローラの振動機能に対応したソフトウェアについて

</Text>
	<Text name="msg_health_warning_detail_scej_9">振動障害のある方は、バイブレーション（振動）機能を使用しないでください。



</Text>
	<Text name="msg_health_warning_detail_scej_10">・使用するときは部屋を明るくし、できるだけ画面から離れてください。
・疲れているときや睡眠不足のときは、使用を避けてください。
</Text>
	<Text name="msg_health_warning_detail_scej_11">・使用するときは健康のため、1時間ごとに15分程度の休憩を取ってください。
・使用中に体調が悪くなったら、すぐに使用をやめてください。</Text>
	<Text name="msg_health_warning_detail_sceasia_1">Photosensitivity/Epilepsy/Seizures

</Text>
	<Text name="msg_health_warning_detail_sceasia_2">A very small percentage of individuals may experience epileptic seizures or blackouts when exposed to certain light patterns or flashing lights. Exposure to certain patterns or backgrounds on a television screen or when playing video games may trigger epileptic seizures or blackouts in these individuals. These conditions may trigger previously undetected epileptic symptoms or seizures in persons who have no history of prior seizures or epilepsy. If you, or anyone in your family, has an epileptic condition or has had seizures of any kind, consult your physician before playing.

</Text>
	<Text name="msg_health_warning_detail_sceasia_3">IMMEDIATELY DISCONTINUE use and consult your physician before resuming gameplay if you or your child experience any of the following health problems or symptoms:
・dizziness,
・altered vision,
・eye or muscle twitches,
・loss of awareness,
・disorientation,
・seizures, or
・any involuntary movement or convulsion.
RESUME GAMEPLAY ONLY ON APPROVAL OF YOUR PHYSICIAN.

</Text>
	<Text name="msg_health_warning_detail_sceasia_4">Use and handling of video games to reduce the likelihood of a seizure
・Use in a well-lit area and keep as far away as possible from the television screen.
・Avoid large screen televisions. Use the smallest television screen available.
・Avoid prolonged use of the PS3™ system. Take a 15-minute break during each hour of play.
・Avoid playing when you are tired or need sleep.



</Text>
	<Text name="msg_health_warning_detail_sceasia_5">3D images

</Text>
	<Text name="msg_health_warning_detail_sceasia_6">Some people may experience discomfort (such as eye strain, eye fatigue, or nausea) while watching 3D video images or playing stereoscopic 3D games on 3D televisions. If you experience such discomfort you should immediately discontinue use of your television until the discomfort subsides.
</Text>
	<Text name="msg_health_warning_detail_sceasia_7">SCE recommends that all viewers take regular breaks while watching 3D video, or playing stereoscopic 3D games. The length and frequency of necessary breaks may vary from person to person - please take breaks that are long enough to allow any feelings of discomfort to subside. If symptoms persist, consult your physician.
</Text>
	<Text name="msg_health_warning_detail_sceasia_8">The vision of young children (especially those under six years old) is still under development. SCE recommends that you consult with physician (such as a pediatrician or eye doctor) before allowing a young child to watch 3D video images or play stereoscopic 3D games. When using any 3D enabled device with your PlayStation®3 system you should read the instruction manual for that device.



</Text>
	<Text name="msg_health_warning_detail_sceasia_9">Notes on safety when using the DUALSHOCK™3 Wireless Controller

</Text>
	<Text name="msg_health_warning_detail_sceasia_10">・Stop using the system immediately if you begin to feel tired or if you experience discomfort or pain in your hands or arms while operating the DUALSHOCK™3 wireless controller. If the condition persists, consult a doctor.
・The vibration function of the DUALSHOCK™3 wireless controller can aggravate injuries. Do not use the vibration function if you have any ailment or injury to the bones, joints or muscles of your hands or arms. If you have an ailment or an injury, do not play such titles using the DUALSHOCK™3 wireless controller unless you have set the vibration function to [Off].
</Text>
	<Text name="msg_health_warning_detail_sceasia_11">・Avoid prolonged use of the DUALSHOCK™3 wireless controller. Take a break at about 30-minute intervals.
・Note that some software titles set the vibration function to [On] by default. To disable the vibration function, press the PS button of the controller, and then select [Controller Settings]→[Vibration Function]→[Off].



</Text>
	<Text name="msg_health_warning_detail_sceasia_12">・Use in a well-lit area and keep a safe distance from the TV screen.
・Avoid prolonged use of the PS3™ system. Take a 15-minute break during each hour of play.
・Avoid playing when you are tired or need sleep.
</Text>
	<Text name="msg_health_warning_detail_sceasia_13">・Stop using the system immediately if you begin to feel tired or if you experience discomfort or pain in your hands or arms while operating the wireless controller If the condition persists, consult a doctor.
</Text>
	<Text name="msg_health_warning_detail_sceasia_14">・If you experience any of the following health problems, discontinue use of the system immediately. If symptoms persist, consult with your physician.
- Dizziness, nausea, fatigue or symptoms similar to motion sickness
- Discomfort or pain in a part of the body, such as eyes, ears, hands or arms</Text>
</TextLang>
