﻿<?xml version="1.0" encoding="utf-8"?>
<!-- This XML was generated by Rcomage v1.1.1 -->
<TextLang>
	<Text name="msg_setting">Instellingen</Text>
	<Text name="msg_photo">Foto</Text>
	<Text name="msg_music">Muziek</Text>
	<Text name="msg_video">Video</Text>
	<Text name="msg_game">Game</Text>
	<Text name="msg_net">Netwerk</Text>
	<Text name="msg_friend">Vrienden</Text>
	<Text name="msg_user">Gebruikers</Text>
	<Text name="msg_login">Inloggen</Text>
	<Text name="msg_tv">TV</Text>
	<Text name="msg_tv_video_service">TV-/videodiensten</Text>
	<Text name="msg_psn">PlayStation®
Network</Text>
	<Text name="msg_power_off_console2">Schakel systeem uit</Text>
	<Text name="msg_photo_gallery">Photo Gallery</Text>
	<Text name="msg_untitled">Onbekend</Text>
	<Text name="msg_new_vmc">Maak een nieuwe interne Memory Card</Text>
	<Text name="msg_signup">Inschrijven</Text>
	<Text name="msg_playstation_home">PlayStation®Home</Text>
	<Text name="msg_start_new_chat2">Nieuwe chat beginnen</Text>
	<Text name="msg_ms">Memory Stick™</Text>
	<Text name="msg_sd">SD Memory Card</Text>
	<Text name="msg_cf">CompactFlash®</Text>
	<Text name="msg_bd_rom">BD-ROM</Text>
	<Text name="msg_bd_r">BD-R</Text>
	<Text name="msg_bd_re">BD-RE</Text>
	<Text name="msg_dvdr">DVD-R</Text>
	<Text name="msg_dvdplusr">DVD+R</Text>
	<Text name="msg_dvdrw">DVD-RW</Text>
	<Text name="msg_dvdplusrw">DVD+RW</Text>
	<Text name="msg_dvdrom">DVD-ROM</Text>
	<Text name="msg_dvdvideo">DVD Video</Text>
	<Text name="msg_dvdvr">DVD-VR</Text>
	<Text name="msg_dvdplusvr">DVD+VR</Text>
	<Text name="msg_avchd">AVCHD</Text>
	<Text name="msg_avcrec">AVCREC</Text>
	<Text name="msg_bdmv">BDMV</Text>
	<Text name="msg_bdav">BDAV</Text>
	<Text name="msg_cdaudio">Audio-CD</Text>
	<Text name="msg_cddata">Datadisc</Text>
	<Text name="msg_sacd">Super Audio CD</Text>
	<Text name="msg_mc_ps1">Memory Card (PS)</Text>
	<Text name="msg_mc_ps2">Memory Card (PS2)</Text>
	<Text name="msg_disc">Disc</Text>
	<Text name="msg_dsd_disc">DSD Disc</Text>
	<Text name="msg_psp">PSP™ (PlayStation®Portable)</Text>
	<Text name="msg_psp_bracket">PSP™ (PlayStation®Portable) %1</Text>
	<Text name="msg_vita_abbreviated">PS Vita-systeem</Text>
	<Text name="msg_psp_name">Alias</Text>
	<Text name="msg_usb">USB-apparaat</Text>
	<Text name="msg_usb_id">USB-apparaat (%1)</Text>
	<Text name="msg_digitalcamera">Digitale camera</Text>
	<Text name="msg_digitalcamera_id">Digitale camera (%1)</Text>
	<Text name="msg_walkman">ATRAC Audio Device</Text>
	<Text name="msg_walkman_id">ATRAC Audio Device (%1)</Text>
	<Text name="msg_cancel">Annuleren</Text>
	<Text name="msg_ok">Bevestigen</Text>
	<Text name="msg_fix">Bevestigen</Text>
	<Text name="msg_yes">Ja</Text>
	<Text name="msg_no">Nee</Text>
	<Text name="msg_on">Aan</Text>
	<Text name="msg_off">Uit</Text>
	<Text name="msg_nrml">Normaal</Text>
	<Text name="msg_normal">Normaal</Text>
	<Text name="msg_plus1">+1</Text>
	<Text name="msg_plus2">+2</Text>
	<Text name="msg_plus3">+3</Text>
	<Text name="msg_plus4">+4</Text>
	<Text name="msg_minus1">-1</Text>
	<Text name="msg_minus2">-2</Text>
	<Text name="msg_minus3">-3</Text>
	<Text name="msg_minus4">-4</Text>
	<Text name="msg_1">1</Text>
	<Text name="msg_2">2</Text>
	<Text name="msg_3">3</Text>
	<Text name="msg_4">4</Text>
	<Text name="msg_5">5</Text>
	<Text name="msg_percent">%1%%</Text>
	<Text name="msg_image_count_value">%1 afbeelding</Text>
	<Text name="msg_images_count_value">%1 afbeeldingen</Text>
	<Text name="msg_track_count_value">%1 track</Text>
	<Text name="msg_tracks_count_value">%1 tracks</Text>
	<Text name="msg_title_count_value">%1 titel</Text>
	<Text name="msg_titles_count_value">%1 titels</Text>
	<Text name="msg_savedata_count_value">%1 Is opgeslagen</Text>
	<Text name="msg_savedatas_count_value">%1 Zijn opgeslagen</Text>
	<Text name="msg_time_num1">%1:%2:%3</Text>
	<Text name="msg_time_num2">%1:%2'%3''</Text>
	<Text name="msg_time_num3">%1'%2''</Text>
	<Text name="msg_datetime_num1">%1/%2/%3  %4:%5</Text>
	<Text name="msg_am">AM</Text>
	<Text name="msg_pm">PM</Text>
	<Text name="msg_time_hour_num2">%1:%2'</Text>
	<Text name="msg_day_plural">%1 dagen</Text>
	<Text name="msg_sort">Sorteren op</Text>
	<Text name="msg_importeddate_f">Importdatum ▲</Text>
	<Text name="msg_importeddate_r">Importdatum ▼</Text>
	<Text name="msg_shootdate_f">Filmdatum ▲</Text>
	<Text name="msg_shootdate_r">Filmdatum ▼</Text>
	<Text name="msg_sale_year_f">Jaargang ▲</Text>
	<Text name="msg_sale_year_r">Jaargang ▼</Text>
	<Text name="msg_created_date_time_f">Aanmaakdatum ▲</Text>
	<Text name="msg_created_date_time_r">Aanmaakdatum ▼</Text>
	<Text name="msg_updated_date_f">Updatedatum ▲</Text>
	<Text name="msg_updated_date_r">Updatedatum ▼</Text>
	<Text name="msg_format_f">Formaat</Text>
	<Text name="msg_imagename_f">Naam van afbeelding</Text>
	<Text name="msg_albumname_f">Naam van album</Text>
	<Text name="msg_genre_f">Naam van genre</Text>
	<Text name="msg_artist_f">Naam van artiest</Text>
	<Text name="msg_track_f">Naam van track</Text>
	<Text name="msg_title_f">Naam van titel</Text>
	<Text name="msg_subtitle_f">Ondertitel</Text>
	<Text name="msg_start_date_f">Recentelijk gespeeld</Text>
	<Text name="msg_folder_class">Groepsgewijze inhoud</Text>
	<Text name="msg_all">Alles</Text>
	<Text name="msg_year_folder">Op jaar</Text>
	<Text name="msg_month_folder">Op maand</Text>
	<Text name="msg_album_folder">Op album</Text>
	<Text name="msg_genre_folder">Op genre</Text>
	<Text name="msg_artist_folder">Op artiest</Text>
	<Text name="msg_sale_year_folder">Bij jaargang</Text>
	<Text name="msg_track_folder">Op track</Text>
	<Text name="msg_title_folder">Op titel</Text>
	<Text name="msg_format_folder">Op formaat</Text>
	<Text name="msg_copy">Kopiëren</Text>
	<Text name="msg_copy_plural">Meerdere kopiëren</Text>
	<Text name="msg_del">Verwijderen</Text>
	<Text name="msg_del_plural">Meerdere verwijderen</Text>
	<Text name="msg_slideshow">Diashow</Text>
	<Text name="msg_display_all">Alles weergeven</Text>
	<Text name="msg_cddbdata_get">Verkrijgen van CD-informatie</Text>
	<Text name="msg_import">Importeren</Text>
	<Text name="msg_titlelist">Titellijst</Text>
	<Text name="msg_play">Afspelen</Text>
	<Text name="msg_play_begin">Afspelen vanaf begin</Text>
	<Text name="msg_smove">Verplaatsen</Text>
	<Text name="msg_disc_eject">Disc verwijderen</Text>
	<Text name="msg_info">Informatie</Text>
	<Text name="msg_repeat">Herhalen</Text>
	<Text name="msg_shuffle">Willekeurig</Text>
	<Text name="msg_pause">Pauze</Text>
	<Text name="msg_display">Beeldweergave</Text>
	<Text name="msg_volume_control">Volume instellen</Text>
	<Text name="msg_plus">+</Text>
	<Text name="msg_minus">-</Text>
	<Text name="msg_slideshow_with_icon">Diashow </Text>
	<Text name="msg_fix_with_icon">Bevestigen </Text>
	<Text name="msg_folder_class_with_icon">Groepsgewijze inhoud </Text>
	<Text name="msg_option_with_icon">: Opties</Text>
	<Text name="msg_help_start">: Starten</Text>
	<Text name="msg_copy_psplus_with_icon">Kopiëren </Text>
	<Text name="msg_copy_plural_psplus_with_icon">Meerdere kopiëren </Text>
	<Text name="msg_savedata_auto_upload_psplus_with_icon">Automatisch uploaden opgeslagen data </Text>
	<Text name="msg_icon_start"></Text>
	<Text name="msg_info_none">-</Text>
	<Text name="msg_format">Indeling</Text>
	<Text name="msg_size">Grootte</Text>
	<Text name="msg_space">Vrije ruimte</Text>
	<Text name="msg_shoot_date">gefilmd</Text>
	<Text name="msg_updated_date">Bijgewerkt</Text>
	<Text name="msg_corrupted_data">Beschadigde data</Text>
	<Text name="msg_unsupported_data">Incompatibele data</Text>
	<Text name="msg_folder">Map</Text>
	<Text name="msg_resolution">Resolutie</Text>
	<Text name="msg_multiply">%1 x %2</Text>
	<Text name="msg_image">Afbeelding</Text>
	<Text name="msg_image_count">Afbeeldingen</Text>
	<Text name="msg_camera">Filmapparaat</Text>
	<Text name="msg_album">Album</Text>
	<Text name="msg_genre">Genre</Text>
	<Text name="msg_artist">Artiest</Text>
	<Text name="msg_imported_size">Grootte na importeren</Text>
	<Text name="msg_size_counting">Bezig met tellen...</Text>
	<Text name="msg_sale_year">Releasedatum</Text>
	<Text name="msg_play_time">Duur</Text>
	<Text name="msg_comment">Opmerking</Text>
	<Text name="msg_samplingfrequency">Samplingfrequentie</Text>
	<Text name="msg_disc_number">Discnummer</Text>
	<Text name="msg_track_count">Tracks</Text>
	<Text name="msg_track_number">Tracknummer</Text>
	<Text name="msg_track">Track</Text>
	<Text name="msg_bpm">BPM</Text>
	<Text name="msg_codec">Codec</Text>
	<Text name="msg_lastplay_datetime">Laatst afgespeeld</Text>
	<Text name="msg_ch">Kanaal</Text>
	<Text name="msg_various_artists">Diverse artiesten</Text>
	<Text name="msg_imported_date">Geïmporteerd op</Text>
	<Text name="msg_created_date">Gefilmd op</Text>
	<Text name="msg_start_date">Begint op</Text>
	<Text name="msg_expiration_date">Verloopt op</Text>
	<Text name="msg_remaining_time">Resterende uren</Text>
	<Text name="msg_play_count">Keren afgespeeld</Text>
	<Text name="msg_file_number">Bestandsnummer</Text>
	<Text name="msg_title">Titel</Text>
	<Text name="msg_subtitle">Ondertitel</Text>
	<Text name="msg_disc_type">Disctype</Text>
	<Text name="msg_disc_protect">Wachtwoordvergrendeling</Text>
	<Text name="msg_title_count">Titels</Text>
	<Text name="msg_video_codec">Videocodec</Text>
	<Text name="msg_audio_codec">Audiocodec</Text>
	<Text name="msg_file_type">Bestandstype</Text>
	<Text name="msg_mediaserver">Mediaserver</Text>
	<Text name="msg_dlna_date_time">Datum en tijd</Text>
	<Text name="msg_produced_date">Geproduceerd</Text>
	<Text name="msg_info_valid_from">Begint op</Text>
	<Text name="msg_info_valid_to">Verloopt op</Text>
	<Text name="msg_magicgate">MagicGate™</Text>
	<Text name="msg_mg_supported">Ondersteund</Text>
	<Text name="msg_mg_not_supported">Niet ondersteund</Text>
	<Text name="msg_info_unknown">Onbekend</Text>
	<Text name="msg_savedata_count">Opgeslagen</Text>
	<Text name="msg_model">Model</Text>
	<Text name="msg_can_play_only_for_variable_hours">(Notering: de inhoud kan alleen opnieuw worden weergegeven binnen %1 uren na de eerste weergeving.)</Text>
	<Text name="msg_can_play_only_for_variable_hours_game">(Notering: de inhoud kan alleen opnieuw worden weergegeven binnen %1 minuten na de eerste keer opstarten.)</Text>
	<Text name="msg_video_description">Beschrijving</Text>
	<Text name="msg_copyright">Copyright Informatie</Text>
	<Text name="msg_owner">Koper</Text>
	<Text name="msg_all_use_content_delete_cannot_use">Deze content kan worden gebruikt door andere gebruikers dan de kopers. Als u alle kopers verwijdert, kunt u de content echter niet meer gebruiken.</Text>
	<Text name="msg_need_save_psn_pw_other_owner_use_content">Deze content kan worden gebruikt door andere gebruikers dan de kopers. De content kan echter alleen door anderen worden gebruikt als het wachtwoord van de koper voor het Sony Entertainment Network is opgeslagen op het systeem.</Text>
	<Text name="msg_jpeg">JPEG</Text>
	<Text name="msg_gif">GIF</Text>
	<Text name="msg_png">PNG</Text>
	<Text name="msg_tiff">TIFF</Text>
	<Text name="msg_bmp">BMP</Text>
	<Text name="msg_mpo">MPO (MP Format)</Text>
	<Text name="msg_aac_kbps">AAC %1 kbps</Text>
	<Text name="msg_mp3_kpbs">MP3 %1 kbps</Text>
	<Text name="msg_atrac_kbps">ATRAC %1 kbps</Text>
	<Text name="msg_wma_kbps">WMA %1 kbps</Text>
	<Text name="msg_lpcm_bit_ch">Lineaire PCM  %1-bits  %2 kanalen</Text>
	<Text name="msg_non_lpcm">Non-linear PCM %1 kbps</Text>
	<Text name="msg_dsd_ch">DSD %1 kanalen</Text>
	<Text name="msg_dolby">Dolby Digital</Text>
	<Text name="msg_mpeg1">MPEG-1</Text>
	<Text name="msg_mpeg2">MPEG-2</Text>
	<Text name="msg_mpeg2_ts">MPEG-2 TS</Text>
	<Text name="msg_mpeg4">MPEG-4</Text>
	<Text name="msg_mpeg_layer1">MPEG Layer 1</Text>
	<Text name="msg_mpeg_layer2">MPEG Layer 2</Text>
	<Text name="msg_mpeg_layer3">MPEG Layer 3</Text>
	<Text name="msg_avc">AVC</Text>
	<Text name="msg_motion_jpeg">Motion JPEG</Text>
	<Text name="msg_divx">DivX®</Text>
	<Text name="msg_wmv">VC-1 (WMV)</Text>
	<Text name="msg_mpeg1_mbps">MPEG-1 %1 Mbps</Text>
	<Text name="msg_mpeg2_mbps">MPEG-2 %1 Mbps</Text>
	<Text name="msg_mpeg2_ts_mbps">MPEG-2 TS %1 Mbps</Text>
	<Text name="msg_mpeg4_mbps">MPEG-4 %1 Mbps</Text>
	<Text name="msg_avc_kbps">AVC %1 kbps</Text>
	<Text name="msg_khz">%1 kHz</Text>
	<Text name="msg_kbps">%1 kbps</Text>
	<Text name="msg_mbps">%1 Mbps</Text>
	<Text name="msg_ch_2">2 kan.</Text>
	<Text name="msg_multi_ch">Meerdere kanalen</Text>
	<Text name="msg_power_off_console">Schakel het systeem uit</Text>
	<Text name="msg_turnoff_system_ask">Wilt u het systeem uitzetten?</Text>
	<Text name="msg_after_background_download_auto_turn_off">Schakelt het systeem automatisch uit na het downloaden in de achtergrond</Text>
	<Text name="msg_slot_assign">Sleuven toewijzen</Text>
	<Text name="msg_slot1">Sleuf 1</Text>
	<Text name="msg_slot2">Sleuf 2</Text>
	<Text name="msg_eject">Verwijderen</Text>
	<Text name="msg_user_name">Gebruikersnaam</Text>
	<Text name="msg_need_quit_to_operate_ask">Om deze bewerking uit te voeren moet u [%1] sluiten.
Wilt u deze software nu sluiten?</Text>
	<Text name="msg_error_hdd_full_perform_operation">Er is niet genoeg ruimte op de systeemopslag.
Voor uitvoering van deze bewerking is minstens %1 meer ruimte vereist.</Text>
	<Text name="msg_content_already_copied">Deze content is mogelijk al gekopieerd.</Text>
	<Text name="msg_save_newly">Nieuw opslaan</Text>
	<Text name="msg_original_content">Bestaande content</Text>
	<Text name="msg_new_content">Nieuwe content</Text>
	<Text name="msg_save_destination_select">Selecteer het doel.</Text>
	<Text name="msg_error_no_storagemedia">Verbind het opslagmedium als opslaglocatie.</Text>
	<Text name="msg_ps3_photo">Systeemopslag (foto)</Text>
	<Text name="msg_ps3_video">Systeemopslag (video)</Text>
	<Text name="msg_ps3_music">Systeemopslag (muziek)</Text>
	<Text name="msg_folder_name">Mapnaam</Text>
	<Text name="msg_same_name_file">De opslaglocatie bevat al een bestand met deze naam.</Text>
	<Text name="msg_different_name_save">Naam wijzigen en opslaan</Text>
	<Text name="msg_overwrite_save">Overschrijven en opslaan</Text>
	<Text name="msg_save_no">Niet opslaan</Text>
	<Text name="msg_save_yes">Opslaan</Text>
	<Text name="msg_apply_all">Overal toepassen</Text>
	<Text name="msg_select_all">Select Alles</Text>
	<Text name="msg_deselect_all">Verwijder alles</Text>
	<Text name="msg_copying">Bezig met kopiëren...
Een ogenblik geduld.</Text>
	<Text name="msg_copied">Het kopiëren is voltooid.</Text>
	<Text name="msg_copy_incomplete_ms_ask">Er is niet genoeg vrije ruimte op de Memory Stick™. De kopieerbewerking kan mogelijk niet worden voltooid.
Wilt u doorgaan?</Text>
	<Text name="msg_copy_incomplete_sd_ask">Er is niet genoeg vrije ruimte op de SD Memory Card. De kopieerbewerking kan mogelijk niet worden voltooid.
Wilt u doorgaan?</Text>
	<Text name="msg_copy_incomplete_cf_ask">Er is niet genoeg vrije ruimte op de CompactFlash® Memory Card. De kopieerbewerking kan mogelijk niet worden voltooid.
Wilt u doorgaan?</Text>
	<Text name="msg_copy_incomplete_usb_ask">Er is niet genoeg vrije ruimte op het USB-apparaat. De kopieerbewerking kan mogelijk niet worden voltooid.
Wilt u doorgaan?</Text>
	<Text name="msg_copy_incomplete_hdd_ask">Er is niet genoeg ruimte op de systeemopslag. Het kopiëren kan misschien niet worden voltooid.
Wilt u doorgaan?</Text>
	<Text name="msg_copy_incomplete">Er is niet genoeg ruimte vrij. Het kopiëren is niet voltooid.</Text>
	<Text name="msg_completed_count">Voltooid</Text>
	<Text name="msg_copy_cancel_ask">Wilt u het kopiëren annuleren?</Text>
	<Text name="msg_error_content_over_copy">Het maximum aantal items dat als inhoud kan worden opgeslagen, is overschreden. Het kopiëren is niet voltooid.</Text>
	<Text name="msg_copied_delete_content_saved_ps3_ask">Kopiëren voltooid.
Wilt u de bestaande content die op het PS3™-systeem is opgeslagen, verwijderen?</Text>
	<Text name="msg_sure_to_delete_ask">Weet u zeker dat u dit wilt verwijderen?</Text>
	<Text name="msg_deleting">Bezig met verwijderen...
Een ogenblik geduld.</Text>
	<Text name="msg_deleted">Het verwijderen is voltooid.</Text>
	<Text name="msg_cannot_delete_folder_on_this_system">De map kan niet worden verwijderd met dit systeem.</Text>
	<Text name="msg_change_upfolder">Naar bovenliggende map</Text>
	<Text name="msg_create_newfolder">Maak een nieuwe map aan</Text>
	<Text name="msg_folder_name_new">Nieuwe map %1</Text>
	<Text name="msg_error_no_folder">Er is geen map.</Text>
	<Text name="msg_wait">Een ogenblik geduld...</Text>
	<Text name="msg_error">Er is een fout opgetreden.</Text>
	<Text name="msg_error_corrupted_data">De data zijn beschadigd.</Text>
	<Text name="msg_error_unsupported_data">Het datatype is niet ondersteund.</Text>
	<Text name="msg_error_copy">Er is een fout opgetreden tijdens het kopiëren.</Text>
	<Text name="msg_error_del">Er is een fout opgetreden tijdens het verwijderen.</Text>
	<Text name="msg_error_no_name">Er is geen naam ingevoerd.
Voer een naam van minimaal 1 teken in.</Text>
	<Text name="msg_error_ms_full">Er is niet genoeg vrije ruimte op de Memory Stick™.</Text>
	<Text name="msg_error_ms_locked">De Memory Stick™ is vergrendeld.</Text>
	<Text name="msg_error_ms_no_access">Toegang tot de Memory Stick™ is niet mogelijk.</Text>
	<Text name="msg_error_ms_no_read">De Memory Stick™ kan niet worden gelezen.</Text>
	<Text name="msg_error_no_ms">Er is geen Memory Stick™ geplaatst.</Text>
	<Text name="msg_error_sd_full">Er is niet genoeg vrije ruimte op de SD Memory Card.</Text>
	<Text name="msg_error_sd_locked">De SD Memory Card is vergrendeld.</Text>
	<Text name="msg_error_sd_no_access">Toegang tot de SD Memory Card is niet mogelijk.</Text>
	<Text name="msg_error_sd_no_read">De SD Memory Card kan niet worden gelezen.</Text>
	<Text name="msg_error_no_sd">Er is geen SD Memory Card geplaatst.</Text>
	<Text name="msg_error_cf_full">Er is niet genoeg vrije ruimte op de CompactFlash® Memory Card.</Text>
	<Text name="msg_error_cf_locked">De CompactFlash®-geheugenkaart is vergrendeld.</Text>
	<Text name="msg_error_cf_no_access">Toegang tot de CompactFlash®-geheugenkaart is niet mogelijk.</Text>
	<Text name="msg_error_cf_no_read">De CompactFlash®-geheugenkaart kan niet worden gelezen.</Text>
	<Text name="msg_error_no_cf">Er is geen CompactFlash®-geheugenkaart geplaatst.</Text>
	<Text name="msg_error_usb_full">Er is niet genoeg vrije ruimte op het USB-apparaat.</Text>
	<Text name="msg_error_usb_locked">Het USB-apparaat is vergrendeld.</Text>
	<Text name="msg_error_usb_no_access">Toegang tot het USB-apparaat is niet mogelijk.</Text>
	<Text name="msg_error_usb_no_read">Het USB-apparaat kan niet worden gelezen.</Text>
	<Text name="msg_error_no_usb">Er is geen USB-apparaat geplaatst.</Text>
	<Text name="msg_error_hdd_full">Er is niet genoeg ruimte op de systeemopslag.</Text>
	<Text name="msg_error_hdd_no_access">Toegang tot de systeemopslag is niet mogelijk.</Text>
	<Text name="msg_error_no_signin">U moet zich aanmelden bij het PlayStation®Network.</Text>
	<Text name="msg_error_no_signup">U moet zich inschrijven voor Sony Entertainment Network.</Text>
	<Text name="msg_icon_image_select">Selecteer de afbeelding die u als pictogram wilt gebruiken.</Text>
	<Text name="msg_icon_change_albumtrack_ask1">Het pictogram van alle tracks in het album wordt gewijzigd.
Wilt u doorgaan?</Text>
	<Text name="msg_cannot_display_all_mediaserver">Er zijn te veel mediaservers.
Sommige mediaservers worden niet weergegeven.</Text>
	<Text name="msg_scan_mediaserver">Zoeken naar mediaservers</Text>
	<Text name="msg_not_allowed_access_confirm_pls">Toegang tot de mediaserver is niet toegestaan. Het is mogelijk dat de systeemnaam van dit PS3™-systeem, "%1", niet geregistreerd is.
Controleer de instellingen voor de mediaserver.</Text>
	<Text name="msg_playlists">Afspeellijsten</Text>
	<Text name="msg_playlist_pane">Afspeellijst</Text>
	<Text name="msg_create_new_playlist">Nieuwe afspeellijst maken</Text>
	<Text name="msg_to_add_content_playlist_select_edit">Om content aan deze afspeellijst toe te voegen, selecteer [Bewerken] van de opties menu.</Text>
	<Text name="msg_error_cannot_edit_playlist_no_track">Er zijn geen tracks op de systeemopslag. De afspeellijst kan niet worden bewerkt.</Text>
	<Text name="msg_error_cannot_edit_playlist_no_image">Er zijn geen afbeeldingen op de systeemopslag. De afspeellijst kan niet worden bewerkt.</Text>
	<Text name="msg_error_same_name_cannot_use">Deze naam is reeds in gebruik.
Voer een andere naam in.</Text>
	<Text name="msg_error_no_content">Er zijn geen content items.</Text>
	<Text name="msg_add_to_playlist">Toevoegen aan afspeellijst</Text>
	<Text name="msg_add_playlist">Toevoegen</Text>
	<Text name="msg_add_all_playlist">Alles toevoegen</Text>
	<Text name="msg_delete_playlist_ask">De Afspeellijst wordt verwijderd.
Wilt u doorgaan?</Text>
	<Text name="msg_error_startdate_video">De inhoud is niet beschikbaar voor de begindatum.</Text>
	<Text name="msg_error_expired_video">De inhoud is verlopen en niet meer beschikbaar.</Text>
	<Text name="msg_info_no_time_limit">Geen tijdslimiet</Text>
	<Text name="msg_info__expired">Verlopen</Text>
	<Text name="msg_expires_on_variable">Verloopt op %1</Text>
	<Text name="msg_error_timelimited_video"><![CDATA[Deze content heeft een tijdslimiet.
Om deze handeling uit te voeren, gaat u naar [Instellingen] > [Datum- en tijdinstellingen] > [Datum en tijd] en selecteert u [Instellen via internet] om de tijd en datum in te stellen.]]></Text>
	<Text name="msg_can_play_variable_first_play_now_ask">De content kan na de eerste keer afspelen slechts gedurende %1 uur worden afgespeeld.
Wilt u het nu afspelen?</Text>
	<Text name="msg_del_content_cannot_dl_again_conf_psn">De content wordt verwijderd en kan niet opnieuw worden gedownload.
Weet u zeker dat u wilt doorgaan?</Text>
	<Text name="msg_to_enable_setting_enable_auto_login">De door u gemaakte wijzigingen hebben de volgende instellingen uitgeschakeld.
%1

Om deze instellingen in te schakelen moet u een gebruiker als automatisch inloggen instellen onder [Gebruikers]. Voor informatie omtrent het instellen van het automatisch inloggen, raadpleeg de online handleiding.</Text>
	<Text name="msg_to_enable_setting_enable_auto_signin">De door u gemaakte wijzigingen hebben de volgende instellingen uitgeschakeld.
%1

Om deze instellingen in te schakelen moet u automatisch aanmelden bij het PlayStation®Network hebben ingesteld. Voor informatie omtrent het instellen van het automatisch aanmelden, raadpleeg de online handleiding.</Text>
	<Text name="msg_remoteplay_remote_start"><![CDATA[[Instellingen] > [Remote-Play-instellingen] > [Remote-start]]]></Text>
	<Text name="msg_console_setting_auto_download"><![CDATA[[Instellingen] > [Systeeminstellingen] > [Automatisch updaten]]]></Text>
	<Text name="msg_lang_japan">Japans</Text>
	<Text name="msg_lang_english">Engels</Text>
	<Text name="msg_lang_french">Frans</Text>
	<Text name="msg_lang_spanish">Spaans</Text>
	<Text name="msg_lang_german">Duits</Text>
	<Text name="msg_lang_italian">Italiaans</Text>
	<Text name="msg_lang_dutch">Nederlands</Text>
	<Text name="msg_lang_portuguese">Portugees</Text>
	<Text name="msg_lang_russian">Russisch</Text>
	<Text name="msg_lang_polish">Pools</Text>
	<Text name="msg_lang_finnish">Fins</Text>
	<Text name="msg_lang_danish">Deens</Text>
	<Text name="msg_lang_norwegian">Noors</Text>
	<Text name="msg_lang_swedish">Zweeds</Text>
	<Text name="msg_lang_turkish">Turks</Text>
	<Text name="msg_lang_korean">Koreaans</Text>
	<Text name="msg_lang_chinese_t">Traditioneel Chinees</Text>
	<Text name="msg_lang_chinese_s">Vereenvoudigd Chinees</Text>
	<Text name="msg_lpcm">Lineaire PCM</Text>
	<Text name="msg_display_on">Weergeven</Text>
	<Text name="msg_display_off">Niet weergeven</Text>
	<Text name="msg_macaddress">MAC-adres</Text>
	<Text name="msg_ipaddress">IP-adres</Text>
	<Text name="msg_atrac_not_activated_set_pls"><![CDATA[ATRAC is niet ingeschakeld.
Ga naar [Instellingen] > [Systeeminstellingen] en schakel ATRAC in.]]></Text>
	<Text name="msg_backup">Backup maken</Text>
	<Text name="msg_restore">Herstellen</Text>
	<Text name="msg_audio_device_setting">Instellingen audioapparaat</Text>
	<Text name="msg_print">Afdrukken</Text>
	<Text name="msg_manufacturer">Fabrikant</Text>
	<Text name="msg_10min">Na 10 minuten</Text>
	<Text name="msg_20min">Na 20 minuten</Text>
	<Text name="msg_30min">Na 30 minuten</Text>
	<Text name="msg_remain_time">Resterende tijd</Text>
	<Text name="msg_others">Overige</Text>
	<Text name="msg_level_1">Niveau 1</Text>
	<Text name="msg_level_2">Niveau 2</Text>
	<Text name="msg_level_3">Niveau 3</Text>
	<Text name="msg_level_4">Niveau 4</Text>
	<Text name="msg_level_5">Niveau 5</Text>
	<Text name="msg_level_6">Niveau 6</Text>
	<Text name="msg_level_7">Niveau 7</Text>
	<Text name="msg_level_8">Niveau 8</Text>
	<Text name="msg_level_9">Niveau 9</Text>
	<Text name="msg_level_10">Niveau 10</Text>
	<Text name="msg_level_11">Niveau 11</Text>
	<Text name="msg_gameetc_pc">Ouderlijk toezicht</Text>
	<Text name="msg_netservice">PlayStation®Network</Text>
	<Text name="msg_error_server_connect_timeout">Er is een time-out opgetreden voor de verbinding met de server.</Text>
	<Text name="msg_cannot_operate_in_demonstration_mode">Deze bewerking is niet mogelijk tijdens een demonstratie.</Text>
	<Text name="msg_tool_install_file"><![CDATA[★ Install Package Files]]></Text>
	<Text name="msg_tool_app_home_ps3_game"><![CDATA[★ /app_home/PS3_GAME/]]></Text>
	<Text name="msg_tool_title_store_preview">Title Store Preview</Text>
	<Text name="msg_tool_title_store_preview_ingame"><![CDATA[★ Title Store Preview (inGame)]]></Text>
	<Text name="msg_tool_title_store_preview_store"><![CDATA[★ Title Store Preview (Store)]]></Text>
	<Text name="msg_tool_lock"><![CDATA[★ Lock]]></Text>
	<Text name="msg_tool_unlock"><![CDATA[★ Unlock]]></Text>
	<Text name="msg_tool_check"><![CDATA[★ Check]]></Text>
	<Text name="msg_tool_cancel_purchase"><![CDATA[★ Cancel Purchase]]></Text>
	<Text name="msg_tool_del"><![CDATA[★ Delete]]></Text>
	<Text name="msg_tool_import"><![CDATA[★ Import]]></Text>
	<Text name="msg_tool_export"><![CDATA[★ Export]]></Text>
	<Text name="msg_tool_quick_sign_up"><![CDATA[★ Quick Sign Up]]></Text>
	<Text name="msg_tool_performance_bar"><![CDATA[★ Performance Bar]]></Text>
	<Text name="msg_tool_no_memory_limit"><![CDATA[★ No Memory Limit]]></Text>
	<Text name="msg_tool_quick_preview"><![CDATA[★ Quick Preview]]></Text>
	<Text name="msg_tool_owner_info"><![CDATA[★ Owner Information]]></Text>
	<Text name="msg_no_trophy">There are no trophies.</Text>
	<Text name="msg_bdu_software">Software</Text>
	<Text name="msg_digitalcamera_image">Afbeeldingen uit digitale camera</Text>
	<Text name="msg_del_image_ask">De afbeelding wordt verwijderd.
Weet u zeker dat u wilt doorgaan?</Text>
	<Text name="msg_del_images_ask">De geselekteerde afbeeldingen worden verwijderd.
Weet u zeker dat u wilt doorgaan?</Text>
	<Text name="msg_del_camerafolder_ask">De map en alle afbeeldingen in de map (ook beveiligde afbeeldingen) worden verwijderd.
Weet u zeker dat u wilt doorgaan?</Text>
	<Text name="msg_del_image_protected_ask">Deze afbeelding is beveiligd.
Weet u zeker dat u de afbeelding wilt verwijderen?</Text>
	<Text name="msg_del_imagefolder_ask">De map en alle afbeeldingen in de map worden verwijderd.
Weet u zeker dat u wilt doorgaan?</Text>
	<Text name="msg_error_del_imagefolder">Het verwijderen is mislukt.
De map bevat data van een ander datatype dan afbeeldingsdata.</Text>
	<Text name="msg_del_image_select">Selecteer afbeeldingen die u wilt verwijderen.</Text>
	<Text name="msg_copy_image_select">Selecteer afbeeldingen die u wilt kopiëren.</Text>
	<Text name="msg_error_no_image_copy">Er zijn geen afbeeldingen die kunnen worden gekopieerd.</Text>
	<Text name="msg_error_no_image">Er zijn geen afbeeldingen.</Text>
	<Text name="msg_mmyyyy_jan">Jan %1</Text>
	<Text name="msg_mmyyyy_feb">Feb %1</Text>
	<Text name="msg_mmyyyy_mar">Mrt %1</Text>
	<Text name="msg_mmyyyy_apr">Apr %1</Text>
	<Text name="msg_mmyyyy_may">Mei %1</Text>
	<Text name="msg_mmyyyy_jun">Jun %1</Text>
	<Text name="msg_mmyyyy_jul">Jul %1</Text>
	<Text name="msg_mmyyyy_aug">Aug %1</Text>
	<Text name="msg_mmyyyy_sep">Sep %1</Text>
	<Text name="msg_mmyyyy_oct">Okt %1</Text>
	<Text name="msg_mmyyyy_nov">Nov %1</Text>
	<Text name="msg_mmyyyy_dec">Dec %1</Text>
	<Text name="msg_yyyy">%1</Text>
	<Text name="msg_slideshow_type1">Dia</Text>
	<Text name="msg_slideshow_type2">Staand</Text>
	<Text name="msg_slideshow_type3">Fotoalbum</Text>
	<Text name="msg_slideshow_type4">Fotoalbum 2</Text>
	<Text name="msg_piccto_explanation">Maak een album om van uw foto's te genieten en ze te verbeteren.
Zet de foto's op uw PS3™-systeem om in schitterende albums in slechts enkele minuten.
U kunt uw foto's per thema sorteren, muziek toevoegen voor de verbetering van een diashow of aangepaste kaders aan uw favoriete foto's toevoegen. Hoe meer foto's u toevoegt, hoe meer plezier u kunt beleven - de mogelijkheden zijn eindeloos!</Text>
	<Text name="msg_piccto_explanation_sd">Maak een album om van uw foto's te genieten en ze te verbeteren.
Zet de foto's op uw PS3™-systeem om in schitterende albums in slechts enkele minuten.</Text>
	<Text name="msg_cddbdata_getting">Bezig met verkrijgen van CD-informatie...
Een ogenblik geduld.</Text>
	<Text name="msg_cddbdata_pluralfound_select">Er zijn meerdere CD-informatie-items aangetroffen.
Selecteer de juiste CD-informatie-item.</Text>
	<Text name="msg_cddbdata_send">Verstuur CD-informatie</Text>
	<Text name="msg_cddbdata_sending">Bezig met versturen CD-informatie...
Een ogenblik geduld.</Text>
	<Text name="msg_select_import">Meerdere importeren</Text>
	<Text name="msg_select_import_pls">Tracks selecteren om te importeren.</Text>
	<Text name="msg_copy_track_select">Selecteer tracks die u wilt kopiëren.</Text>
	<Text name="msg_del_track_protected_ask">Deze track is beschermd.
Weet u zeker dat u deze track wilt verwijderen?</Text>
	<Text name="msg_del_folder_track_protected_ask">De map en alle tracks in de map, beschermde tracks inbegrepen, worden verwijderd.
Weet u zeker dat u wilt doorgaan?</Text>
	<Text name="msg_cannot_copy_protected_truck">Auteursrechtelijk beveiligde tracks worden niet gekopieerd.</Text>
	<Text name="msg_copied_except_copyright_protected_track">Het kopiëren is voltooid.
Auteursrechtelijk beveiligde tracks zijn niet gekopieerd.</Text>
	<Text name="msg_del_track_select">Selecteer tracks die u wilt verwijderen.</Text>
	<Text name="msg_del_track_ask">Weet u zeker dat u de track wilt verwijderen?</Text>
	<Text name="msg_del_tracks_ask">Weet u zeker dat u de geselecteerde tracks wilt verwijderen?</Text>
	<Text name="msg_del_trackfolder_ask">De map en alle tracks in de map worden verwijderd.
Weet u zeker dat u wilt doorgaan?</Text>
	<Text name="msg_error_del_trackfolder_different">De map kon niet worden verwijderd.
De map bevat behalve muziekdata ook andere soorten data.</Text>
	<Text name="msg_importing">Bezig met importeren...
Een ogenblik geduld.</Text>
	<Text name="msg_import_cancel_ask">Wilt u het importeren annuleren?</Text>
	<Text name="msg_imported">Het importeren is voltooid.</Text>
	<Text name="msg_error_import">Er is een fout opgetreden tijdens het importeren.</Text>
	<Text name="msg_error_track_over">Het maximum aantal tracks dat kan worden opgeslagen, is overschreden.
Het importeren is gestopt.</Text>
	<Text name="msg_error_no_trackfolder_copy">Er zijn geen tracks die kunnen worden gekopieerd.</Text>
	<Text name="msg_error_copyright_track">De informatie voor de auteursrechtelijke beveiliging is ongeldig.</Text>
	<Text name="msg_changedinfo_save_music_ask">Wilt u de herziene informatie opslaan?
De herziene inhoud wordt toegepast op alle tracks in de map.</Text>
	<Text name="msg_error_no_track">Er zijn geen tracks.</Text>
	<Text name="msg_error_no_nexttrack">Er is geen track beschikbaar.</Text>
	<Text name="msg_error_no_prevtrack">Er is geen track beschikbaar.</Text>
	<Text name="msg_track_number_value">Track %1</Text>
	<Text name="msg_digitalcamera_video">Films uit digitale camera</Text>
	<Text name="msg_psstore_video_offline_explanation_sd">Alleen PlayStation®Store is de plaats voor het huren of kopen van de laatste films voor uw PS3™-, PS Vita en PSP™-systemen.
Bezoek PlayStation®Store vandaag.</Text>
	<Text name="msg_psstore_video_offline_explanation_hd">Alleen PlayStation®Store is de plaats voor het huren of kopen van de laatste films voor uw PS3™-, PS Vita en PSP™-systemen.
Bezoek PlayStation®Store vandaag.</Text>
	<Text name="msg_error_no_title">Er zijn geen titels.</Text>
	<Text name="msg_error_title_over">Het maximum aantal titels dat kan worden opgeslagen, is overschreden.</Text>
	<Text name="msg_copy_title_select">Selecteer de te kopiëren titels.</Text>
	<Text name="msg_copy_titlefolder2">Auteursrechtelijk beschermde titels worden niet gekopiëerd.</Text>
	<Text name="msg_error_no_title_copy">Er zijn geen titels die kunnen worden gekopiëerd.</Text>
	<Text name="msg_error_magicgate_device_required">Voor deze bewerking is een USB-apparaat nodig dat compatibel is met de functies voor auteursrechtelijke beveiliging.</Text>
	<Text name="msg_copied_except_copyright_protected_title">Het kopiëren is voltooid.
Auteursrechtelijk beveiligde titels zijn niet gekopieerd.</Text>
	<Text name="msg_title_number_value">Titel %1</Text>
	<Text name="msg_smove_destination_select">Selecteer het doel.</Text>
	<Text name="msg_smoving">Bezig met verplaatsen...
Een ogenblik aub.</Text>
	<Text name="msg_smove_cancel_ask">Wilt u de verplaatsbewerking annuleren?</Text>
	<Text name="msg_smoved">Het verplaatsen is voltooid.</Text>
	<Text name="msg_error_smove">Er is een fout opgetreden tijdens de verplaatsbewerking.</Text>
	<Text name="msg_error_move_mspro">De verplaatsbewerking kan niet worden voltooid.
Als u deze titel wilt verplaatsen, moet u een Memory Stick PRO™ gebruiken.</Text>
	<Text name="msg_del_title_select">Selecteer de titel die u wilt verwijderen.</Text>
	<Text name="msg_del_title_ask">De titel wordt verwijderd.
Weet u zeker dat u wilt doorgaan?</Text>
	<Text name="msg_del_titles_ask">De geselecteerde titels worden verwijderd.
Weet u zeker dat u wilt doorgaan?</Text>
	<Text name="msg_del_titlefolder_ask">De map en alle titels in de map worden verwijderd.
Weet u zeker dat u wilt doorgaan?</Text>
	<Text name="msg_del_camerafolder_video_ask">De map en alle titels in de map (ook beveiligde titels) worden verwijderd.
Weet u zeker dat u wilt doorgaan?</Text>
	<Text name="msg_del_title_protected_ask">Deze titel is beveiligd.
Weet u zeker dat u de titel wilt verwijderen?</Text>
	<Text name="msg_error_del_movie_folder">De map kan niet worden verwijderd.
De map bevat data van een ander datatype dan videodata.</Text>
	<Text name="msg_error_smove_prohibit">Deze titel kan niet worden verplaatst.</Text>
	<Text name="msg_corrupted_copyright">De informatie voor de auteursrechtelijke beveiliging is beschadigd en wordt hersteld.</Text>
	<Text name="msg_error_corrupted_copyright">Er is een fout opgetreden tijdens het herstellen van de informatie voor de auteursrechtelijke beveiliging.</Text>
	<Text name="msg_error_no_execute">Deze bewerking is hier niet beschikbaar.</Text>
	<Text name="msg_video_editor_and_upload"><![CDATA[Video Editor & Uploader]]></Text>
	<Text name="msg_video_editor_explanation">U kunt een video naar keuze bewerken, deze uploaden naar een website voor het delen van video's en dan uw vrienden uitnodigen om deze video te bekijken.</Text>
	<Text name="msg_create_new_video">Maak een nieuwe video</Text>
	<Text name="msg_del_content_ask">De content wordt verwijderd.
Weet u zeker dat u wilt doorgaan?</Text>
	<Text name="msg_error_create_content_number_over">Het maximum aantal content items dat kan worden gemaakt, is overschreden.</Text>
	<Text name="msg_backup_data_utility">Hulpprogramma voor backupdata</Text>
	<Text name="msg_bd_data_utility">BD-data hulpprogramma</Text>
	<Text name="msg_common_cache_data">Gemeenschappelijke Cache Data</Text>
	<Text name="msg_bd_data_delete_ask">De BD-data zal worden verwijderd.
Weet u zeker dat u wilt doorgaan?</Text>
	<Text name="msg_service_coming_soon">Deze service is spoedig beschikbaar.</Text>
	<Text name="msg_service_app_install_folder">My Channels</Text>
	<Text name="msg_vita_application_utility">Hulpprogramma voor de PS Vita-systeemapplicatie</Text>
	<Text name="msg_applications_vita">Applicaties (PS Vita)</Text>
	<Text name="msg_applications_psp_other">Applicaties (PSP™/andere)</Text>
	<Text name="msg_applications_ps1">Applicaties (PS)</Text>
	<Text name="msg_applications_psm">Applicaties (PlayStation®Mobile)</Text>
	<Text name="msg_gamedata_utility">Hulpprogramma voor gamedata</Text>
	<Text name="msg_savedata_utility_ps3">Hulpprogramma voor opgeslagen data (PS3™)</Text>
	<Text name="msg_savedata_utility_ps2">Hulpprogramma voor opgeslagen data (PS2)</Text>
	<Text name="msg_savedata_utility_minis_psp">Hulpprogramma voor opgeslagen data (minis/PSP™)</Text>
	<Text name="msg_savedata_utility_psp_emu_psp">Hulpprogramma voor opgeslagen data (PSP™ Remaster/PSP™)</Text>
	<Text name="msg_savedata_utility_minis_psp_emu_psp">Hulpprogramma voor opgeslagen data (minis/PSP™ Remaster/PSP™)</Text>
	<Text name="msg_memory_card_utility">Diensten voor Memory Card</Text>
	<Text name="msg_content_pc">Content is door ouderlijk toezicht beperkt</Text>
	<Text name="msg_ps1_gamedisc">Disc in PlayStation®-formaat</Text>
	<Text name="msg_ps2_gamedisc">Disc in PlayStation®2-formaat</Text>
	<Text name="msg_ps2_format_software">Software in PlayStation®2-formaat</Text>
	<Text name="msg_playstation">PlayStation®</Text>
	<Text name="msg_playstation2">PlayStation®2</Text>
	<Text name="msg_playstation3">PlayStation®3</Text>
	<Text name="msg_minis">minis</Text>
	<Text name="msg_psp_emu">PSP™ Remaster</Text>
	<Text name="msg_pc_engine">PCEngine</Text>
	<Text name="msg_neogeo">NEOGEO</Text>
	<Text name="msg_cannot_start_unless_install_install_ask">Deze game kan alleen worden gestart na installatie op de systeemopslag.
Wilt U het installeren beginnen?</Text>
	<Text name="msg_psstore_game_offline_explanation_sd">PlayStation®Store zit boordevol exclusieve downloadbare games, GRATIS PS3™- demo's, uitbreidingspakketten en video's.

Bezoek de PlayStation®Store vandaag nog!</Text>
	<Text name="msg_psstore_game_offline_explanation_hd">De PlayStation®Store is GRATIS* toegankelijk. Het is de enige plek waar je nieuwe en exclusieve downloadbare games, GRATIS PS3™- demo's, uitbreidingspakketten en video's in high definition kunt downloaden.

Haal meer uit je PS3™ en bezoek de PlayStation®Store vandaag nog.

* Breedbandinternetverbinding vereist.</Text>
	<Text name="msg_disc_benefit">Discvoordelen</Text>
	<Text name="msg_select_receive_disc_benefit">Selecteer deze optie om de discvoordelen te ontvangen.</Text>
	<Text name="msg_only_for_psp_need_copy_ask">U kunt deze content gebruiken op een PSP™-systeem.
Wilt u het kopiëren naar een PSP™-systeem?</Text>
	<Text name="msg_error_cannot_use_content_download_again_copy_can_use"><![CDATA[Deze content is niet beschikbaar voor gebruik.
Meld u aan met de account dat was gebruikt om deze content aan te kopen en selecteer dan [Overzicht gedownload] onder [PlayStation®Network] > [PlayStation®Store] om de content opnieuw te downloaden.
Om deze content te gebruiken, moet u het downloaden en vervolgens kopiëren naar een apparaat dat het gebruik ervan ondersteunt.]]></Text>
	<Text name="msg_when_use_content_on_vita_hint">Als u de content gebruikt op een PS Vita-systeem, maak dan verbinding met het PS Vita-systeem met behulp van een USB-kabel en start [Content manager] op het PS Vita-systeem.</Text>
	<Text name="msg_error_cannot_play_ps2_format">Dit model van het PS3™-systeem is niet compatibel met software in PlayStation®2-formaat.</Text>
	<Text name="msg_error_game_wrong_region">Deze software kan niet worden gestart door regiobeperkingen.</Text>
	<Text name="msg_error_gamedisc_cannot_start">Deze disc kan niet worden gestart.</Text>
	<Text name="msg_error_game_start_failure">Er is een fout opgetreden tijdens het starten.</Text>
	<Text name="msg_current_systemsoftware_update_ask">De systeemsoftware van uw PS3™-systeem is versie %1.
Voordat u kunt beginnen, moet u eerst updaten naar versie %2 of hoger.
Wilt u nu updaten?</Text>
	<Text name="msg_systemsoftware_update_ask">U moet de systeemsoftware updaten voordat u het systeem opnieuw gebruikt.</Text>
	<Text name="msg_game_start">Starten</Text>
	<Text name="msg_about_game">Info over deze game</Text>
	<Text name="msg_about_game_ps3_content">Library programs ©Sony Computer Entertainment Inc. Licensed for play on the PlayStation®3 Computer Entertainment System or authorized PlayStation®3 format systems. For full terms and conditions see the user's manual. This product is authorized and produced under license from Sony Computer Entertainment Inc. Use is subject to the copyright laws and the terms and conditions of the user's license.</Text>
	<Text name="msg_game_update_history">Updategeschiedenis</Text>
	<Text name="msg_purchase">Aankopen</Text>
	<Text name="msg_savedata_auto_upload">Automatisch uploaden opgeslagen data</Text>
	<Text name="msg_installgame_delete_ask">De geïnstalleerde game wordt verwijderd.
Weet u zeker dat u wilt doorgaan?</Text>
	<Text name="msg_error_no_savedata">Er zijn geen opgeslagen data.</Text>
	<Text name="msg_info_detail">Details</Text>
	<Text name="msg_protection">Vergrendelen</Text>
	<Text name="msg_copy_prohibited">Kopiëren niet toegestaan</Text>
	<Text name="msg_error_history_auto_upload">Foutgeschiedenis (Automatisch uploaden)</Text>
	<Text name="msg_online_storage">Online opslag</Text>
	<Text name="msg_online_storage_explanation">Slaat opgeslagen data online op.
Breid uw gaming horizonten uit door uw opgeslagen data te downloaden naar het PS3™-systeem van een vriend om verder te gaan in uw game of een online back-up te nemen van uw data.</Text>
	<Text name="msg_to_save_data_select_copy_option">Om uw data op de online opslag op te slaan, selecteert u eerst de data die u wilt opslaan en vervolgens [Kopiëren] in het optie-menu.</Text>
	<Text name="msg_save_data_copy_prohibited_upload_explanation">Er zijn beperkingen van toepassing over hoe vaak u deze opgeslagen data van uw online opslag kunt downloaden.
U kunt alleen vanaf uw online opslag downloaden na het passeren van %1 uur sinds uw laaste upload of download.
U kunt op elk gewenst moment naar uw online opslag uploaden.</Text>
	<Text name="msg_error_online_storage_full">Er is niet genoeg vrije ruimte op de online opslag.
Voor het kopiëren is minstens %1 meer ruimte vereist.</Text>
	<Text name="msg_error_save_data_copy_prohibited_download">U kunt deze opgeslagen data op dit moment niet downloaden.
U kunt slechts eenmaal per %1 uur downloaden.

Volgende beschikbare download:
%2</Text>
	<Text name="msg_vmc_ps1">Interne Memory Card (PS)</Text>
	<Text name="msg_vmc_ps2">Interne Memory Card (PS2)</Text>
	<Text name="msg_free_space_vmc_ps1">%1 / 120 KB</Text>
	<Text name="msg_free_space_vmc_ps2">%1 / 7998 KB</Text>
	<Text name="msg_category">Type</Text>
	<Text name="msg_savedata">Opgeslagen data</Text>
	<Text name="msg_savedata_ps1">Opgeslagen data (PlayStation®)</Text>
	<Text name="msg_savedata_ps2">Opgeslagen data (PlayStation®2)</Text>
	<Text name="msg_application_ps2">Software (PlayStation®2)</Text>
	<Text name="msg_application_pocketstation">Software (PocketStation™)</Text>
	<Text name="msg_setting_file_ps2">Instellingenbestand (PlayStation®2)</Text>
	<Text name="msg_system_driver_ps2">Systeemstuurprogramma (PlayStation®2)</Text>
	<Text name="msg_unknown_data">Onbekend</Text>
	<Text name="msg_vmc">Interne Memory Card</Text>
	<Text name="msg_error_no_vmc">Er zijn geen interne Memory Cards.</Text>
	<Text name="msg_free_space_vmc_ps1_w_title">Vrije ruimte: %1 / 120 KB</Text>
	<Text name="msg_free_space_vmc_ps2_w_title">Vrije ruimte: %1 / 7998 KB</Text>
	<Text name="msg_pocketstation">PocketStation™</Text>
	<Text name="msg_created_date_time">Gemaakt op</Text>
	<Text name="msg_error_mc_no_access">Toegang tot de Memory Card is niet mogelijk.</Text>
	<Text name="msg_error_savedata_cannot_copy">Kopiëren van deze opgeslagen data is niet toegestaan.</Text>
	<Text name="msg_error_no_gamedata">Er zijn geen gamedata.</Text>
	<Text name="msg_update_quit_software_update">De nieuwste updatedata zijn aangetroffen.
Het systeem zal deze software beëindigen en de installatie starten.</Text>
	<Text name="msg_wait_donot_turn_off">Een ogenblik geduld...
Schakel het systeem niet uit.</Text>
	<Text name="msg_playmode">Afspeelmodus</Text>
	<Text name="msg_play_track_select">Selecteer de track die u wilt afspelen.</Text>
	<Text name="msg_no_data">Er zijn geen data.</Text>
	<Text name="msg_error_service_stop">De service is beëindigd.</Text>
	<Text name="msg_error_account_service">Gebruik van deze service is afgezet voor deze account.</Text>
	<Text name="msg_browser">Internetbrowser</Text>
	<Text name="msg_ps3_portal">PlayStation®Store</Text>
	<Text name="msg_psp_connection">Remote-play</Text>
	<Text name="msg_remoteplay_explanation"><![CDATA[Gebruik een apparaat dat remote-play ondersteund (zoals een PS Vita- of PSP™-systeem) om dit systeem via een netwerk te bedienen. Ga naar [Instellingen] > [Remote-Play-instellingen] > [Apparaat registreren] en registreer het remote-play-apparaat.]]></Text>
	<Text name="msg_onlinemanual">Online handleiding</Text>
	<Text name="msg_file">Bestand</Text>
	<Text name="msg_open">Openen</Text>
	<Text name="msg_internet_search">Internetzoeken</Text>
	<Text name="msg_download_cancel_ask">Wilt u het downloaden annuleren?</Text>
	<Text name="msg_error_server_transaction_failure">Er is een fout opgetreden tijdens communicatie met de server.</Text>
	<Text name="msg_no_file">Er is geen bestand.</Text>
	<Text name="msg_content_not_support_remoteplay">Deze content kan niet tijdens remote-play worden gebruikt.</Text>
	<Text name="msg_error_cannot_operate_remoteplay">Deze bewerking kan niet worden uitgevoerd tijdens remote-play.</Text>
	<Text name="msg_error_cannot_start_can_play_follow_device">Kan niet starten.
U kunt deze content alleen starten vanaf de volgende apparaten tijdens remote-play:</Text>
	<Text name="msg_error_need_update_psp">U moet een software-update uitvoeren voor het PSP™-systeem.
Zie de handleiding voor het PSP™-systeem, voor informatie over de update-methoden.</Text>
	<Text name="msg_error_no_signup_ask">U moet zich inschrijven voor Sony Entertainment Network.
Wilt u zich nu inschrijven?</Text>
	<Text name="msg_download_control">Downloadbeheer</Text>
	<Text name="msg_no_download_content">Er zijn geen downloads.</Text>
	<Text name="msg_variable_downloading">%1%% Bezig met downloaden...</Text>
	<Text name="msg_variable_download_error">%1%% Downloadfout</Text>
	<Text name="msg_variable_download_waiting">%1%% In afwachting</Text>
	<Text name="msg_variable_download_pausing">%1%% In pauze</Text>
	<Text name="msg_pause_all">Alles pauzeren</Text>
	<Text name="msg_resume_all">Alles hervatten</Text>
	<Text name="msg_progress">Status</Text>
	<Text name="msg_resume">Hervatten</Text>
	<Text name="msg_download_restart">Download hervatten</Text>
	<Text name="msg_download_cancel">Download annuleren</Text>
	<Text name="msg_install">Installeren</Text>
	<Text name="msg_download_content_was_deleted">De inhoud was van de server verwijderd.</Text>
	<Text name="msg_need_app_software_download_ask">Als u deze functie wilt gebruiken, moet u eerst software downloaden.
Wilt u nu downloaden?</Text>
	<Text name="msg_cellbrowser_foldingathome">Folding@home™</Text>
	<Text name="msg_auto_start">Auto-Start</Text>
	<Text name="msg_title_lwp">Life with PlayStation®</Text>
	<Text name="msg_psstore_explanation_sd">PlayStation®Store zit boordevol exclusieve downloadbare games, GRATIS PS3™- demo's, uitbreidingspakketten en video's.

Bezoek de PlayStation®Store vandaag nog!</Text>
	<Text name="msg_psstore_explanation_hd">De PlayStation®Store is GRATIS* toegankelijk. Het is de enige plek waar je nieuwe en exclusieve downloadbare games, GRATIS PS3™- demo's, uitbreidingspakketten en video's in high definition kunt downloaden.

Haal meer uit je PS3™ en bezoek de PlayStation®Store vandaag nog.

* Breedbandinternetverbinding vereist.</Text>
	<Text name="msg_reg_explanation_sd">Geniet van GRATIS* online gaming, download games, uitbreidingspakketten en exclusieve content, chat met je vrienden en vergelijk trofeeën.
Meld je nu aan en laat de pret beginnen!
* Breedbandinternetverbinding vereist.</Text>
	<Text name="msg_reg_explanation_hd">PlayStation®Network draait volledig om entertainment en interactie.
Geniet van GRATIS* online gaming, download geweldige nieuwe games, uitbreidingspakketten voor games voor een keur aan toptitels en bemachtig exclusieve content, chat met je vrienden en vergelijk trofeeën.

Meld je vandaag nog aan: het is makkelijk en het is GRATIS!

* Breedbandinternetverbinding vereist.</Text>
	<Text name="msg_account_manage">Accountbeheer</Text>
	<Text name="msg_can_change_psn_account_psstore_setteing">Regel de instellingen voor uw account of voor aankoop bij PlayStation®Store.</Text>
	<Text name="msg_your_channel">Wat is er nieuw?</Text>
	<Text name="msg_your_channel_offline_explanation_hd">Welkom bij PlayStation®3.
Op het scherm ‘Wat is er nieuw?’ vind je het laatste PlayStation®-nieuws en updates, en heb je snel toegang tot de laatst gespeelde games.
Maak verbinding met PlayStation®Network* om naar het scherm ‘Wat is er nieuw?’ te gaan. Aanmelden is gratis en er gaat een wereld van plezier voor je open. Meld je vandaag nog aan!

* Snelle internetverbinding vereist.</Text>
	<Text name="msg_your_channel_offline_explanation_sd">Op het scherm ‘Wat is er nieuw?’ vind je het laatste PlayStation®-nieuws en heb je toegang tot de laatst gespeelde games. Maak verbinding met PlayStation®Network*. Aanmelden is gratis en er gaat een wereld van plezier voor je open.
* Snelle internetverbinding vereist.</Text>
	<Text name="msg_your_channel_caution_launching_website">U opent een Internet-website.</Text>
	<Text name="msg_trophy_collection">Trofeecollectie</Text>
	<Text name="msg_trophy_count">Trofeeën</Text>
	<Text name="msg_gain_date">Gewonnen</Text>
	<Text name="msg_no_trophy_explanation">Er zijn geen trofeeën.
Als u een game speelt die de trofee functie ondersteund en u trofeeën verzamelt, worden deze hier weergegeven.</Text>
	<Text name="msg_compare_trophy">Vergelijk trofeeën</Text>
	<Text name="msg_trophy_grade">Rang</Text>
	<Text name="msg_trophy_platinum">Platina</Text>
	<Text name="msg_trophy_gold">Goud</Text>
	<Text name="msg_trophy_silver">Zilver</Text>
	<Text name="msg_trophy_bronze">Brons</Text>
	<Text name="msg_sync_with_server">Synchroniseren met server</Text>
	<Text name="msg_switch_mode">Modus wijzigen</Text>
	<Text name="msg_online_mode">Onlinemodus</Text>
	<Text name="msg_online_mode_trophy_explanation">Onlinemodus
In deze modus kunt u trofee-informatie bekijken die is opgeslagen op de server.</Text>
	<Text name="msg_offline_mode">Offlinemodus</Text>
	<Text name="msg_offline_mode_trophy_explanation">Offlinemodus
In deze modus kunt u trofee-informatie bekijken die is opgeslagen op het systeem.</Text>
	<Text name="msg_trophy_base_addon">Basisgame/uitbreiding</Text>
	<Text name="msg_hidden_trophy_name">Verborgen trofee</Text>
	<Text name="msg_original_f">Oorspronkelijke volgorde</Text>
	<Text name="msg_trophy_grade_f">Rang</Text>
	<Text name="msg_trophy_earned_f">Datum gewonnen ▲</Text>
	<Text name="msg_trophy_earned_r">Datum gewonnen ▼</Text>
	<Text name="msg_privacy_settings">Privacy-instellingen</Text>
	<Text name="msg_ps_plus_psn">PlayStation®Plus</Text>
	<Text name="msg_health_warning_psn">Gezondheidswaarschuwing</Text>
	<Text name="msg_psp_exclusive_install_ask">Deze content is exclusief voor gebruik met het PSP™-systeem.
Wilt u dit nu op het PSP™-systeem installeren?</Text>
	<Text name="msg_bonus_digital_copy">Digital Copy</Text>
	<Text name="msg_bonus_digital_copy_explanation">Deze content kan gebruikt worden na het aanmelden op het PlayStation®Network en nadat de content naar de systeemopslag van dit systeem is gekopieerd.</Text>
	<Text name="msg_error_service_not_available_region">Deze service is niet beschikbaar in uw land/regio.</Text>
	<Text name="msg_sigining_in2">Bezig met aanmelden...</Text>
	<Text name="msg_auto_signin_off">Automatisch aanmelden uit</Text>
	<Text name="msg_auto_signin">Automatisch aanmelden</Text>
	<Text name="msg_signout">Afmelden</Text>
	<Text name="msg_error_no_execute_psn_maintenance_partially">Kan de bewerking niet uitvoeren.
Momenteel vindt onderhoud plaats op enkele functies van het Sony Entertainment Network.</Text>
	<Text name="msg_error_no_player">Er zijn geen spelers aangetroffen.</Text>
	<Text name="msg_signin">Aanmelden</Text>
	<Text name="msg_ignore_list">Geblokkeerde personen</Text>
	<Text name="msg_friend_register">Vriend toevoegen</Text>
	<Text name="msg_play_with">Ontmoete spelers</Text>
	<Text name="msg_av_chatroom">Spraak/video chatruimte</Text>
	<Text name="msg_game_chatroom">Chatruimte voor games</Text>
	<Text name="msg_msg_box">Berichtvenster</Text>
	<Text name="msg_last_signin_minute_ago">Laatste aanmelding: %1 minuten geleden</Text>
	<Text name="msg_last_signin_hour_ago">Laatste aanmelding: %1 uur geleden</Text>
	<Text name="msg_last_signin_day_ago">Laatste aanmelding: %1 dagen geleden</Text>
	<Text name="msg_last_signin_month_ago">Laatste aanmelding: %1 maanden geleden</Text>
	<Text name="msg_last_signin_more_than_2year_ago">Laatste aanmelding: 2 of meer jaar geleden</Text>
	<Text name="msg_to">Aan</Text>
	<Text name="msg_sent">Het verzenden is voltooid.</Text>
	<Text name="msg_registered">Toevoegen voltooid.</Text>
	<Text name="msg_error_registered_number_over">Het maximum aantal personen dat kan worden toegevoegd, is bereikt.</Text>
	<Text name="msg_error_cannot_register_myself">U kunt uzelf niet toevoegen.</Text>
	<Text name="msg_accept_friend_register_ask">Wilt u als een vriend worden toegevoegd?</Text>
	<Text name="msg_register_request">Verzoek als vriend</Text>
	<Text name="msg_asking_to_add">In afwachting op een reactie op uw verzoek als vriend.</Text>
	<Text name="msg_asked_to_add">U hebt een verzoek als vriend ontvangen.</Text>
	<Text name="msg_msg_list">Berichtenlijst</Text>
	<Text name="msg_start_new_chat">Nieuwe chat beginnen</Text>
	<Text name="msg_new_msg">Bericht maken</Text>
	<Text name="msg_error_no_msg">Er zijn geen berichten.</Text>
	<Text name="msg_status_f">Status</Text>
	<Text name="msg_name_f">Naam</Text>
	<Text name="msg_online_id">Online-id</Text>
	<Text name="msg_online_name">Online naam</Text>
	<Text name="msg_about_me">Informatie over mij</Text>
	<Text name="msg_my_lang">Mijn talen</Text>
	<Text name="msg_received_msg_count">Ontvangen berichten</Text>
	<Text name="msg_unread_msg_count">Ongelezen berichten</Text>
	<Text name="msg_protect_msg_count">Beveiligde berichten</Text>
	<Text name="msg_sent_msg_count">Verzonden berichten</Text>
	<Text name="msg_received_msg_count_with_variable">Ontvangen berichten %1</Text>
	<Text name="msg_sent_msg_count_with_variable">Verzonden berichten %1</Text>
	<Text name="msg_from">Van</Text>
	<Text name="msg_received_datetime">Ontvangen</Text>
	<Text name="msg_sent_datetime">Verzonden</Text>
	<Text name="msg_reply_to_friend_register">Beantwoorden verzoek als vriend</Text>
	<Text name="msg_del_addingfriend_ask">Een vriend die wacht om te worden toegevoegd, wordt verwijderd.
Als u deze vriend verwijdert, wordt ook u verwijderd uit de vriendenlijst van die persoon.
Weet u zeker dat u wilt doorgaan?</Text>
	<Text name="msg_del_friend_ask">Deze vriend wordt verwijderd.
Als u deze vriend verwijdert, wordt ook u verwijderd uit de vriendenlijst van die persoon.
Weet u zeker dat u wilt doorgaan?</Text>
	<Text name="msg_status">Status</Text>
	<Text name="msg_profile">Profiel</Text>
	<Text name="msg_online">Online</Text>
	<Text name="msg_afk">Niet beschikbaar</Text>
	<Text name="msg_add_ignore_list">Toevoegen aan geblokkeerde personen</Text>
	<Text name="msg_game_title">Naam spel</Text>
	<Text name="msg_information">Informatie</Text>
	<Text name="msg_played_date_hour">Gespeeld</Text>
	<Text name="msg_add_ignore_list_ask">Als u deze persoon blokkeert, krijgt u geen berichten meer van deze persoon.
Wilt u doorgaan?</Text>
	<Text name="msg_adding">Bezig met toevoegen...
Een ogenblik geduld.</Text>
	<Text name="msg_del_from_ignore_list">Verwijderen uit geblokkeerde personen</Text>
	<Text name="msg_del_ignore_list_ask">Weet u zeker dat u de blokkering wilt opheffen?</Text>
	<Text name="msg_error_not_registered">Er zijn geen personen toegevoegd.</Text>
	<Text name="msg_error_try_again_later">Er is een fout opgetreden.
Probeer het later nog eens.</Text>
	<Text name="msg_send_grief_report">Klacht</Text>
	<Text name="msg_received_box">Ontvangen</Text>
	<Text name="msg_sent_box">Verzonden</Text>
	<Text name="msg_list">Lijst</Text>
	<Text name="msg_protect">Beveiligen</Text>
	<Text name="msg_unprotected">Beveiliging wissen</Text>
	<Text name="msg_edit">Bewerken</Text>
	<Text name="msg_attach_image_select">Selecteer de afbeelding die u wilt bijvoegen.</Text>
	<Text name="msg_attach_cancel_ask">Wilt u de bijlage annuleren?</Text>
	<Text name="msg_dell_msg_all_ask">Wilt u alle berichten verwijderen?
Beveiligde berichten worden niet verwijderd.</Text>
	<Text name="msg_del_msgl_ask">Weet u zeker dat u het bericht wilt verwijderen?</Text>
	<Text name="msg_dell_msg_all_ask2">Wilt u alle berichten verwijderen?</Text>
	<Text name="msg_voice_text_chatroom">Spraak/tekst chatruimte</Text>
	<Text name="msg_text_chatroom">Chatruimte (Enkel tekst)</Text>
	<Text name="msg_mic_on">Microfoon aan</Text>
	<Text name="msg_mic_off">Microfoon uit</Text>
	<Text name="msg_chat_volume">Chatvolume</Text>
	<Text name="msg_camera_on">Camera aan</Text>
	<Text name="msg_camera_off">Camera uit</Text>
	<Text name="msg_chat_screen_on">Chatafbeelding weergeven</Text>
	<Text name="msg_chat_screen_off">Chatafbeelding verbergen</Text>
	<Text name="msg_invite_friend">Nodig een vriend uit</Text>
	<Text name="msg_new_msg_all">Bericht voor iedereen maken</Text>
	<Text name="msg_quit">Verlaten</Text>
	<Text name="msg_cancel2">Annuleren</Text>
	<Text name="msg_invite_chat">Chatuitnodiging</Text>
	<Text name="msg_participants_list">Lijst van deelnemers</Text>
	<Text name="msg_invite_game">Game-uitnodiging</Text>
	<Text name="msg_error_add">Er is een fout opgetreden tijdens het toevoegen.</Text>
	<Text name="msg_error_attach_size_over">De maximale grootte voor de bestanden die kunnen worden bijgevoegd, is bereikt.</Text>
	<Text name="msg_error_attach_deleted">Het bijgevoegde bestand is verwijderd.</Text>
	<Text name="msg_error_player_added">Deze speler is al toegevoegd.</Text>
	<Text name="msg_protect_msg_over">Het maximum aantal berichten dat kan worden beveiligd, is overschreden.
U kunt maximaal 50 berichten beveiligen.</Text>
	<Text name="msg_error_cannot_operate_signin_pls">Kan de bewerking niet uitvoeren.
U bent niet aangemeld.</Text>
	<Text name="msg_error_cannot_creat_message">U kunt nu geen bericht aanmaken.</Text>
	<Text name="msg_error_ignore_list_friend">U kunt geen vriend toevoegen aan uw geblokkeerde personen.
U moet de persoon verwijderen uit uw vriendenlijst voordat u deze toevoegt aan de geblokkeerde personen.</Text>
	<Text name="msg_version">Versie</Text>
	<Text name="msg_new_user_create">Nieuwe gebruiker maken</Text>
	<Text name="msg_logout_ask">Wilt u uitloggen?</Text>
	<Text name="msg_login_ask">Wilt u inloggen als de geselecteerde gebruiker?
De nu ingelogde gebruiker zal worden uitgelogd.</Text>
	<Text name="msg_username_create">Voer een gebruikersnaam in.</Text>
	<Text name="msg_error_max_num_users_reached">Er kunnen geen gebruikers meer worden bijgemaakt.
Er kunnen maximaal 16 gebruikers worden gemaakt.</Text>
	<Text name="msg_error_other_username_create_pls">De naam die u hebt ingevoerd, wordt al gebruikt.
Voer een andere gebruikersnaam in.</Text>
	<Text name="msg_error_new_user_create">Er is een fout opgetreden tijdens het maken van de gebruiker.</Text>
	<Text name="msg_user_del_2nd_ask">Weet u zeker dat u de gebruiker wilt verwijderen?</Text>
	<Text name="msg_auto_login_set">Voortaan wordt %1 automatisch aangemeld bij het starten van het PS3™-systeem.</Text>
	<Text name="msg_username">Gebruiker</Text>
	<Text name="msg_username_num">Gebruiker %1</Text>
	<Text name="msg_auto_login">Automatisch inloggen</Text>
	<Text name="msg_logout">Uitloggen</Text>
	<Text name="msg_user_del_ask">Als u de gebruiker verwijdert, zal de opgeslagen data voor software in PlayStation®3-formaat, berichten, bladwijzers en ook andere informatie worden verwijderd.
Weet u zeker dat u wilt doorgaan?</Text>
	<Text name="msg_error_character">De volgende tekens kunnen niet worden gebruikt:
%1</Text>
	<Text name="msg_health_warning_detail_scee_1">Aanvallen door lichtprikkels (Lichtgevoelige epilepsie)

</Text>
	<Text name="msg_health_warning_detail_scee_2">Als u aan epilepsie lijdt of reeds aanvallen hebt gehad, raadpleeg dan uw arts voordat u begint te spelen. Sommige personen kunnen last hebben van pijnlijke ogen, gezichtsstoornissen, migraine, spiertrekkingen, stuipen, tijdelijke bewusteloosheid, verminderd bewustzijn of verwarring wanneer ze worden blootgesteld aan flitsende of flikkerende lichten of andere lichtprikkels op een televisiescherm of bij het spelen van videospellen. Als u tijdens het spelen last hebt van bovenstaande symptomen, stop het gebruik dan onmiddellijk en raadpleeg uw arts.

</Text>
	<Text name="msg_health_warning_detail_scee_3">Stop onmiddellijk met spelen als u last krijgt van de volgende symptomen:
</Text>
	<Text name="msg_health_warning_detail_scee_4">Als u tijdens het spelen, naast de symptomen hierboven, ook last krijgt van hoofdpijn, duizeligheid, misselijkheid, vermoeidheid, een gevoel van wagenziekte of als u een onaangenaam gevoel of pijn krijgt in een of ander lichaamsdeel, zoals ogen, oren, handen, armen of voeten, stop dan onmiddellijk met het gebruik. Zoek medische hulp als dat gevoel niet verdwijnt.



</Text>
	<Text name="msg_health_warning_detail_scee_5">3D-beelden

</Text>
	<Text name="msg_health_warning_detail_scee_6">Mogelijk ondervind je tijdens het bekijken van 3D-beelden of het spelen van stereoscopische 3D-games op 3D-televisies hinder van fysieke ongemakken als vermoeide ogen of misselijkheid. Stop onmiddellijk met spelen als dergelijke symptomen zich voordoen en wacht tot je hersteld bent voordat je je televisie opnieuw gebruikt.
</Text>
	<Text name="msg_health_warning_detail_scee_7">We raden je aan je PlayStation®3-systeem niet te lang achter elkaar te gebruiken en na elk uur spelen een kwartier pauze te nemen. Voor het bekijken van 3D beelden of het spelen van stereoscopische 3D-games hangt het van de persoon af hoeveel pauzes er nodig zijn en hoe lang deze dienen te zijn. Zorg dat je pauzes in ieder geval lang genoeg zijn om fysieke ongemakken weg te nemen. Raadpleeg een arts als de problemen zich blijven voordoen.
</Text>
	<Text name="msg_health_warning_detail_scee_8">Het gezichtsvermogen van kinderen (in het bijzonder van kinderen jonger dan zes jaar) is nog volop in ontwikkeling. Raadpleeg een kinderarts of oogarts voordat je jonge kinderen blootstelt aan 3D-beelden of ze stereoscopische 3D-games laat spelen. Volwassenen dienen toezicht te houden zodat de kinderen de bovengenoemde voorzorgsmaatregelen in acht nemen.



</Text>
	<Text name="msg_health_warning_detail_scee_9">Opmerkingen over de veiligheid bij het gebruik van de DUALSHOCK™3 draadloze controller

</Text>
	<Text name="msg_health_warning_detail_scee_10">Gebruik de trilfunctie niet als u pijn hebt in de beenderen of gewrichten of spieren van uw handen of armen. Gebruik geen DUALSHOCK™3 draadloze controller als je last hebt van een aandoening of verwonding, of zet de trilfunctie op [Uit].



</Text>
	<Text name="msg_health_warning_detail_scee_11">・Gebruik het systeem in een goed verlichte ruimte en op veilige afstand van het tv-scherm.
・Vermijd langdurig gebruik van het PS3™-systeem. Neem een pauze van 15 minuten elk uur dat u speelt.
・Speel niet als u moe bent of slaap nodig hebt.
</Text>
	<Text name="msg_health_warning_detail_scee_12">・Gebruik het systeem niet meer zodra u moe wordt of een onaangenaam gevoel of pijn krijgt in uw handen of armen tijdens het bedienen van de draadloze controller. Raadpleeg een arts indien dat gevoel niet verdwijnt.
</Text>
	<Text name="msg_health_warning_detail_scee_13">・Stop onmiddellijk met het gebruik van het systeem als u last krijgt van de volgende gezondheidsproblemen. Raadpleeg uw arts als de symptomen blijven duren.
- Duizeligheid, misselijkheid, vermoeidheid of een gevoel van wagenziekte
- Een onaangenaam gevoel of pijn in een deel van het lichaam, zoals ogen, oren, handen of armen</Text>
	<Text name="msg_health_warning_detail_scea_1">Photosensitivity/Epilepsy/Seizures

</Text>
	<Text name="msg_health_warning_detail_scea_2">A very small percentage of individuals may experience epileptic seizures or blackouts when exposed to certain light patterns or flashing lights. Exposure to certain patterns or backgrounds on a television screen or when playing video games may trigger epileptic seizures or blackouts in these individuals. These conditions may trigger previously undetected epileptic symptoms or seizures in persons who have no history of prior seizures or epilepsy. If you, or anyone in your family, has an epileptic condition or has had seizures of any kind, consult your doctor before playing.

</Text>
	<Text name="msg_health_warning_detail_scea_3">IMMEDIATELY DISCONTINUE use and consult your doctor before resuming gameplay if you or your child experience any of the following health problems or symptoms:
・dizziness,
・altered vision,
・eye or muscle twitches,
・loss of awareness,
・disorientation,
・seizures, or
・any involuntary movement or convulsion.
RESUME GAMEPLAY ONLY ON APPROVAL OF YOUR DOCTOR.

</Text>
	<Text name="msg_health_warning_detail_scea_4">Use and handling of video games to reduce the likelihood of a seizure
・Use in a well-lit area and keep as far away as possible from the television screen.
・Avoid large screen televisions. Use the smallest television screen available.
・Avoid prolonged use of the PS3™ system. Take a 15-minute break during each hour of play.
・Avoid playing when you are tired or need sleep.



</Text>
	<Text name="msg_health_warning_detail_scea_5">3D images

</Text>
	<Text name="msg_health_warning_detail_scea_6">Some people may experience discomfort (such as eye strain, eye fatigue, or nausea) while watching 3D video images or playing stereoscopic 3D games on 3D televisions. If you experience such discomfort you should immediately discontinue use of your television until the discomfort subsides.
</Text>
	<Text name="msg_health_warning_detail_scea_7">SCE recommends that all viewers take regular breaks while watching 3D video, or playing stereoscopic 3D games. The length and frequency of necessary breaks may vary from person to person - please take breaks that are long enough to allow any feelings of discomfort to subside. If symptoms persist, consult your doctor.
</Text>
	<Text name="msg_health_warning_detail_scea_8">The vision of young children (especially those under six years old) is still under development. SCE recommends that you consult with a doctor (such as a pediatrician or eye doctor) before allowing a young child to watch 3D video images or play stereoscopic 3D games. Adults should supervise young children to ensure they follow the recommendations listed above. When using any 3D enabled device with your PlayStation®3 system you should read the instruction manual for that device and check www.us.playstation.com/support/3D for updated information.



</Text>
	<Text name="msg_health_warning_detail_scea_9">Notes on safety when using the DUALSHOCK™3 Wireless Controller

</Text>
	<Text name="msg_health_warning_detail_scea_10">・Stop using the system immediately if you begin to feel tired or if you experience discomfort or pain in your hands or arms while operating the DUALSHOCK™3 Wireless Controller. If the condition persists, consult a doctor.
・The vibration function of the DUALSHOCK™3 Wireless Controller can aggravate injuries. Do not use the vibration function if you have any ailment or injury to the bones, joints or muscles of your hands or arms. If you have an ailment or an injury, do not play software titles that contain the vibration function using the DUALSHOCK™3 Wireless Controller unless you have set the vibration function to [Off].
</Text>
	<Text name="msg_health_warning_detail_scea_11">・Avoid prolonged use of the DUALSHOCK™3 Wireless Controller. Take a break at about 30-minute intervals.
・Note that some software titles set the vibration function to [On] by default. To disable the vibration function, press the PS button of the controller, and then select [Controller Settings]→ [Vibration Function]→[Off].



</Text>
	<Text name="msg_health_warning_detail_scea_12">・Use in a well-lit area and keep as far away as possible from the television screen.
・Avoid prolonged use of the PS3™ system and wireless controller.
</Text>
	<Text name="msg_health_warning_detail_scea_13">・Stop using the system immediately if you begin to feel tired or if you experience discomfort or pain in your hands or arms while operating the wireless controller. If the condition persists, consult a doctor.
</Text>
	<Text name="msg_health_warning_detail_scea_14">・If you experience any of the following health problems, discontinue use of the system immediately. If symptoms persist, consult with your doctor.
- Dizziness, nausea, fatigue or symptoms similar to motion sickness
- Discomfort or pain in a part of the body, such as eyes, ears, hands or arms</Text>
	<Text name="msg_health_warning_detail_scej_1">光の刺激によって引き起こされる発作について

</Text>
	<Text name="msg_health_warning_detail_scej_2">点滅を繰り返す画面や、その他の光の刺激によって、まれに、目の痛み、視覚異常、偏頭痛、けいれんや意識障害（失神など）などの症状（光感受性発作）が起きることがあります。こうした症状のある方は、事前に必ず医師に相談してください。

</Text>
	<Text name="msg_health_warning_detail_scej_3">こんなときはすぐに使用を中止する
</Text>
	<Text name="msg_health_warning_detail_scej_4"><![CDATA[上記の症状に加え、頭痛、めまい、吐き気、疲労感、乗り物酔いに似た症状などを感じたときや、目、耳、手、腕、足など、身体の一部に不快感や痛みを感じたときは、すぐに使用を中止してください。使用を中止しても治らないときは、医師の診察を受けてください。



]]></Text>
	<Text name="msg_health_warning_detail_scej_5">3D映像、3D立体視ゲームについて

</Text>
	<Text name="msg_health_warning_detail_scej_6">3D映像の視聴中や3D対応テレビでの3D立体視ゲームのプレイ中に、目の疲労、気分が悪くなるなどの不快な症状が出ることがあります。不快な症状が出たときは、直ちにテレビのご利用を中止し、回復するまでご利用をお控えください。
3D映像を視聴したり、3D立体視ゲームをプレイしたりするときは、定期的に休憩をとることをおすすめします。必要な休憩の長さや頻度は個人によって異なりますので、ご自身でご判断ください。不快な症状が回復するまで、十分に休憩をとってください。もし症状が続く場合は、医師にご相談ください。
</Text>
	<Text name="msg_health_warning_detail_scej_7"><![CDATA[なお、お子さま(特に6歳未満の子)の視覚は発達段階にあります。お子さまが3D映像を視聴したり、3D立体視ゲームをプレイしたりする前に、小児科や眼科などの医師にご相談いただくことをおすすめします。大人のかたは、お子さまが上記注意点を守るよう監督してください。
最新情報については、ホームページ(http://www.jp.playstation.com/support/)をご覧ください。



]]></Text>
	<Text name="msg_health_warning_detail_scej_8">コントローラの振動機能に対応したソフトウェアについて

</Text>
	<Text name="msg_health_warning_detail_scej_9">振動障害のある方は、バイブレーション（振動）機能を使用しないでください。



</Text>
	<Text name="msg_health_warning_detail_scej_10">・使用するときは部屋を明るくし、できるだけ画面から離れてください。
・疲れているときや睡眠不足のときは、使用を避けてください。
</Text>
	<Text name="msg_health_warning_detail_scej_11">・使用するときは健康のため、1時間ごとに15分程度の休憩を取ってください。
・使用中に体調が悪くなったら、すぐに使用をやめてください。</Text>
	<Text name="msg_health_warning_detail_sceasia_1">Photosensitivity/Epilepsy/Seizures

</Text>
	<Text name="msg_health_warning_detail_sceasia_2">A very small percentage of individuals may experience epileptic seizures or blackouts when exposed to certain light patterns or flashing lights. Exposure to certain patterns or backgrounds on a television screen or when playing video games may trigger epileptic seizures or blackouts in these individuals. These conditions may trigger previously undetected epileptic symptoms or seizures in persons who have no history of prior seizures or epilepsy. If you, or anyone in your family, has an epileptic condition or has had seizures of any kind, consult your physician before playing.

</Text>
	<Text name="msg_health_warning_detail_sceasia_3">IMMEDIATELY DISCONTINUE use and consult your physician before resuming gameplay if you or your child experience any of the following health problems or symptoms:
・dizziness,
・altered vision,
・eye or muscle twitches,
・loss of awareness,
・disorientation,
・seizures, or
・any involuntary movement or convulsion.
RESUME GAMEPLAY ONLY ON APPROVAL OF YOUR PHYSICIAN.

</Text>
	<Text name="msg_health_warning_detail_sceasia_4">Use and handling of video games to reduce the likelihood of a seizure
・Use in a well-lit area and keep as far away as possible from the television screen.
・Avoid large screen televisions. Use the smallest television screen available.
・Avoid prolonged use of the PS3™ system. Take a 15-minute break during each hour of play.
・Avoid playing when you are tired or need sleep.



</Text>
	<Text name="msg_health_warning_detail_sceasia_5">3D images

</Text>
	<Text name="msg_health_warning_detail_sceasia_6">Some people may experience discomfort (such as eye strain, eye fatigue, or nausea) while watching 3D video images or playing stereoscopic 3D games on 3D televisions. If you experience such discomfort you should immediately discontinue use of your television until the discomfort subsides.
</Text>
	<Text name="msg_health_warning_detail_sceasia_7">SCE recommends that all viewers take regular breaks while watching 3D video, or playing stereoscopic 3D games. The length and frequency of necessary breaks may vary from person to person - please take breaks that are long enough to allow any feelings of discomfort to subside. If symptoms persist, consult your physician.
</Text>
	<Text name="msg_health_warning_detail_sceasia_8">The vision of young children (especially those under six years old) is still under development. SCE recommends that you consult with physician (such as a pediatrician or eye doctor) before allowing a young child to watch 3D video images or play stereoscopic 3D games. When using any 3D enabled device with your PlayStation®3 system you should read the instruction manual for that device.



</Text>
	<Text name="msg_health_warning_detail_sceasia_9">Notes on safety when using the DUALSHOCK™3 Wireless Controller

</Text>
	<Text name="msg_health_warning_detail_sceasia_10">・Stop using the system immediately if you begin to feel tired or if you experience discomfort or pain in your hands or arms while operating the DUALSHOCK™3 wireless controller. If the condition persists, consult a doctor.
・The vibration function of the DUALSHOCK™3 wireless controller can aggravate injuries. Do not use the vibration function if you have any ailment or injury to the bones, joints or muscles of your hands or arms. If you have an ailment or an injury, do not play such titles using the DUALSHOCK™3 wireless controller unless you have set the vibration function to [Off].
</Text>
	<Text name="msg_health_warning_detail_sceasia_11">・Avoid prolonged use of the DUALSHOCK™3 wireless controller. Take a break at about 30-minute intervals.
・Note that some software titles set the vibration function to [On] by default. To disable the vibration function, press the PS button of the controller, and then select [Controller Settings]→[Vibration Function]→[Off].



</Text>
	<Text name="msg_health_warning_detail_sceasia_12">・Use in a well-lit area and keep a safe distance from the TV screen.
・Avoid prolonged use of the PS3™ system. Take a 15-minute break during each hour of play.
・Avoid playing when you are tired or need sleep.
</Text>
	<Text name="msg_health_warning_detail_sceasia_13">・Stop using the system immediately if you begin to feel tired or if you experience discomfort or pain in your hands or arms while operating the wireless controller If the condition persists, consult a doctor.
</Text>
	<Text name="msg_health_warning_detail_sceasia_14">・If you experience any of the following health problems, discontinue use of the system immediately. If symptoms persist, consult with your physician.
- Dizziness, nausea, fatigue or symptoms similar to motion sickness
- Discomfort or pain in a part of the body, such as eyes, ears, hands or arms</Text>
</TextLang>
