<?xml version="1.0" encoding="utf-8"?>
<!-- This XML was generated by Rcomage v1.1.1 -->
<TextLang>
	<Text name="msg_setting">Settings</Text>
	<Text name="msg_photo">Photo</Text>
	<Text name="msg_music">Music</Text>
	<Text name="msg_video">Video</Text>
	<Text name="msg_game">Game</Text>
	<Text name="msg_net">Network</Text>
	<Text name="msg_friend">Friends</Text>
	<Text name="msg_user">Users</Text>
	<Text name="msg_login">Log In</Text>
	<Text name="msg_tv">TV</Text>
	<Text name="msg_tv_video_service">TV/Video Services</Text>
	<Text name="msg_psn">PSN</Text>
	<Text name="msg_power_off_console2">Turn Off System</Text>
	<Text name="msg_photo_gallery">Photo Gallery</Text>
	<Text name="msg_untitled">Unknown</Text>
	<Text name="msg_new_vmc">Create New Internal Memory Card</Text>
	<Text name="msg_signup">Sign Up</Text>
	<Text name="msg_playstation_home">PlayStation®Home</Text>
	<Text name="msg_start_new_chat2">Start New Chat</Text>
	<Text name="msg_ms">Memory Stick™</Text>
	<Text name="msg_sd">SD Memory Card</Text>
	<Text name="msg_cf">CompactFlash®</Text>
	<Text name="msg_bd_rom">BD-ROM</Text>
	<Text name="msg_bd_r">BD-R</Text>
	<Text name="msg_bd_re">BD-RE</Text>
	<Text name="msg_dvdr">DVD-R</Text>
	<Text name="msg_dvdplusr">DVD+R</Text>
	<Text name="msg_dvdrw">DVD-RW</Text>
	<Text name="msg_dvdplusrw">DVD+RW</Text>
	<Text name="msg_dvdrom">DVD-ROM</Text>
	<Text name="msg_dvdvideo">DVD Video</Text>
	<Text name="msg_dvdvr">DVD-VR</Text>
	<Text name="msg_dvdplusvr">DVD+VR</Text>
	<Text name="msg_avchd">AVCHD</Text>
	<Text name="msg_avcrec">AVCREC</Text>
	<Text name="msg_bdmv">BDMV</Text>
	<Text name="msg_bdav">BDAV</Text>
	<Text name="msg_cdaudio">Audio CD</Text>
	<Text name="msg_cddata">Data Disc</Text>
	<Text name="msg_sacd">Super Audio CD</Text>
	<Text name="msg_mc_ps1">Memory Card (PS)</Text>
	<Text name="msg_mc_ps2">Memory Card (PS2)</Text>
	<Text name="msg_disc">Disc</Text>
	<Text name="msg_dsd_disc">DSD Disc</Text>
	<Text name="msg_psp">PSP™ (PlayStation®Portable)</Text>
	<Text name="msg_psp_bracket">PSP™ (PlayStation®Portable) %1</Text>
	<Text name="msg_vita_abbreviated">PS Vita System</Text>
	<Text name="msg_psp_name">Nickname</Text>
	<Text name="msg_usb">USB Device</Text>
	<Text name="msg_usb_id">USB Device (%1)</Text>
	<Text name="msg_digitalcamera">Digital Camera</Text>
	<Text name="msg_digitalcamera_id">Digital Camera (%1)</Text>
	<Text name="msg_walkman">ATRAC Audio Device</Text>
	<Text name="msg_walkman_id">ATRAC Audio Device (%1)</Text>
	<Text name="msg_cancel">Cancel</Text>
	<Text name="msg_ok">OK</Text>
	<Text name="msg_fix">OK</Text>
	<Text name="msg_yes">Yes</Text>
	<Text name="msg_no">No</Text>
	<Text name="msg_on">On</Text>
	<Text name="msg_off">Off</Text>
	<Text name="msg_nrml">Normal</Text>
	<Text name="msg_normal">Normal</Text>
	<Text name="msg_plus1">+1</Text>
	<Text name="msg_plus2">+2</Text>
	<Text name="msg_plus3">+3</Text>
	<Text name="msg_plus4">+4</Text>
	<Text name="msg_minus1">-1</Text>
	<Text name="msg_minus2">-2</Text>
	<Text name="msg_minus3">-3</Text>
	<Text name="msg_minus4">-4</Text>
	<Text name="msg_1">1</Text>
	<Text name="msg_2">2</Text>
	<Text name="msg_3">3</Text>
	<Text name="msg_4">4</Text>
	<Text name="msg_5">5</Text>
	<Text name="msg_percent">%1%%</Text>
	<Text name="msg_image_count_value">%1 Image</Text>
	<Text name="msg_images_count_value">%1 Images</Text>
	<Text name="msg_track_count_value">%1 Track</Text>
	<Text name="msg_tracks_count_value">%1 Tracks</Text>
	<Text name="msg_title_count_value">%1 Title</Text>
	<Text name="msg_titles_count_value">%1 Titles</Text>
	<Text name="msg_savedata_count_value">%1 Save</Text>
	<Text name="msg_savedatas_count_value">%1 Saves</Text>
	<Text name="msg_time_num1">%1:%2:%3</Text>
	<Text name="msg_time_num2">%1:%2'%3''</Text>
	<Text name="msg_time_num3">%1'%2''</Text>
	<Text name="msg_datetime_num1">%1/%2/%3  %4:%5</Text>
	<Text name="msg_am">AM</Text>
	<Text name="msg_pm">PM</Text>
	<Text name="msg_time_hour_num2">%1:%2'</Text>
	<Text name="msg_day_plural">%1 Days</Text>
	<Text name="msg_sort">Sort By</Text>
	<Text name="msg_importeddate_f">Import Date ▲</Text>
	<Text name="msg_importeddate_r">Import Date ▼</Text>
	<Text name="msg_shootdate_f">Film Date ▲</Text>
	<Text name="msg_shootdate_r">Film Date ▼</Text>
	<Text name="msg_sale_year_f">Release Year ▲</Text>
	<Text name="msg_sale_year_r">Release Year ▼</Text>
	<Text name="msg_created_date_time_f">Creation Date ▲</Text>
	<Text name="msg_created_date_time_r">Creation Date ▼</Text>
	<Text name="msg_updated_date_f">Update Date ▲</Text>
	<Text name="msg_updated_date_r">Update Date ▼</Text>
	<Text name="msg_format_f">Format</Text>
	<Text name="msg_imagename_f">Image Name</Text>
	<Text name="msg_albumname_f">Album Name</Text>
	<Text name="msg_genre_f">Genre Name</Text>
	<Text name="msg_artist_f">Artist Name</Text>
	<Text name="msg_track_f">Track Name</Text>
	<Text name="msg_title_f">Title Name</Text>
	<Text name="msg_subtitle_f">Sub-Title</Text>
	<Text name="msg_start_date_f">Recently Played</Text>
	<Text name="msg_folder_class">Group Content</Text>
	<Text name="msg_all">All</Text>
	<Text name="msg_year_folder">By Year</Text>
	<Text name="msg_month_folder">By Month</Text>
	<Text name="msg_album_folder">By Album</Text>
	<Text name="msg_genre_folder">By Genre</Text>
	<Text name="msg_artist_folder">By Artist</Text>
	<Text name="msg_sale_year_folder">By Release Year</Text>
	<Text name="msg_track_folder">By Track</Text>
	<Text name="msg_title_folder">By Title</Text>
	<Text name="msg_format_folder">By Format</Text>
	<Text name="msg_copy">Copy</Text>
	<Text name="msg_copy_plural">Copy Multiple</Text>
	<Text name="msg_del">Delete</Text>
	<Text name="msg_del_plural">Delete Multiple</Text>
	<Text name="msg_slideshow">Slideshow</Text>
	<Text name="msg_display_all">Display All</Text>
	<Text name="msg_cddbdata_get">Obtain CD Information</Text>
	<Text name="msg_import">Import</Text>
	<Text name="msg_titlelist">Title List</Text>
	<Text name="msg_play">Play</Text>
	<Text name="msg_play_begin">Play from Beginning</Text>
	<Text name="msg_smove">Move</Text>
	<Text name="msg_disc_eject">Remove Disc</Text>
	<Text name="msg_info">Information</Text>
	<Text name="msg_repeat">Repeat</Text>
	<Text name="msg_shuffle">Shuffle</Text>
	<Text name="msg_pause">Pause</Text>
	<Text name="msg_display">View</Text>
	<Text name="msg_volume_control">Volume Control</Text>
	<Text name="msg_plus">+</Text>
	<Text name="msg_minus">-</Text>
	<Text name="msg_slideshow_with_icon">Slideshow </Text>
	<Text name="msg_fix_with_icon">OK </Text>
	<Text name="msg_folder_class_with_icon">Group Content </Text>
	<Text name="msg_option_with_icon">: Options</Text>
	<Text name="msg_help_start">: Start</Text>
	<Text name="msg_copy_psplus_with_icon">Copy </Text>
	<Text name="msg_copy_plural_psplus_with_icon">Copy Multiple </Text>
	<Text name="msg_savedata_auto_upload_psplus_with_icon">Saved Data Auto-Upload </Text>
	<Text name="msg_icon_start"></Text>
	<Text name="msg_info_none">-</Text>
	<Text name="msg_format">Format</Text>
	<Text name="msg_size">Size</Text>
	<Text name="msg_space">Free Space</Text>
	<Text name="msg_shoot_date">Filmed</Text>
	<Text name="msg_updated_date">Updated</Text>
	<Text name="msg_corrupted_data">Corrupted Data</Text>
	<Text name="msg_unsupported_data">Unsupported Data</Text>
	<Text name="msg_folder">Folder</Text>
	<Text name="msg_resolution">Resolution</Text>
	<Text name="msg_multiply">%1 x %2</Text>
	<Text name="msg_image">Image</Text>
	<Text name="msg_image_count">Images</Text>
	<Text name="msg_camera">Filming Device</Text>
	<Text name="msg_album">Album</Text>
	<Text name="msg_genre">Genre</Text>
	<Text name="msg_artist">Artist</Text>
	<Text name="msg_imported_size">Size After Import</Text>
	<Text name="msg_size_counting">Counting...</Text>
	<Text name="msg_sale_year">Released</Text>
	<Text name="msg_play_time">Length</Text>
	<Text name="msg_comment">Comment</Text>
	<Text name="msg_samplingfrequency">Sampling Frequency</Text>
	<Text name="msg_disc_number">Disc Number</Text>
	<Text name="msg_track_count">Tracks</Text>
	<Text name="msg_track_number">Track Number</Text>
	<Text name="msg_track">Track</Text>
	<Text name="msg_bpm">BPM</Text>
	<Text name="msg_codec">Codec</Text>
	<Text name="msg_lastplay_datetime">Last Played</Text>
	<Text name="msg_ch">Channel</Text>
	<Text name="msg_various_artists">Various Artists</Text>
	<Text name="msg_imported_date">Imported</Text>
	<Text name="msg_created_date">Filmed</Text>
	<Text name="msg_start_date">Starts</Text>
	<Text name="msg_expiration_date">Expires</Text>
	<Text name="msg_remaining_time">Hours Left</Text>
	<Text name="msg_play_count">Times Played</Text>
	<Text name="msg_file_number">File Number</Text>
	<Text name="msg_title">Title</Text>
	<Text name="msg_subtitle">Sub-Title</Text>
	<Text name="msg_disc_type">Disc Type</Text>
	<Text name="msg_disc_protect">Password Lock</Text>
	<Text name="msg_title_count">Titles</Text>
	<Text name="msg_video_codec">Video Codec</Text>
	<Text name="msg_audio_codec">Audio Codec</Text>
	<Text name="msg_file_type">File Type</Text>
	<Text name="msg_mediaserver">Media Server</Text>
	<Text name="msg_dlna_date_time">Date and Time</Text>
	<Text name="msg_produced_date">Produced</Text>
	<Text name="msg_info_valid_from">Starts</Text>
	<Text name="msg_info_valid_to">Expires</Text>
	<Text name="msg_magicgate">MagicGate™</Text>
	<Text name="msg_mg_supported">Supported</Text>
	<Text name="msg_mg_not_supported">Not Supported</Text>
	<Text name="msg_info_unknown">Unknown</Text>
	<Text name="msg_savedata_count">Saves</Text>
	<Text name="msg_model">Model</Text>
	<Text name="msg_can_play_only_for_variable_hours">(Note that the content can only be played within %1 hours after first playback.)</Text>
	<Text name="msg_can_play_only_for_variable_hours_game">(Note that the content can only be played within %1 minutes after the first startup.)</Text>
	<Text name="msg_video_description">Description</Text>
	<Text name="msg_copyright">Copyright Information</Text>
	<Text name="msg_owner">Buyer</Text>
	<Text name="msg_all_use_content_delete_cannot_use">This content can be used by users other than the buyers of the content. However, if all buyers are deleted, you will no longer be able to use the content.</Text>
	<Text name="msg_need_save_psn_pw_other_owner_use_content">This content can be used by users other than the buyers of the content. However, the buyer's Sony Entertainment Network password must be saved on the system for other users to use the content.</Text>
	<Text name="msg_jpeg">JPEG</Text>
	<Text name="msg_gif">GIF</Text>
	<Text name="msg_png">PNG</Text>
	<Text name="msg_tiff">TIFF</Text>
	<Text name="msg_bmp">BMP</Text>
	<Text name="msg_mpo">MPO (MP Format)</Text>
	<Text name="msg_aac_kbps">AAC %1 kbps</Text>
	<Text name="msg_mp3_kpbs">MP3 %1 kbps</Text>
	<Text name="msg_atrac_kbps">ATRAC %1 kbps</Text>
	<Text name="msg_wma_kbps">WMA %1 kbps</Text>
	<Text name="msg_lpcm_bit_ch">Linear PCM  %1 Bit  %2 Ch.</Text>
	<Text name="msg_non_lpcm">Non-linear PCM %1 kbps</Text>
	<Text name="msg_dsd_ch">DSD %1 Ch.</Text>
	<Text name="msg_dolby">Dolby Digital</Text>
	<Text name="msg_mpeg1">MPEG-1</Text>
	<Text name="msg_mpeg2">MPEG-2</Text>
	<Text name="msg_mpeg2_ts">MPEG-2 TS</Text>
	<Text name="msg_mpeg4">MPEG-4</Text>
	<Text name="msg_mpeg_layer1">MPEG Layer 1</Text>
	<Text name="msg_mpeg_layer2">MPEG Layer 2</Text>
	<Text name="msg_mpeg_layer3">MPEG Layer 3</Text>
	<Text name="msg_avc">AVC</Text>
	<Text name="msg_motion_jpeg">Motion JPEG</Text>
	<Text name="msg_divx">DivX®</Text>
	<Text name="msg_wmv">VC-1 (WMV)</Text>
	<Text name="msg_mpeg1_mbps">MPEG-1 %1 Mbps</Text>
	<Text name="msg_mpeg2_mbps">MPEG-2 %1 Mbps</Text>
	<Text name="msg_mpeg2_ts_mbps">MPEG-2 TS %1 Mbps</Text>
	<Text name="msg_mpeg4_mbps">MPEG-4 %1 Mbps</Text>
	<Text name="msg_avc_kbps">AVC %1 kbps</Text>
	<Text name="msg_khz">%1 kHz</Text>
	<Text name="msg_kbps">%1 kbps</Text>
	<Text name="msg_mbps">%1 Mbps</Text>
	<Text name="msg_ch_2">2 Ch.</Text>
	<Text name="msg_multi_ch">Multi-Channel</Text>
	<Text name="msg_power_off_console">Turn Off the System</Text>
	<Text name="msg_turnoff_system_ask">Do you want to turn off the system?</Text>
	<Text name="msg_after_background_download_auto_turn_off">Turn Off System Automatically After Background Download</Text>
	<Text name="msg_slot_assign">Assign Slots</Text>
	<Text name="msg_slot1">Slot 1</Text>
	<Text name="msg_slot2">Slot 2</Text>
	<Text name="msg_eject">Remove</Text>
	<Text name="msg_user_name">User Name</Text>
	<Text name="msg_need_quit_to_operate_ask">To perform this operation, you must quit [%1].
Do you want to quit the software now?</Text>
	<Text name="msg_error_hdd_full_perform_operation">There is not enough free space on the system storage.
To perform this operation, at least %1 more free space is needed.</Text>
	<Text name="msg_content_already_copied">This content may already have been copied.</Text>
	<Text name="msg_save_newly">Save New</Text>
	<Text name="msg_original_content">Existing Content</Text>
	<Text name="msg_new_content">New Content</Text>
	<Text name="msg_save_destination_select">Select the destination.</Text>
	<Text name="msg_error_no_storagemedia">Connect storage media at the save destination.</Text>
	<Text name="msg_ps3_photo">System Storage (Photo)</Text>
	<Text name="msg_ps3_video">System Storage (Video)</Text>
	<Text name="msg_ps3_music">System Storage (Music)</Text>
	<Text name="msg_folder_name">Folder Name</Text>
	<Text name="msg_same_name_file">There is a file with the same name at the save destination.</Text>
	<Text name="msg_different_name_save">Rename and Save</Text>
	<Text name="msg_overwrite_save">Overwrite and Save</Text>
	<Text name="msg_save_no">Do Not Save</Text>
	<Text name="msg_save_yes">Save</Text>
	<Text name="msg_apply_all">Apply to All</Text>
	<Text name="msg_select_all">Select All</Text>
	<Text name="msg_deselect_all">Clear All</Text>
	<Text name="msg_copying">Copying...
Please wait.</Text>
	<Text name="msg_copied">Copy completed.</Text>
	<Text name="msg_copy_incomplete_ms_ask">There is not enough free space on the Memory Stick™. The copy operation may not be completed successfully.
Do you want to continue?</Text>
	<Text name="msg_copy_incomplete_sd_ask">There is not enough free space on the SD Memory Card. The copy operation may not be completed successfully.
Do you want to continue?</Text>
	<Text name="msg_copy_incomplete_cf_ask">There is not enough free space on the CompactFlash®. The copy operation may not be completed successfully.
Do you want to continue?</Text>
	<Text name="msg_copy_incomplete_usb_ask">There is not enough free space on the USB device. The copy operation may not be completed successfully.
Do you want to continue?</Text>
	<Text name="msg_copy_incomplete_hdd_ask">There is not enough free space on the system storage. The copy operation may not be completed successfully.
Do you want to continue?</Text>
	<Text name="msg_copy_incomplete">There is not enough free space. The copy operation was not completed.</Text>
	<Text name="msg_completed_count">Completed</Text>
	<Text name="msg_copy_cancel_ask">Do you want to cancel the copy operation?</Text>
	<Text name="msg_error_content_over_copy">The maximum number of content items that can be saved has been reached. The copy operation was not completed.</Text>
	<Text name="msg_copied_delete_content_saved_ps3_ask">Copy completed.
Do you want to delete the existing content that is saved on the PS3™ system?</Text>
	<Text name="msg_sure_to_delete_ask">Are you sure you want to delete this?</Text>
	<Text name="msg_deleting">Deleting...
Please wait.</Text>
	<Text name="msg_deleted">Delete completed.</Text>
	<Text name="msg_cannot_delete_folder_on_this_system">The folder cannot be deleted using this system.</Text>
	<Text name="msg_change_upfolder">Move to Folder Above</Text>
	<Text name="msg_create_newfolder">Create New Folder</Text>
	<Text name="msg_folder_name_new">New Folder %1</Text>
	<Text name="msg_error_no_folder">There is no folder.</Text>
	<Text name="msg_wait">Please wait...</Text>
	<Text name="msg_error">An error has occurred.</Text>
	<Text name="msg_error_corrupted_data">The data is corrupted.</Text>
	<Text name="msg_error_unsupported_data">The data type is not supported.</Text>
	<Text name="msg_error_copy">An error occurred during the copy operation.</Text>
	<Text name="msg_error_del">An error occurred during the delete operation.</Text>
	<Text name="msg_error_no_name">No name has been entered.
Enter a name of at least 1 character.</Text>
	<Text name="msg_error_ms_full">There is not enough free space on the Memory Stick™.</Text>
	<Text name="msg_error_ms_locked">The Memory Stick™ is locked.</Text>
	<Text name="msg_error_ms_no_access">The Memory Stick™ cannot be accessed.</Text>
	<Text name="msg_error_ms_no_read">The Memory Stick™ cannot be read.</Text>
	<Text name="msg_error_no_ms">There is no Memory Stick™ inserted.</Text>
	<Text name="msg_error_sd_full">There is not enough free space on the SD Memory Card.</Text>
	<Text name="msg_error_sd_locked">The SD Memory Card is locked.</Text>
	<Text name="msg_error_sd_no_access">The SD Memory Card cannot be accessed.</Text>
	<Text name="msg_error_sd_no_read">The SD Memory Card cannot be read.</Text>
	<Text name="msg_error_no_sd">There is no SD Memory Card inserted.</Text>
	<Text name="msg_error_cf_full">There is not enough free space on the CompactFlash®.</Text>
	<Text name="msg_error_cf_locked">The CompactFlash® is locked.</Text>
	<Text name="msg_error_cf_no_access">The CompactFlash® cannot be accessed.</Text>
	<Text name="msg_error_cf_no_read">The CompactFlash® cannot be read.</Text>
	<Text name="msg_error_no_cf">There is no CompactFlash® inserted.</Text>
	<Text name="msg_error_usb_full">There is not enough free space on the USB device.</Text>
	<Text name="msg_error_usb_locked">The USB device is locked.</Text>
	<Text name="msg_error_usb_no_access">The USB device cannot be accessed.</Text>
	<Text name="msg_error_usb_no_read">The USB device cannot be read.</Text>
	<Text name="msg_error_no_usb">There is no USB device inserted.</Text>
	<Text name="msg_error_hdd_full">There is not enough free space on the system storage.</Text>
	<Text name="msg_error_hdd_no_access">The system storage cannot be accessed.</Text>
	<Text name="msg_error_no_signin">You must sign in to PlayStation®Network.</Text>
	<Text name="msg_error_no_signup">You must sign up for Sony Entertainment Network.</Text>
	<Text name="msg_icon_image_select">Select an image to use as an icon.</Text>
	<Text name="msg_icon_change_albumtrack_ask1">Icons for all tracks in the album will be changed.
Do you want to continue?</Text>
	<Text name="msg_cannot_display_all_mediaserver">There are too many media servers.
Some media servers will not be displayed.</Text>
	<Text name="msg_scan_mediaserver">Search for Media Servers</Text>
	<Text name="msg_not_allowed_access_confirm_pls">Access to the media server is not allowed. It is possible that the system name for this PS3™ system, "%1", has not been registered.
Check the settings for the media server.</Text>
	<Text name="msg_playlists">Playlists</Text>
	<Text name="msg_playlist_pane">Playlist</Text>
	<Text name="msg_create_new_playlist">Create New Playlist</Text>
	<Text name="msg_to_add_content_playlist_select_edit">To add content to this playlist, select [Edit] from the options menu.</Text>
	<Text name="msg_error_cannot_edit_playlist_no_track">There are no tracks on the system storage. The playlist cannot be edited.</Text>
	<Text name="msg_error_cannot_edit_playlist_no_image">There are no images on the system storage. The playlist cannot be edited.</Text>
	<Text name="msg_error_same_name_cannot_use">This name is already in use.
Enter another name.</Text>
	<Text name="msg_error_no_content">There are no content items.</Text>
	<Text name="msg_add_to_playlist">Add to Playlist</Text>
	<Text name="msg_add_playlist">Add</Text>
	<Text name="msg_add_all_playlist">Add All</Text>
	<Text name="msg_delete_playlist_ask">The playlist will be deleted.
Are you sure you want to continue?</Text>
	<Text name="msg_error_startdate_video">The content is not available before the start date.</Text>
	<Text name="msg_error_expired_video">The content has expired and is no longer available.</Text>
	<Text name="msg_info_no_time_limit">No Time Limit</Text>
	<Text name="msg_info__expired">Expired</Text>
	<Text name="msg_expires_on_variable">Expires %1</Text>
	<Text name="msg_error_timelimited_video"><![CDATA[This content has a time limit.
To perform this operation, go to [Settings] > [Date and Time Settings] > [Date and Time], and then select [Set via Internet] to set the time and date.]]></Text>
	<Text name="msg_can_play_variable_first_play_now_ask">This content can only be played for %1 hours after first playback.
Do you want to play it now?</Text>
	<Text name="msg_del_content_cannot_dl_again_conf_psn">The content will be deleted and cannot be downloaded again.
Are you sure you want to continue?</Text>
	<Text name="msg_to_enable_setting_enable_auto_login">The changes you made have disabled the following settings.
%1

To enable these settings, you must set a User to log in automatically under [Users]. For information on setting the automatic login option, refer to the online manual.</Text>
	<Text name="msg_to_enable_setting_enable_auto_signin">The changes you made have disabled the following settings.
%1

To enable these settings, you must set to sign in automatically to PlayStation®Network. For information on setting the auto sign-in option, refer to the online manual.</Text>
	<Text name="msg_remoteplay_remote_start"><![CDATA[[Settings] > [Remote Play Settings] > [Remote Start]]]></Text>
	<Text name="msg_console_setting_auto_download"><![CDATA[[Settings] > [System Settings] > [Automatic Update]]]></Text>
	<Text name="msg_lang_japan">Japanese</Text>
	<Text name="msg_lang_english">English</Text>
	<Text name="msg_lang_french">French</Text>
	<Text name="msg_lang_spanish">Spanish</Text>
	<Text name="msg_lang_german">German</Text>
	<Text name="msg_lang_italian">Italian</Text>
	<Text name="msg_lang_dutch">Dutch</Text>
	<Text name="msg_lang_portuguese">Portuguese</Text>
	<Text name="msg_lang_russian">Russian</Text>
	<Text name="msg_lang_polish">Polish</Text>
	<Text name="msg_lang_finnish">Finnish</Text>
	<Text name="msg_lang_danish">Danish</Text>
	<Text name="msg_lang_norwegian">Norwegian</Text>
	<Text name="msg_lang_swedish">Swedish</Text>
	<Text name="msg_lang_turkish">Turkish</Text>
	<Text name="msg_lang_korean">Korean</Text>
	<Text name="msg_lang_chinese_t">Traditional Chinese</Text>
	<Text name="msg_lang_chinese_s">Simplified Chinese</Text>
	<Text name="msg_lpcm">Linear PCM</Text>
	<Text name="msg_display_on">Display</Text>
	<Text name="msg_display_off">Do Not Display</Text>
	<Text name="msg_macaddress">MAC Address</Text>
	<Text name="msg_ipaddress">IP Address</Text>
	<Text name="msg_atrac_not_activated_set_pls"><![CDATA[ATRAC is not enabled.
Go to [Settings] > [System Settings] and enable ATRAC.]]></Text>
	<Text name="msg_backup">Back Up</Text>
	<Text name="msg_restore">Restore</Text>
	<Text name="msg_audio_device_setting">Audio Device Settings</Text>
	<Text name="msg_print">Print</Text>
	<Text name="msg_manufacturer">Manufacturer</Text>
	<Text name="msg_10min">After 10 Minutes</Text>
	<Text name="msg_20min">After 20 Minutes</Text>
	<Text name="msg_30min">After 30 Minutes</Text>
	<Text name="msg_remain_time">Remaining Time</Text>
	<Text name="msg_others">Other</Text>
	<Text name="msg_level_1">Level 1</Text>
	<Text name="msg_level_2">Level 2</Text>
	<Text name="msg_level_3">Level 3</Text>
	<Text name="msg_level_4">Level 4</Text>
	<Text name="msg_level_5">Level 5</Text>
	<Text name="msg_level_6">Level 6</Text>
	<Text name="msg_level_7">Level 7</Text>
	<Text name="msg_level_8">Level 8</Text>
	<Text name="msg_level_9">Level 9</Text>
	<Text name="msg_level_10">Level 10</Text>
	<Text name="msg_level_11">Level 11</Text>
	<Text name="msg_gameetc_pc">Parental Control</Text>
	<Text name="msg_netservice">PlayStation®Network</Text>
	<Text name="msg_error_server_connect_timeout">The connection to the server timed out.</Text>
	<Text name="msg_cannot_operate_in_demonstration_mode">This operation cannot be used during demonstration mode.</Text>
	<Text name="msg_tool_install_file"><![CDATA[★ Install Package Files]]></Text>
	<Text name="msg_tool_app_home_ps3_game"><![CDATA[★ /app_home/PS3_GAME/]]></Text>
	<Text name="msg_tool_title_store_preview">Title Store Preview</Text>
	<Text name="msg_tool_title_store_preview_ingame"><![CDATA[★ Title Store Preview (inGame)]]></Text>
	<Text name="msg_tool_title_store_preview_store"><![CDATA[★ Title Store Preview (Store)]]></Text>
	<Text name="msg_tool_lock"><![CDATA[★ Lock]]></Text>
	<Text name="msg_tool_unlock"><![CDATA[★ Unlock]]></Text>
	<Text name="msg_tool_check"><![CDATA[★ Check]]></Text>
	<Text name="msg_tool_cancel_purchase"><![CDATA[★ Cancel Purchase]]></Text>
	<Text name="msg_tool_del"><![CDATA[★ Delete]]></Text>
	<Text name="msg_tool_import"><![CDATA[★ Import]]></Text>
	<Text name="msg_tool_export"><![CDATA[★ Export]]></Text>
	<Text name="msg_tool_quick_sign_up"><![CDATA[★ Quick Sign Up]]></Text>
	<Text name="msg_tool_performance_bar"><![CDATA[★ Performance Bar]]></Text>
	<Text name="msg_tool_no_memory_limit"><![CDATA[★ No Memory Limit]]></Text>
	<Text name="msg_tool_quick_preview"><![CDATA[★ Quick Preview]]></Text>
	<Text name="msg_tool_owner_info"><![CDATA[★ Owner Information]]></Text>
	<Text name="msg_no_trophy">There are no trophies.</Text>
	<Text name="msg_bdu_software">Software</Text>
	<Text name="msg_digitalcamera_image">Digital Camera Images</Text>
	<Text name="msg_del_image_ask">The image will be deleted.
Are you sure you want to continue?</Text>
	<Text name="msg_del_images_ask">The selected images will be deleted.
Are you sure you want to continue?</Text>
	<Text name="msg_del_camerafolder_ask">The folder and all images in the folder, including protected images, will be deleted.
Are you sure you want to continue?</Text>
	<Text name="msg_del_image_protected_ask">This image is protected.
Are you sure you want to delete the image?</Text>
	<Text name="msg_del_imagefolder_ask">The folder and all images in the folder will be deleted.
Are you sure you want to continue?</Text>
	<Text name="msg_error_del_imagefolder">Delete failed.
The folder contains data of types other than image data.</Text>
	<Text name="msg_del_image_select">Select images to delete.</Text>
	<Text name="msg_copy_image_select">Select images to copy.</Text>
	<Text name="msg_error_no_image_copy">There are no images that can be copied.</Text>
	<Text name="msg_error_no_image">There are no images.</Text>
	<Text name="msg_mmyyyy_jan">Jan %1</Text>
	<Text name="msg_mmyyyy_feb">Feb %1</Text>
	<Text name="msg_mmyyyy_mar">Mar %1</Text>
	<Text name="msg_mmyyyy_apr">Apr %1</Text>
	<Text name="msg_mmyyyy_may">May %1</Text>
	<Text name="msg_mmyyyy_jun">Jun %1</Text>
	<Text name="msg_mmyyyy_jul">Jul %1</Text>
	<Text name="msg_mmyyyy_aug">Aug %1</Text>
	<Text name="msg_mmyyyy_sep">Sep %1</Text>
	<Text name="msg_mmyyyy_oct">Oct %1</Text>
	<Text name="msg_mmyyyy_nov">Nov %1</Text>
	<Text name="msg_mmyyyy_dec">Dec %1</Text>
	<Text name="msg_yyyy">%1</Text>
	<Text name="msg_slideshow_type1">Slide</Text>
	<Text name="msg_slideshow_type2">Portrait</Text>
	<Text name="msg_slideshow_type3">Photo Album</Text>
	<Text name="msg_slideshow_type4">Photo Album 2</Text>
	<Text name="msg_piccto_explanation">Create a space to enjoy and enhance your photos.
Turn the photos on your PS3™ system into great albums in minutes.
You can sort your photos by themes, add music to enhance a slideshow or add custom frames to your photos. The more photos you add, the more fun you can have - the possibilities are endless!</Text>
	<Text name="msg_piccto_explanation_sd">Create a space to enjoy and enhance your photos.
Turn the photos on your PS3™ system into great albums in minutes.</Text>
	<Text name="msg_cddbdata_getting">Obtaining CD information...
Please wait.</Text>
	<Text name="msg_cddbdata_pluralfound_select">Multiple CD information items were found.
Select the appropriate CD information item.</Text>
	<Text name="msg_cddbdata_send">Send CD Information</Text>
	<Text name="msg_cddbdata_sending">Sending CD information...
Please wait.</Text>
	<Text name="msg_select_import">Import Multiple</Text>
	<Text name="msg_select_import_pls">Select tracks to import.</Text>
	<Text name="msg_copy_track_select">Select tracks to copy.</Text>
	<Text name="msg_del_track_protected_ask">This track is protected.
Are you sure you want to delete the track?</Text>
	<Text name="msg_del_folder_track_protected_ask">The folder and all tracks in the folder, including protected tracks, will be deleted.
Are you sure you want to continue?</Text>
	<Text name="msg_cannot_copy_protected_truck">Copyright-protected tracks will not be copied.</Text>
	<Text name="msg_copied_except_copyright_protected_track">Copy completed.
Copyright-protected tracks were not copied.</Text>
	<Text name="msg_del_track_select">Select tracks to delete.</Text>
	<Text name="msg_del_track_ask">Are you sure you want to delete the track?</Text>
	<Text name="msg_del_tracks_ask">Are you sure you want to delete the selected tracks?</Text>
	<Text name="msg_del_trackfolder_ask">The folder and all tracks in the folder will be deleted.
Are you sure you want to continue?</Text>
	<Text name="msg_error_del_trackfolder_different">The folder could not be deleted.
The folder contains data of types other than music data.</Text>
	<Text name="msg_importing">Importing...
Please wait.</Text>
	<Text name="msg_import_cancel_ask">Do you want to cancel the import operation?</Text>
	<Text name="msg_imported">Import completed.</Text>
	<Text name="msg_error_import">An error occurred during the import operation.</Text>
	<Text name="msg_error_track_over">The maximum number of tracks that can be saved has been reached.
The import operation stopped.</Text>
	<Text name="msg_error_no_trackfolder_copy">There are no tracks that can be copied.</Text>
	<Text name="msg_error_copyright_track">The copyright protection information is invalid.</Text>
	<Text name="msg_changedinfo_save_music_ask">Do you want to save the revised information?
Revised contents will be applied to all tracks in the folder.</Text>
	<Text name="msg_error_no_track">There are no tracks.</Text>
	<Text name="msg_error_no_nexttrack">There is no track available.</Text>
	<Text name="msg_error_no_prevtrack">There is no track available.</Text>
	<Text name="msg_track_number_value">Track %1</Text>
	<Text name="msg_digitalcamera_video">Digital Camera Movies</Text>
	<Text name="msg_psstore_video_offline_explanation_sd">PlayStation®Store is the only place to rent or own the latest movies for your PS3™, PS Vita, and PSP™ systems.
Visit PlayStation®Store today.</Text>
	<Text name="msg_psstore_video_offline_explanation_hd">PlayStation®Store is the only place to rent or own the latest movies for your PS3™, PS Vita, and PSP™ systems.
Visit PlayStation®Store today.</Text>
	<Text name="msg_error_no_title">There are no titles.</Text>
	<Text name="msg_error_title_over">The maximum number of titles that can be saved has been reached.</Text>
	<Text name="msg_copy_title_select">Select the titles to copy.</Text>
	<Text name="msg_copy_titlefolder2">Copyright-protected titles will not be copied.</Text>
	<Text name="msg_error_no_title_copy">There are no titles that can be copied.</Text>
	<Text name="msg_error_magicgate_device_required">A USB device that is compatible with copyright-protection features is required to perform this operation.</Text>
	<Text name="msg_copied_except_copyright_protected_title">Copy completed.
Copyright-protected titles were not copied.</Text>
	<Text name="msg_title_number_value">Title %1</Text>
	<Text name="msg_smove_destination_select">Select a destination.</Text>
	<Text name="msg_smoving">Moving...
Please wait.</Text>
	<Text name="msg_smove_cancel_ask">Do you want to cancel the move operation?</Text>
	<Text name="msg_smoved">Move completed.</Text>
	<Text name="msg_error_smove">An error occurred during the move operation.</Text>
	<Text name="msg_error_move_mspro">The move operation cannot be completed.
To move this title you must use a Memory Stick PRO™.</Text>
	<Text name="msg_del_title_select">Select the title to be deleted.</Text>
	<Text name="msg_del_title_ask">The title will be deleted.
Are you sure you want to continue?</Text>
	<Text name="msg_del_titles_ask">The selected titles will be deleted.
Are you sure you want to continue?</Text>
	<Text name="msg_del_titlefolder_ask">The folder and all titles in the folder will be deleted.
Are you sure you want to continue?</Text>
	<Text name="msg_del_camerafolder_video_ask">The folder and all titles in the folder, including protected titles, will be deleted.
Are you sure you want to continue?</Text>
	<Text name="msg_del_title_protected_ask">This title is protected.
Are you sure you want to delete the title?</Text>
	<Text name="msg_error_del_movie_folder">The folder could not be deleted.
The folder contains data of types other than video data.</Text>
	<Text name="msg_error_smove_prohibit">This title cannot be moved.</Text>
	<Text name="msg_corrupted_copyright">Copyright protection information is corrupted, and will be restored.</Text>
	<Text name="msg_error_corrupted_copyright">An error occurred during restoration of the copyright protection information.</Text>
	<Text name="msg_error_no_execute">This operation is not available here.</Text>
	<Text name="msg_video_editor_and_upload"><![CDATA[Video Editor & Uploader]]></Text>
	<Text name="msg_video_editor_explanation">You can edit a video that you like, upload it to a video sharing website, and then invite your friends to view the video.</Text>
	<Text name="msg_create_new_video">Create New Video</Text>
	<Text name="msg_del_content_ask">The content will be deleted.
Are you sure you want to continue?</Text>
	<Text name="msg_error_create_content_number_over">The maximum number of content items that can be created has been reached.</Text>
	<Text name="msg_backup_data_utility">Backup Data Utility</Text>
	<Text name="msg_bd_data_utility">BD Data Utility</Text>
	<Text name="msg_common_cache_data">Shared Cache Data</Text>
	<Text name="msg_bd_data_delete_ask">The BD data will be deleted.
Are you sure you want to continue?</Text>
	<Text name="msg_service_coming_soon">This service is coming soon.</Text>
	<Text name="msg_service_app_install_folder">My Channels</Text>
	<Text name="msg_vita_application_utility">PS Vita System Application Utility</Text>
	<Text name="msg_applications_vita">Applications (PS Vita)</Text>
	<Text name="msg_applications_psp_other">Applications (PSP™/Other)</Text>
	<Text name="msg_applications_ps1">Applications (PS)</Text>
	<Text name="msg_applications_psm">Applications (PlayStation®Mobile)</Text>
	<Text name="msg_gamedata_utility">Game Data Utility</Text>
	<Text name="msg_savedata_utility_ps3">Saved Data Utility (PS3™)</Text>
	<Text name="msg_savedata_utility_ps2">Saved Data Utility (PS2)</Text>
	<Text name="msg_savedata_utility_minis_psp">Saved Data Utility (minis/PSP™)</Text>
	<Text name="msg_savedata_utility_psp_emu_psp">Saved Data Utility (PSP™ Remaster/PSP™)</Text>
	<Text name="msg_savedata_utility_minis_psp_emu_psp">Saved Data Utility (minis/PSP™ Remaster/PSP™)</Text>
	<Text name="msg_memory_card_utility">Memory Card Utility</Text>
	<Text name="msg_content_pc">Parental Control Restricted Content</Text>
	<Text name="msg_ps1_gamedisc">PlayStation® Format Disc</Text>
	<Text name="msg_ps2_gamedisc">PlayStation®2 Format Disc</Text>
	<Text name="msg_ps2_format_software">PlayStation®2 Format Software</Text>
	<Text name="msg_playstation">PlayStation®</Text>
	<Text name="msg_playstation2">PlayStation®2</Text>
	<Text name="msg_playstation3">PlayStation®3</Text>
	<Text name="msg_minis">minis</Text>
	<Text name="msg_psp_emu">PSP™ Remaster</Text>
	<Text name="msg_pc_engine">PCEngine</Text>
	<Text name="msg_neogeo">NEOGEO</Text>
	<Text name="msg_cannot_start_unless_install_install_ask">This game cannot be started unless it is installed on the system storage.
Do you want to start installing?</Text>
	<Text name="msg_psstore_game_offline_explanation_sd">PlayStation®Store is packed with exclusive downloadable games, FREE PS3™ demos, add-on packs and videos.

Visit the store today!</Text>
	<Text name="msg_psstore_game_offline_explanation_hd">FREE* to access, PlayStation®Store is the only place to download new and exclusive PS3™ games, FREE playable demos, add-on packs, and high-definition videos.

Get more for your PS3™ and visit PlayStation®Store today.

* Broadband Internet connection required.</Text>
	<Text name="msg_disc_benefit">Disc Benefits</Text>
	<Text name="msg_select_receive_disc_benefit">Select this option to receive the disc benefits.</Text>
	<Text name="msg_only_for_psp_need_copy_ask">You can use this content on a PSP™ system.
Do you want to copy it to a PSP™ system?</Text>
	<Text name="msg_error_cannot_use_content_download_again_copy_can_use"><![CDATA[This content is not available for use.
Sign in with the account that was used to purchase this content, and then select [View Downloads] under [PlayStation®Network] > [PlayStation®Store] to download the content again.
To use this content, you must download and then copy it to a device that supports its use.]]></Text>
	<Text name="msg_when_use_content_on_vita_hint">If using the content on a PS Vita system, connect the PS Vita system using a USB cable, and then start [Content Manager] on the PS Vita system.</Text>
	<Text name="msg_error_cannot_play_ps2_format">This model of the PS3™ system is not compatible with PlayStation®2 format software.</Text>
	<Text name="msg_error_game_wrong_region">This software cannot be started due to region restrictions.</Text>
	<Text name="msg_error_gamedisc_cannot_start">This disc cannot be started.</Text>
	<Text name="msg_error_game_start_failure">An error occurred during the start operation.</Text>
	<Text name="msg_current_systemsoftware_update_ask">The system software of your PS3™ system is version %1.
To start, you must update to version %2 or later.
Do you want to update now?</Text>
	<Text name="msg_systemsoftware_update_ask">You will need to update the system software before your next use.</Text>
	<Text name="msg_game_start">Start</Text>
	<Text name="msg_about_game">About this Game</Text>
	<Text name="msg_about_game_ps3_content">Library programs ©Sony Computer Entertainment Inc. Licensed for play on the PlayStation®3 Computer Entertainment System or authorized PlayStation®3 format systems. For full terms and conditions see the user's manual. This product is authorized and produced under license from Sony Computer Entertainment Inc. Use is subject to the copyright laws and the terms and conditions of the user's license.</Text>
	<Text name="msg_game_update_history">Update History</Text>
	<Text name="msg_purchase">Purchase</Text>
	<Text name="msg_savedata_auto_upload">Saved Data Auto-Upload</Text>
	<Text name="msg_installgame_delete_ask">The installed game will be deleted.
Are you sure you want to continue?</Text>
	<Text name="msg_error_no_savedata">There is no saved data.</Text>
	<Text name="msg_info_detail">Details</Text>
	<Text name="msg_protection">Lock</Text>
	<Text name="msg_copy_prohibited">Copying Prohibited</Text>
	<Text name="msg_error_history_auto_upload">Error History (Auto-Upload)</Text>
	<Text name="msg_online_storage">Online Storage</Text>
	<Text name="msg_online_storage_explanation">Stores saved data online.
Expand your gaming horizons by downloading your saved data to a friend's PS3™ system to continue your game, or by backing up your data online.</Text>
	<Text name="msg_to_save_data_select_copy_option">To save your data in online storage, select the data you want to save and then select [Copy] from the options menu.</Text>
	<Text name="msg_save_data_copy_prohibited_upload_explanation">There are limits to how frequently you can download this saved data from online storage.
You can download only after %1 hours have passed since you last uploaded to or downloaded from online storage.
You can upload to online storage at any time.</Text>
	<Text name="msg_error_online_storage_full">There is not enough free space in online storage.
To copy you need at least %1 more space.</Text>
	<Text name="msg_error_save_data_copy_prohibited_download">You cannot download this saved data at this time.
You can download only one time per %1 hours.

Next Available Download:
%2</Text>
	<Text name="msg_vmc_ps1">Internal Memory Card (PS)</Text>
	<Text name="msg_vmc_ps2">Internal Memory Card (PS2)</Text>
	<Text name="msg_free_space_vmc_ps1">%1 / 120 KB</Text>
	<Text name="msg_free_space_vmc_ps2">%1 / 7998 KB</Text>
	<Text name="msg_category">Type</Text>
	<Text name="msg_savedata">Saved Data</Text>
	<Text name="msg_savedata_ps1">Saved Data (PlayStation®)</Text>
	<Text name="msg_savedata_ps2">Saved Data (PlayStation®2)</Text>
	<Text name="msg_application_ps2">Software (PlayStation®2)</Text>
	<Text name="msg_application_pocketstation">Software (PocketStation™)</Text>
	<Text name="msg_setting_file_ps2">Settings File (PlayStation®2)</Text>
	<Text name="msg_system_driver_ps2">System Driver (PlayStation®2)</Text>
	<Text name="msg_unknown_data">Unknown</Text>
	<Text name="msg_vmc">Internal Memory Card</Text>
	<Text name="msg_error_no_vmc">There are no internal memory cards.</Text>
	<Text name="msg_free_space_vmc_ps1_w_title">Free Space: %1 / 120 KB</Text>
	<Text name="msg_free_space_vmc_ps2_w_title">Free Space: %1 / 7998 KB</Text>
	<Text name="msg_pocketstation">PocketStation™</Text>
	<Text name="msg_created_date_time">Created</Text>
	<Text name="msg_error_mc_no_access">The memory card cannot be accessed.</Text>
	<Text name="msg_error_savedata_cannot_copy">Copying of this saved data is not allowed.</Text>
	<Text name="msg_error_no_gamedata">There is no game data.</Text>
	<Text name="msg_update_quit_software_update">The latest update data has been found.
The system will quit this software and start installing.</Text>
	<Text name="msg_wait_donot_turn_off">Please wait...
Do not turn off the system.</Text>
	<Text name="msg_playmode">Play Mode</Text>
	<Text name="msg_play_track_select">Select the track to play.</Text>
	<Text name="msg_no_data">There is no data.</Text>
	<Text name="msg_error_service_stop">This service has ended.</Text>
	<Text name="msg_error_account_service">Use of this service has been suspended for this account.</Text>
	<Text name="msg_browser">Internet Browser</Text>
	<Text name="msg_ps3_portal">PlayStation®Store</Text>
	<Text name="msg_psp_connection">Remote Play</Text>
	<Text name="msg_remoteplay_explanation"><![CDATA[Use a device that supports remote play (such as a PS Vita or a PSP™ system) to operate this system over a network. Go to [Settings] > [Remote Play Settings] > [Register Device] and register the remote play device.]]></Text>
	<Text name="msg_onlinemanual">Online Instruction Manuals</Text>
	<Text name="msg_file">File</Text>
	<Text name="msg_open">Open</Text>
	<Text name="msg_internet_search">Internet Search</Text>
	<Text name="msg_download_cancel_ask">Do you want to cancel the download operation?</Text>
	<Text name="msg_error_server_transaction_failure">An error occurred during communication with the server.</Text>
	<Text name="msg_no_file">There is no file.</Text>
	<Text name="msg_content_not_support_remoteplay">This content cannot be used during remote play.</Text>
	<Text name="msg_error_cannot_operate_remoteplay">This operation cannot be performed during remote play.</Text>
	<Text name="msg_error_cannot_start_can_play_follow_device">Cannot start.
You can start this content only from the following devices during remote play:</Text>
	<Text name="msg_error_need_update_psp">You must perform a PSP™ system software update.
For information on update methods, refer to the instructions for the PSP™ system.</Text>
	<Text name="msg_error_no_signup_ask">You must sign up for Sony Entertainment Network.
Do you want to sign up now?</Text>
	<Text name="msg_download_control">Download Management</Text>
	<Text name="msg_no_download_content">There are no downloads.</Text>
	<Text name="msg_variable_downloading">%1%% Downloading...</Text>
	<Text name="msg_variable_download_error">%1%% Download Error</Text>
	<Text name="msg_variable_download_waiting">%1%% Pending</Text>
	<Text name="msg_variable_download_pausing">%1%% Paused</Text>
	<Text name="msg_pause_all">Pause All</Text>
	<Text name="msg_resume_all">Resume All</Text>
	<Text name="msg_progress">Status</Text>
	<Text name="msg_resume">Resume</Text>
	<Text name="msg_download_restart">Resume Download</Text>
	<Text name="msg_download_cancel">Cancel Download</Text>
	<Text name="msg_install">Install</Text>
	<Text name="msg_download_content_was_deleted">The content was deleted from the server.</Text>
	<Text name="msg_need_app_software_download_ask">To use this feature, you must first download software.
Do you want to download now?</Text>
	<Text name="msg_cellbrowser_foldingathome">Folding@home™</Text>
	<Text name="msg_auto_start">Auto-Start</Text>
	<Text name="msg_title_lwp">Life with PlayStation®</Text>
	<Text name="msg_psstore_explanation_sd">PlayStation®Store is packed with exclusive downloadable games, FREE PS3™ demos, add-on packs and videos.

Visit the store today!</Text>
	<Text name="msg_psstore_explanation_hd">FREE* to access, PlayStation®Store is the only place to download new and exclusive PS3™ games, FREE playable demos, add-on packs, and high-definition videos.

Get more for your PS3™ and visit PlayStation®Store today.

* Broadband Internet connection required.</Text>
	<Text name="msg_reg_explanation_sd">Enjoy FREE* online gaming, download games, expansion packs and exclusive content, chat with friends, and compare Trophies.
Sign up now and let the fun begin!
* Broadband Internet connection required.</Text>
	<Text name="msg_reg_explanation_hd">PlayStation®Network is all about entertainment and interaction.
Enjoy FREE* online gaming, download amazing new games, game expansion packs for a host of top titles, watch trailers and get your hands on exclusive content, chat with friends, and compare Trophies.

Sign up today – it's easy and it's FREE!

* Broadband Internet connection required.</Text>
	<Text name="msg_account_manage">Account Management</Text>
	<Text name="msg_can_change_psn_account_psstore_setteing">Adjust settings for your account or for purchases made at PlayStation®Store.</Text>
	<Text name="msg_your_channel">What's New</Text>
	<Text name="msg_your_channel_offline_explanation_hd">Welcome to PlayStation®3.
The "What's New" screen is where to find all the latest PlayStation® news, updates, plus easy access to the games you've most recently played.
To access the "What's New" screen, connect to PlayStation®Network* – it's free to join and it's your gateway to a world of entertainment, so sign up today!

* Broadband Internet connection required.</Text>
	<Text name="msg_your_channel_offline_explanation_sd">The "What's New" screen is where to find the latest PlayStation® news, plus access to the games you've most recently played; just connect to PlayStation®Network* – it's free to join and it's your gateway to a world of fun!
* Broadband Internet connection needed.</Text>
	<Text name="msg_your_channel_caution_launching_website">You are launching an Internet website.</Text>
	<Text name="msg_trophy_collection">Trophy Collection</Text>
	<Text name="msg_trophy_count">Trophies</Text>
	<Text name="msg_gain_date">Earned</Text>
	<Text name="msg_no_trophy_explanation">There are no trophies.
If you play a game that supports the trophy feature and collect trophies, they will be displayed here.</Text>
	<Text name="msg_compare_trophy">Compare Trophies</Text>
	<Text name="msg_trophy_grade">Grade</Text>
	<Text name="msg_trophy_platinum">Platinum</Text>
	<Text name="msg_trophy_gold">Gold</Text>
	<Text name="msg_trophy_silver">Silver</Text>
	<Text name="msg_trophy_bronze">Bronze</Text>
	<Text name="msg_sync_with_server">Sync with Server</Text>
	<Text name="msg_switch_mode">Switch Modes</Text>
	<Text name="msg_online_mode">Online Mode</Text>
	<Text name="msg_online_mode_trophy_explanation">Online Mode
View trophy information saved on the server.</Text>
	<Text name="msg_offline_mode">Offline Mode</Text>
	<Text name="msg_offline_mode_trophy_explanation">Offline Mode
View trophy information saved on this system.</Text>
	<Text name="msg_trophy_base_addon">Core Game/Add-On</Text>
	<Text name="msg_hidden_trophy_name">Hidden Trophy</Text>
	<Text name="msg_original_f">Original Order</Text>
	<Text name="msg_trophy_grade_f">Grade</Text>
	<Text name="msg_trophy_earned_f">Earned Date ▲</Text>
	<Text name="msg_trophy_earned_r">Earned Date ▼</Text>
	<Text name="msg_privacy_settings">Privacy Settings</Text>
	<Text name="msg_ps_plus_psn">PlayStation®Plus</Text>
	<Text name="msg_health_warning_psn">Health Warnings</Text>
	<Text name="msg_psp_exclusive_install_ask">This content is exclusively for use with the PSP™ system.
Do you want to install it on the PSP™ system now?</Text>
	<Text name="msg_bonus_digital_copy">Digital Copy</Text>
	<Text name="msg_bonus_digital_copy_explanation">This content can be used after signing in to PlayStation®Network and copying the content to the system storage of this system.</Text>
	<Text name="msg_error_service_not_available_region">This service is not available in your country/region.</Text>
	<Text name="msg_sigining_in2">Signing in...</Text>
	<Text name="msg_auto_signin_off">Auto Sign-In Off</Text>
	<Text name="msg_auto_signin">Auto Sign-In</Text>
	<Text name="msg_signout">Sign Out</Text>
	<Text name="msg_error_no_execute_psn_maintenance_partially">The operation cannot be performed.
Some Sony Entertainment Network features are currently undergoing maintenance.</Text>
	<Text name="msg_error_no_player">No players were found.</Text>
	<Text name="msg_signin">Sign In</Text>
	<Text name="msg_ignore_list">Block List</Text>
	<Text name="msg_friend_register">Add a Friend</Text>
	<Text name="msg_play_with">Players Met</Text>
	<Text name="msg_av_chatroom">Voice/Video Chat Room</Text>
	<Text name="msg_game_chatroom">Game Chat Room</Text>
	<Text name="msg_msg_box">Message Box</Text>
	<Text name="msg_last_signin_minute_ago">Last Sign-In: %1 Minutes Ago</Text>
	<Text name="msg_last_signin_hour_ago">Last Sign-In: %1 Hours Ago</Text>
	<Text name="msg_last_signin_day_ago">Last Sign-In: %1 Days Ago</Text>
	<Text name="msg_last_signin_month_ago">Last Sign-In: %1 Months Ago</Text>
	<Text name="msg_last_signin_more_than_2year_ago">Last Sign-In: 2 or More Years Ago</Text>
	<Text name="msg_to">To</Text>
	<Text name="msg_sent">Send completed.</Text>
	<Text name="msg_registered">Add completed.</Text>
	<Text name="msg_error_registered_number_over">The maximum number of people who can be added has been reached.</Text>
	<Text name="msg_error_cannot_register_myself">You cannot add yourself.</Text>
	<Text name="msg_accept_friend_register_ask">Do you want to add as a Friend?</Text>
	<Text name="msg_register_request">Friend Request</Text>
	<Text name="msg_asking_to_add">Pending response to your Friend request.</Text>
	<Text name="msg_asked_to_add">You have received a Friend request.</Text>
	<Text name="msg_msg_list">Message List</Text>
	<Text name="msg_start_new_chat">Start New Chat</Text>
	<Text name="msg_new_msg">Create Message</Text>
	<Text name="msg_error_no_msg">There are no messages.</Text>
	<Text name="msg_status_f">Status</Text>
	<Text name="msg_name_f">Name</Text>
	<Text name="msg_online_id">Online ID</Text>
	<Text name="msg_online_name">Online Name</Text>
	<Text name="msg_about_me">About Me</Text>
	<Text name="msg_my_lang">My Languages</Text>
	<Text name="msg_received_msg_count">Received Messages</Text>
	<Text name="msg_unread_msg_count">Unread Messages</Text>
	<Text name="msg_protect_msg_count">Protected Messages</Text>
	<Text name="msg_sent_msg_count">Sent Messages</Text>
	<Text name="msg_received_msg_count_with_variable">Received Messages %1</Text>
	<Text name="msg_sent_msg_count_with_variable">Sent Messages %1</Text>
	<Text name="msg_from">From</Text>
	<Text name="msg_received_datetime">Received</Text>
	<Text name="msg_sent_datetime">Sent</Text>
	<Text name="msg_reply_to_friend_register">Reply to Friend Request</Text>
	<Text name="msg_del_addingfriend_ask">A Friend that is pending addition will be deleted.
If you delete this Friend, you will be deleted from the other person's Friends list.
Are you sure you want to continue?</Text>
	<Text name="msg_del_friend_ask">This Friend will be deleted.
If you delete this Friend, you will be deleted from the other person's Friends list.
Are you sure you want to continue?</Text>
	<Text name="msg_status">Status</Text>
	<Text name="msg_profile">Profile</Text>
	<Text name="msg_online">Online</Text>
	<Text name="msg_afk">Not Available</Text>
	<Text name="msg_add_ignore_list">Add to Block List</Text>
	<Text name="msg_game_title">Game Title</Text>
	<Text name="msg_information">Information</Text>
	<Text name="msg_played_date_hour">Played</Text>
	<Text name="msg_add_ignore_list_ask">If you add to the block list, you will no longer receive messages from this person.
Do you want to continue?</Text>
	<Text name="msg_adding">Adding...
Please wait.</Text>
	<Text name="msg_del_from_ignore_list">Delete from Block List</Text>
	<Text name="msg_del_ignore_list_ask">Are you sure you want to delete from the block list?</Text>
	<Text name="msg_error_not_registered">No persons have been added.</Text>
	<Text name="msg_error_try_again_later">An error has occurred.
Try again later.</Text>
	<Text name="msg_send_grief_report">Grief Report</Text>
	<Text name="msg_received_box">Received</Text>
	<Text name="msg_sent_box">Sent</Text>
	<Text name="msg_list">List</Text>
	<Text name="msg_protect">Protect</Text>
	<Text name="msg_unprotected">Clear Protection</Text>
	<Text name="msg_edit">Edit</Text>
	<Text name="msg_attach_image_select">Select an image to attach.</Text>
	<Text name="msg_attach_cancel_ask">Do you want to cancel the attach operation?</Text>
	<Text name="msg_dell_msg_all_ask">Do you want to delete all messages?
Protected messages will not be deleted.</Text>
	<Text name="msg_del_msgl_ask">Are you sure you want to delete the message?</Text>
	<Text name="msg_dell_msg_all_ask2">Do you want to delete all messages?</Text>
	<Text name="msg_voice_text_chatroom">Voice/Text Chat Room</Text>
	<Text name="msg_text_chatroom">Chat Room (Text Only)</Text>
	<Text name="msg_mic_on">Microphone On</Text>
	<Text name="msg_mic_off">Microphone Off</Text>
	<Text name="msg_chat_volume">Chat Volume</Text>
	<Text name="msg_camera_on">Camera On</Text>
	<Text name="msg_camera_off">Camera Off</Text>
	<Text name="msg_chat_screen_on">Display Chat Image</Text>
	<Text name="msg_chat_screen_off">Hide Chat Image</Text>
	<Text name="msg_invite_friend">Invite a Friend</Text>
	<Text name="msg_new_msg_all">Create Message to All</Text>
	<Text name="msg_quit">Leave</Text>
	<Text name="msg_cancel2">Cancel</Text>
	<Text name="msg_invite_chat">Chat Invitation</Text>
	<Text name="msg_participants_list">Participant List</Text>
	<Text name="msg_invite_game">Game Invitation</Text>
	<Text name="msg_error_add">An error occurred during the add operation.</Text>
	<Text name="msg_error_attach_size_over">The maximum size for files that can be attached has been reached.</Text>
	<Text name="msg_error_attach_deleted">The attached file has been deleted.</Text>
	<Text name="msg_error_player_added">This player has already been added.</Text>
	<Text name="msg_protect_msg_over">The maximum number of messages that can be protected has been reached.
You can protect up to 50 messages.</Text>
	<Text name="msg_error_cannot_operate_signin_pls">The operation cannot be performed.
You are not signed in.</Text>
	<Text name="msg_error_cannot_creat_message">You cannot create a message now.</Text>
	<Text name="msg_error_ignore_list_friend">You cannot add a Friend to your block list.
You must delete the person from your Friends list before adding them to your block list.</Text>
	<Text name="msg_version">Version</Text>
	<Text name="msg_new_user_create">Create New User</Text>
	<Text name="msg_logout_ask">Do you want to log out?</Text>
	<Text name="msg_login_ask">Do you want to log in as the selected user?
The currently logged in user will be logged out.</Text>
	<Text name="msg_username_create">Enter a user name.</Text>
	<Text name="msg_error_max_num_users_reached">No additional users can be created.
The maximum number of users that can be created is 16.</Text>
	<Text name="msg_error_other_username_create_pls">The name you entered has already been used.
Enter a different user name.</Text>
	<Text name="msg_error_new_user_create">An error occurred during user creation.</Text>
	<Text name="msg_user_del_2nd_ask">Are you sure you want to delete the user?</Text>
	<Text name="msg_auto_login_set">From now on, "%1" will be logged in automatically when the PS3™ system is started.</Text>
	<Text name="msg_username">User</Text>
	<Text name="msg_username_num">User %1</Text>
	<Text name="msg_auto_login">Automatic Login</Text>
	<Text name="msg_logout">Log Out</Text>
	<Text name="msg_user_del_ask">If you delete the User, saved data for PlayStation®3 format software, messages, trophies and other information will also be deleted.
Are you sure you want to continue?</Text>
	<Text name="msg_error_character">The following characters cannot be entered:
%1</Text>
	<Text name="msg_health_warning_detail_scee_1">Seizures induced by light stimulation (Photosensitive Epilepsy)

</Text>
	<Text name="msg_health_warning_detail_scee_2">If you have an epileptic condition or have had seizures, consult your doctor prior to playing. Some individuals may experience eye soreness, altered vision, migraine, muscle twitching, convulsion, blackout, loss of awareness or disorientation when exposed to flashing or flickering lights or other light stimulation on a television screen or while playing video games. If you experience any of the above symptoms while playing, discontinue use immediately and consult your doctor.

</Text>
	<Text name="msg_health_warning_detail_scee_3">Stop playing immediately when you experience the following symptoms:
</Text>
	<Text name="msg_health_warning_detail_scee_4">In addition to the above symptoms, whilst playing if you have a headache, dizziness, nausea, fatigue, similar symptoms to motion sickness, or if you feel a discomfort or pain in any body part such as eyes, ears, hands, arms, feet, discontinue use immediately. If the condition persists, seek medical attention.



</Text>
	<Text name="msg_health_warning_detail_scee_5">3D images

</Text>
	<Text name="msg_health_warning_detail_scee_6">Some people may experience discomfort (such as eye strain, eye fatigue, or nausea) while watching 3D video images or playing stereoscopic 3D games on 3D televisions. If you experience such discomfort you should immediately discontinue use of your television until the discomfort subsides.
</Text>
	<Text name="msg_health_warning_detail_scee_7">Generally we recommend that you avoid prolonged use of your PlayStation®3 system and take 15 minutes breaks during each hour of play. However, when playing stereoscopic 3D games or watching 3D video, the length and frequency of necessary breaks may vary from person to person - please take breaks that are long enough to allow any feelings of discomfort to subside. If symptoms persist, consult your doctor.
</Text>
	<Text name="msg_health_warning_detail_scee_8">The vision of young children (especially those under six years old) is still under development. Consult with your child's doctor or optometrist before allowing young children to watch 3D video images or play stereoscopic 3D games. Adults should supervise young children to ensure they follow the recommendations listed above.



</Text>
	<Text name="msg_health_warning_detail_scee_9">Notes on safety when using the DUALSHOCK™3 Wireless Controller

</Text>
	<Text name="msg_health_warning_detail_scee_10">Do not use the vibration function if you have any ailment or injury to the bones, joints or muscles of your hands or arms. If you have an ailment or an injury, do not play such titles using the DUALSHOCK™3 Wireless Controller unless you have set the vibration function to [Off].



</Text>
	<Text name="msg_health_warning_detail_scee_11">・Use in a well-lit area and keep a safe distance from the TV screen.
・Avoid prolonged use of the PS3™ system. Take a 15-minute break during each hour of play.
・Avoid playing when you are tired or need sleep.
</Text>
	<Text name="msg_health_warning_detail_scee_12">・Stop using the system immediately if you begin to feel tired or if you experience discomfort or pain in your hands or arms while operating the Wireless Controller. If the condition persists, consult a doctor.
</Text>
	<Text name="msg_health_warning_detail_scee_13">・If you experience any of the following health problems, discontinue use of the system immediately. If symptoms persist, consult a doctor.
- Dizziness, nausea, fatigue or symptoms similar to motion sickness
- Discomfort or pain in a part of the body, such as eyes, ears, hands or arms</Text>
	<Text name="msg_health_warning_detail_scea_1">Photosensitivity/Epilepsy/Seizures

</Text>
	<Text name="msg_health_warning_detail_scea_2">A very small percentage of individuals may experience epileptic seizures or blackouts when exposed to certain light patterns or flashing lights. Exposure to certain patterns or backgrounds on a television screen or when playing video games may trigger epileptic seizures or blackouts in these individuals. These conditions may trigger previously undetected epileptic symptoms or seizures in persons who have no history of prior seizures or epilepsy. If you, or anyone in your family, has an epileptic condition or has had seizures of any kind, consult your doctor before playing.

</Text>
	<Text name="msg_health_warning_detail_scea_3">IMMEDIATELY DISCONTINUE use and consult your doctor before resuming gameplay if you or your child experience any of the following health problems or symptoms:
・dizziness,
・altered vision,
・eye or muscle twitches,
・loss of awareness,
・disorientation,
・seizures, or
・any involuntary movement or convulsion.
RESUME GAMEPLAY ONLY ON APPROVAL OF YOUR DOCTOR.

</Text>
	<Text name="msg_health_warning_detail_scea_4">Use and handling of video games to reduce the likelihood of a seizure
・Use in a well-lit area and keep as far away as possible from the television screen.
・Avoid large screen televisions. Use the smallest television screen available.
・Avoid prolonged use of the PS3™ system. Take a 15-minute break during each hour of play.
・Avoid playing when you are tired or need sleep.



</Text>
	<Text name="msg_health_warning_detail_scea_5">3D images

</Text>
	<Text name="msg_health_warning_detail_scea_6">Some people may experience discomfort (such as eye strain, eye fatigue, or nausea) while watching 3D video images or playing stereoscopic 3D games on 3D televisions. If you experience such discomfort you should immediately discontinue use of your television until the discomfort subsides.
</Text>
	<Text name="msg_health_warning_detail_scea_7">SCE recommends that all viewers take regular breaks while watching 3D video, or playing stereoscopic 3D games. The length and frequency of necessary breaks may vary from person to person - please take breaks that are long enough to allow any feelings of discomfort to subside. If symptoms persist, consult your doctor.
</Text>
	<Text name="msg_health_warning_detail_scea_8">The vision of young children (especially those under six years old) is still under development. SCE recommends that you consult with a doctor (such as a pediatrician or eye doctor) before allowing a young child to watch 3D video images or play stereoscopic 3D games. Adults should supervise young children to ensure they follow the recommendations listed above. When using any 3D enabled device with your PlayStation®3 system you should read the instruction manual for that device and check www.us.playstation.com/support/3D for updated information.



</Text>
	<Text name="msg_health_warning_detail_scea_9">Notes on safety when using the DUALSHOCK™3 Wireless Controller

</Text>
	<Text name="msg_health_warning_detail_scea_10">・Stop using the system immediately if you begin to feel tired or if you experience discomfort or pain in your hands or arms while operating the DUALSHOCK™3 Wireless Controller. If the condition persists, consult a doctor.
・The vibration function of the DUALSHOCK™3 Wireless Controller can aggravate injuries. Do not use the vibration function if you have any ailment or injury to the bones, joints or muscles of your hands or arms. If you have an ailment or an injury, do not play software titles that contain the vibration function using the DUALSHOCK™3 Wireless Controller unless you have set the vibration function to [Off].
</Text>
	<Text name="msg_health_warning_detail_scea_11">・Avoid prolonged use of the DUALSHOCK™3 Wireless Controller. Take a break at about 30-minute intervals.
・Note that some software titles set the vibration function to [On] by default. To disable the vibration function, press the PS button of the controller, and then select [Controller Settings]→ [Vibration Function]→[Off].



</Text>
	<Text name="msg_health_warning_detail_scea_12">・Use in a well-lit area and keep as far away as possible from the television screen.
・Avoid prolonged use of the PS3™ system and wireless controller.
</Text>
	<Text name="msg_health_warning_detail_scea_13">・Stop using the system immediately if you begin to feel tired or if you experience discomfort or pain in your hands or arms while operating the wireless controller. If the condition persists, consult a doctor.
</Text>
	<Text name="msg_health_warning_detail_scea_14">・If you experience any of the following health problems, discontinue use of the system immediately. If symptoms persist, consult with your doctor.
- Dizziness, nausea, fatigue or symptoms similar to motion sickness
- Discomfort or pain in a part of the body, such as eyes, ears, hands or arms</Text>
	<Text name="msg_health_warning_detail_scej_1">光の刺激によって引き起こされる発作について

</Text>
	<Text name="msg_health_warning_detail_scej_2">点滅を繰り返す画面や、その他の光の刺激によって、まれに、目の痛み、視覚異常、偏頭痛、けいれんや意識障害（失神など）などの症状（光感受性発作）が起きることがあります。こうした症状のある方は、事前に必ず医師に相談してください。

</Text>
	<Text name="msg_health_warning_detail_scej_3">こんなときはすぐに使用を中止する
</Text>
	<Text name="msg_health_warning_detail_scej_4"><![CDATA[上記の症状に加え、頭痛、めまい、吐き気、疲労感、乗り物酔いに似た症状などを感じたときや、目、耳、手、腕、足など、身体の一部に不快感や痛みを感じたときは、すぐに使用を中止してください。使用を中止しても治らないときは、医師の診察を受けてください。



]]></Text>
	<Text name="msg_health_warning_detail_scej_5">3D映像、3D立体視ゲームについて

</Text>
	<Text name="msg_health_warning_detail_scej_6">3D映像の視聴中や3D対応テレビでの3D立体視ゲームのプレイ中に、目の疲労、気分が悪くなるなどの不快な症状が出ることがあります。不快な症状が出たときは、直ちにテレビのご利用を中止し、回復するまでご利用をお控えください。
3D映像を視聴したり、3D立体視ゲームをプレイしたりするときは、定期的に休憩をとることをおすすめします。必要な休憩の長さや頻度は個人によって異なりますので、ご自身でご判断ください。不快な症状が回復するまで、十分に休憩をとってください。もし症状が続く場合は、医師にご相談ください。
</Text>
	<Text name="msg_health_warning_detail_scej_7"><![CDATA[なお、お子さま(特に6歳未満の子)の視覚は発達段階にあります。お子さまが3D映像を視聴したり、3D立体視ゲームをプレイしたりする前に、小児科や眼科などの医師にご相談いただくことをおすすめします。大人のかたは、お子さまが上記注意点を守るよう監督してください。
最新情報については、ホームページ(http://www.jp.playstation.com/support/)をご覧ください。



]]></Text>
	<Text name="msg_health_warning_detail_scej_8">コントローラの振動機能に対応したソフトウェアについて

</Text>
	<Text name="msg_health_warning_detail_scej_9">振動障害のある方は、バイブレーション（振動）機能を使用しないでください。



</Text>
	<Text name="msg_health_warning_detail_scej_10">・使用するときは部屋を明るくし、できるだけ画面から離れてください。
・疲れているときや睡眠不足のときは、使用を避けてください。
</Text>
	<Text name="msg_health_warning_detail_scej_11">・使用するときは健康のため、1時間ごとに15分程度の休憩を取ってください。
・使用中に体調が悪くなったら、すぐに使用をやめてください。</Text>
	<Text name="msg_health_warning_detail_sceasia_1">Photosensitivity/Epilepsy/Seizures

</Text>
	<Text name="msg_health_warning_detail_sceasia_2">A very small percentage of individuals may experience epileptic seizures or blackouts when exposed to certain light patterns or flashing lights. Exposure to certain patterns or backgrounds on a television screen or when playing video games may trigger epileptic seizures or blackouts in these individuals. These conditions may trigger previously undetected epileptic symptoms or seizures in persons who have no history of prior seizures or epilepsy. If you, or anyone in your family, has an epileptic condition or has had seizures of any kind, consult your physician before playing.

</Text>
	<Text name="msg_health_warning_detail_sceasia_3">IMMEDIATELY DISCONTINUE use and consult your physician before resuming gameplay if you or your child experience any of the following health problems or symptoms:
・dizziness,
・altered vision,
・eye or muscle twitches,
・loss of awareness,
・disorientation,
・seizures, or
・any involuntary movement or convulsion.
RESUME GAMEPLAY ONLY ON APPROVAL OF YOUR PHYSICIAN.

</Text>
	<Text name="msg_health_warning_detail_sceasia_4">Use and handling of video games to reduce the likelihood of a seizure
・Use in a well-lit area and keep as far away as possible from the television screen.
・Avoid large screen televisions. Use the smallest television screen available.
・Avoid prolonged use of the PS3™ system. Take a 15-minute break during each hour of play.
・Avoid playing when you are tired or need sleep.



</Text>
	<Text name="msg_health_warning_detail_sceasia_5">3D images

</Text>
	<Text name="msg_health_warning_detail_sceasia_6">Some people may experience discomfort (such as eye strain, eye fatigue, or nausea) while watching 3D video images or playing stereoscopic 3D games on 3D televisions. If you experience such discomfort you should immediately discontinue use of your television until the discomfort subsides.
</Text>
	<Text name="msg_health_warning_detail_sceasia_7">SCE recommends that all viewers take regular breaks while watching 3D video, or playing stereoscopic 3D games. The length and frequency of necessary breaks may vary from person to person - please take breaks that are long enough to allow any feelings of discomfort to subside. If symptoms persist, consult your physician.
</Text>
	<Text name="msg_health_warning_detail_sceasia_8">The vision of young children (especially those under six years old) is still under development. SCE recommends that you consult with physician (such as a pediatrician or eye doctor) before allowing a young child to watch 3D video images or play stereoscopic 3D games. When using any 3D enabled device with your PlayStation®3 system you should read the instruction manual for that device.



</Text>
	<Text name="msg_health_warning_detail_sceasia_9">Notes on safety when using the DUALSHOCK™3 Wireless Controller

</Text>
	<Text name="msg_health_warning_detail_sceasia_10">・Stop using the system immediately if you begin to feel tired or if you experience discomfort or pain in your hands or arms while operating the DUALSHOCK™3 wireless controller. If the condition persists, consult a doctor.
・The vibration function of the DUALSHOCK™3 wireless controller can aggravate injuries. Do not use the vibration function if you have any ailment or injury to the bones, joints or muscles of your hands or arms. If you have an ailment or an injury, do not play such titles using the DUALSHOCK™3 wireless controller unless you have set the vibration function to [Off].
</Text>
	<Text name="msg_health_warning_detail_sceasia_11">・Avoid prolonged use of the DUALSHOCK™3 wireless controller. Take a break at about 30-minute intervals.
・Note that some software titles set the vibration function to [On] by default. To disable the vibration function, press the PS button of the controller, and then select [Controller Settings]→[Vibration Function]→[Off].



</Text>
	<Text name="msg_health_warning_detail_sceasia_12">・Use in a well-lit area and keep a safe distance from the TV screen.
・Avoid prolonged use of the PS3™ system. Take a 15-minute break during each hour of play.
・Avoid playing when you are tired or need sleep.
</Text>
	<Text name="msg_health_warning_detail_sceasia_13">・Stop using the system immediately if you begin to feel tired or if you experience discomfort or pain in your hands or arms while operating the wireless controller If the condition persists, consult a doctor.
</Text>
	<Text name="msg_health_warning_detail_sceasia_14">・If you experience any of the following health problems, discontinue use of the system immediately. If symptoms persist, consult with your physician.
- Dizziness, nausea, fatigue or symptoms similar to motion sickness
- Discomfort or pain in a part of the body, such as eyes, ears, hands or arms</Text>
</TextLang>
