﻿<?xml version="1.0" encoding="utf-8"?>
<!-- This XML was generated by Rcomage v1.1.1 -->
<TextLang>
	<Text name="msg_setting">Asetukset</Text>
	<Text name="msg_photo">Kuvat</Text>
	<Text name="msg_music">Musiikki</Text>
	<Text name="msg_video">Videot</Text>
	<Text name="msg_game">Pelit</Text>
	<Text name="msg_net">Verkko</Text>
	<Text name="msg_friend">Ystävät</Text>
	<Text name="msg_user">Käyttäjät</Text>
	<Text name="msg_login">Log in</Text>
	<Text name="msg_tv">TV</Text>
	<Text name="msg_tv_video_service">TV-/Videopalvelut</Text>
	<Text name="msg_psn">PlayStation®
Network</Text>
	<Text name="msg_power_off_console2">Sammuta</Text>
	<Text name="msg_photo_gallery">Photo Gallery</Text>
	<Text name="msg_untitled">Tuntematon</Text>
	<Text name="msg_new_vmc">Luo uusi sisäinen Memory Card -muistikortti</Text>
	<Text name="msg_signup">Luo tili</Text>
	<Text name="msg_playstation_home">PlayStation®Home</Text>
	<Text name="msg_start_new_chat2">Aloita uusi chat</Text>
	<Text name="msg_ms">Memory Stick™</Text>
	<Text name="msg_sd">SD Memory Card</Text>
	<Text name="msg_cf">CompactFlash®</Text>
	<Text name="msg_bd_rom">BD-ROM</Text>
	<Text name="msg_bd_r">BD-R</Text>
	<Text name="msg_bd_re">BD-RE</Text>
	<Text name="msg_dvdr">DVD-R</Text>
	<Text name="msg_dvdplusr">DVD+R</Text>
	<Text name="msg_dvdrw">DVD-RW</Text>
	<Text name="msg_dvdplusrw">DVD+RW</Text>
	<Text name="msg_dvdrom">DVD-ROM</Text>
	<Text name="msg_dvdvideo">DVD Video</Text>
	<Text name="msg_dvdvr">DVD-VR</Text>
	<Text name="msg_dvdplusvr">DVD+VR</Text>
	<Text name="msg_avchd">AVCHD</Text>
	<Text name="msg_avcrec">AVCREC</Text>
	<Text name="msg_bdmv">BDMV</Text>
	<Text name="msg_bdav">BDAV</Text>
	<Text name="msg_cdaudio">Ääni-CD</Text>
	<Text name="msg_cddata">Data-levy</Text>
	<Text name="msg_sacd">Super Audio CD</Text>
	<Text name="msg_mc_ps1">Memory Card (PS)</Text>
	<Text name="msg_mc_ps2">Memory Card (PS2)</Text>
	<Text name="msg_disc">Levy</Text>
	<Text name="msg_dsd_disc">DSD-levy</Text>
	<Text name="msg_psp">PSP™ (PlayStation®Portable)</Text>
	<Text name="msg_psp_bracket">PSP™ (PlayStation®Portable) %1</Text>
	<Text name="msg_vita_abbreviated">PS Vita -järjestelmä</Text>
	<Text name="msg_psp_name">Lempinimi</Text>
	<Text name="msg_usb">USB-laite</Text>
	<Text name="msg_usb_id">USB-laite (%1)</Text>
	<Text name="msg_digitalcamera">Digitaalikamera</Text>
	<Text name="msg_digitalcamera_id">Digitaalikamera (%1)</Text>
	<Text name="msg_walkman">ATRAC Audio Device</Text>
	<Text name="msg_walkman_id">ATRAC Audio Device (%1)</Text>
	<Text name="msg_cancel">Peruuta</Text>
	<Text name="msg_ok">OK</Text>
	<Text name="msg_fix">OK</Text>
	<Text name="msg_yes">Kyllä</Text>
	<Text name="msg_no">Ei</Text>
	<Text name="msg_on">Päällä</Text>
	<Text name="msg_off">Pois päältä</Text>
	<Text name="msg_nrml">Normaali</Text>
	<Text name="msg_normal">Normaali</Text>
	<Text name="msg_plus1">+1</Text>
	<Text name="msg_plus2">+2</Text>
	<Text name="msg_plus3">+3</Text>
	<Text name="msg_plus4">+4</Text>
	<Text name="msg_minus1">-1</Text>
	<Text name="msg_minus2">-2</Text>
	<Text name="msg_minus3">-3</Text>
	<Text name="msg_minus4">-4</Text>
	<Text name="msg_1">1</Text>
	<Text name="msg_2">2</Text>
	<Text name="msg_3">3</Text>
	<Text name="msg_4">4</Text>
	<Text name="msg_5">5</Text>
	<Text name="msg_percent">%1%%</Text>
	<Text name="msg_image_count_value">%1 kuva</Text>
	<Text name="msg_images_count_value">%1 kuvaa</Text>
	<Text name="msg_track_count_value">%1 raita</Text>
	<Text name="msg_tracks_count_value">%1 raitaa</Text>
	<Text name="msg_title_count_value">%1 nimike</Text>
	<Text name="msg_titles_count_value">%1 nimikettä</Text>
	<Text name="msg_savedata_count_value">%1 talletus</Text>
	<Text name="msg_savedatas_count_value">%1 talletusta</Text>
	<Text name="msg_time_num1">%1:%2:%3</Text>
	<Text name="msg_time_num2">%1:%2'%3''</Text>
	<Text name="msg_time_num3">%1'%2''</Text>
	<Text name="msg_datetime_num1">%1/%2/%3  %4:%5</Text>
	<Text name="msg_am">AM</Text>
	<Text name="msg_pm">PM</Text>
	<Text name="msg_time_hour_num2">%1:%2'</Text>
	<Text name="msg_day_plural">%1 päivää</Text>
	<Text name="msg_sort">Lajittele</Text>
	<Text name="msg_importeddate_f">Tuontipäivä ▲</Text>
	<Text name="msg_importeddate_r">Tuontipäivä ▼</Text>
	<Text name="msg_shootdate_f">Kuvauspäivä ▲</Text>
	<Text name="msg_shootdate_r">Kuvauspäivä ▼</Text>
	<Text name="msg_sale_year_f">Julkaisuvuosi ▲</Text>
	<Text name="msg_sale_year_r">Julkaisuvuosi ▼</Text>
	<Text name="msg_created_date_time_f">Luontipäivä ▲</Text>
	<Text name="msg_created_date_time_r">Luontipäivä ▼</Text>
	<Text name="msg_updated_date_f">Päivityspäivä ▲</Text>
	<Text name="msg_updated_date_r">Päivityspäivä ▼</Text>
	<Text name="msg_format_f">Muoto</Text>
	<Text name="msg_imagename_f">Kuvan nimi</Text>
	<Text name="msg_albumname_f">Albumin nimi</Text>
	<Text name="msg_genre_f">Tyylilajin nimi</Text>
	<Text name="msg_artist_f">Artistin nimi</Text>
	<Text name="msg_track_f">Raidan nimi</Text>
	<Text name="msg_title_f">Nimike</Text>
	<Text name="msg_subtitle_f">Alinimike</Text>
	<Text name="msg_start_date_f">Viimeksi pelattu</Text>
	<Text name="msg_folder_class">Ryhmittele</Text>
	<Text name="msg_all">Kaikki</Text>
	<Text name="msg_year_folder">Vuoden mukaan</Text>
	<Text name="msg_month_folder">Kuukauden mukaan</Text>
	<Text name="msg_album_folder">Albumin mukaan</Text>
	<Text name="msg_genre_folder">Tyylilajin mukaan</Text>
	<Text name="msg_artist_folder">Artistin mukaan</Text>
	<Text name="msg_sale_year_folder">Julkaisuvuoden mukaan</Text>
	<Text name="msg_track_folder">Raidan mukaan</Text>
	<Text name="msg_title_folder">Nimikkeen mukaan</Text>
	<Text name="msg_format_folder">Muodon mukaan</Text>
	<Text name="msg_copy">Kopioi</Text>
	<Text name="msg_copy_plural">Kopioi useita</Text>
	<Text name="msg_del">Poista</Text>
	<Text name="msg_del_plural">Poista useita</Text>
	<Text name="msg_slideshow">Kuvaesitys</Text>
	<Text name="msg_display_all">Näytä kaikki</Text>
	<Text name="msg_cddbdata_get">Hanki CD:n tiedot</Text>
	<Text name="msg_import">Tuo</Text>
	<Text name="msg_titlelist">Nimikelista</Text>
	<Text name="msg_play">Toista</Text>
	<Text name="msg_play_begin">Toista alusta alkaen</Text>
	<Text name="msg_smove">Siirrä</Text>
	<Text name="msg_disc_eject">Poista levy</Text>
	<Text name="msg_info">Info</Text>
	<Text name="msg_repeat">Kertaus</Text>
	<Text name="msg_shuffle">Satunnaistoisto</Text>
	<Text name="msg_pause">Tauko</Text>
	<Text name="msg_display">Näytä</Text>
	<Text name="msg_volume_control">Äänenvoimakkuuden säätö</Text>
	<Text name="msg_plus">+</Text>
	<Text name="msg_minus">-</Text>
	<Text name="msg_slideshow_with_icon">Kuvaesitys </Text>
	<Text name="msg_fix_with_icon">OK </Text>
	<Text name="msg_folder_class_with_icon">Ryhmittele </Text>
	<Text name="msg_option_with_icon">: Valinnat</Text>
	<Text name="msg_help_start">: Käynnistä</Text>
	<Text name="msg_copy_psplus_with_icon">Kopioi </Text>
	<Text name="msg_copy_plural_psplus_with_icon">Kopioi useita </Text>
	<Text name="msg_savedata_auto_upload_psplus_with_icon">Tallennettujen tietojen automaattinen lähetys </Text>
	<Text name="msg_icon_start"></Text>
	<Text name="msg_info_none">-</Text>
	<Text name="msg_format">Muoto</Text>
	<Text name="msg_size">Koko</Text>
	<Text name="msg_space">Vapaa tila</Text>
	<Text name="msg_shoot_date">Kuvattu</Text>
	<Text name="msg_updated_date">Päivitetty</Text>
	<Text name="msg_corrupted_data">Vioittunutta tietoa</Text>
	<Text name="msg_unsupported_data">Tukematonta tietoa</Text>
	<Text name="msg_folder">Kansio</Text>
	<Text name="msg_resolution">Resoluutio</Text>
	<Text name="msg_multiply">%1 x %2</Text>
	<Text name="msg_image">Kuva</Text>
	<Text name="msg_image_count">Kuvat</Text>
	<Text name="msg_camera">Kuvauslaite</Text>
	<Text name="msg_album">Albumi</Text>
	<Text name="msg_genre">Tyylilaji</Text>
	<Text name="msg_artist">Artisti</Text>
	<Text name="msg_imported_size">Koko tuonnin jälkeen</Text>
	<Text name="msg_size_counting">Laskee...</Text>
	<Text name="msg_sale_year">Julkaistu</Text>
	<Text name="msg_play_time">Kesto</Text>
	<Text name="msg_comment">Kommentti</Text>
	<Text name="msg_samplingfrequency">Näytteenottotaajuus</Text>
	<Text name="msg_disc_number">Levynumero</Text>
	<Text name="msg_track_count">Raitoja</Text>
	<Text name="msg_track_number">Raidan numero</Text>
	<Text name="msg_track">Raita</Text>
	<Text name="msg_bpm">BPM</Text>
	<Text name="msg_codec">Koodekki</Text>
	<Text name="msg_lastplay_datetime">Viimeksi soitettu</Text>
	<Text name="msg_ch">Kanava</Text>
	<Text name="msg_various_artists">Useita artisteja</Text>
	<Text name="msg_imported_date">Tuotu</Text>
	<Text name="msg_created_date">Kuvattu</Text>
	<Text name="msg_start_date">Alkaa</Text>
	<Text name="msg_expiration_date">Umpeutuu</Text>
	<Text name="msg_remaining_time">Tunteja jäljellä</Text>
	<Text name="msg_play_count">Soittokerrat</Text>
	<Text name="msg_file_number">Tiedoston numero</Text>
	<Text name="msg_title">Nimike</Text>
	<Text name="msg_subtitle">Alinimike</Text>
	<Text name="msg_disc_type">Levytyyppi</Text>
	<Text name="msg_disc_protect">Salasanalukko</Text>
	<Text name="msg_title_count">Nimikkeet</Text>
	<Text name="msg_video_codec">Video-koodekki</Text>
	<Text name="msg_audio_codec">Audio-koodekki</Text>
	<Text name="msg_file_type">Tiedostotyyppi</Text>
	<Text name="msg_mediaserver">Mediapalvelin</Text>
	<Text name="msg_dlna_date_time">Päiväys ja aika</Text>
	<Text name="msg_produced_date">Tuotettu</Text>
	<Text name="msg_info_valid_from">Alkaa</Text>
	<Text name="msg_info_valid_to">Umpeutuu</Text>
	<Text name="msg_magicgate">MagicGate™</Text>
	<Text name="msg_mg_supported">Tuettu</Text>
	<Text name="msg_mg_not_supported">Ei tuettu</Text>
	<Text name="msg_info_unknown">Tuntematon</Text>
	<Text name="msg_savedata_count">Talletuksia</Text>
	<Text name="msg_model">Malli</Text>
	<Text name="msg_can_play_only_for_variable_hours">(Huomioi, että sisältöä voidaan toistaa uudelleen vain %1 tunnin sisällä ensimmäisestä toistokerrasta.)</Text>
	<Text name="msg_can_play_only_for_variable_hours_game">(Huomioi, että sisältöä voidaan toistaa uudelleen vain %1 minuutin sisällä ensimmäisestä käynnistyskerrasta.)</Text>
	<Text name="msg_video_description">Kuvaus</Text>
	<Text name="msg_copyright">Tekijänoikeustiedot</Text>
	<Text name="msg_owner">Ostaja</Text>
	<Text name="msg_all_use_content_delete_cannot_use">Tätä sisältöä voivat käyttää muutkin käyttäjät kuin sisällön ostajat. Jos kaikki ostajat kuitenkin poistetaan, sisältöä ei voi enää käyttää.</Text>
	<Text name="msg_need_save_psn_pw_other_owner_use_content">Tätä sisältöä voivat käyttää muutkin käyttäjät kuin sisällön ostajat. Ostajan Sony Entertainment Network -verkon salasana täytyy kuitenkin olla tallennettuna järjestelmään, jotta muut käyttäjät voivat käyttää sisältöä.</Text>
	<Text name="msg_jpeg">JPEG</Text>
	<Text name="msg_gif">GIF</Text>
	<Text name="msg_png">PNG</Text>
	<Text name="msg_tiff">TIFF</Text>
	<Text name="msg_bmp">BMP</Text>
	<Text name="msg_mpo">MPO (MP Format)</Text>
	<Text name="msg_aac_kbps">AAC %1 kbps</Text>
	<Text name="msg_mp3_kpbs">MP3 %1 kbps</Text>
	<Text name="msg_atrac_kbps">ATRAC %1 kbps</Text>
	<Text name="msg_wma_kbps">WMA %1 kbps</Text>
	<Text name="msg_lpcm_bit_ch">Linear PCM  %1 Bit  %2 kan.</Text>
	<Text name="msg_non_lpcm">Non-linear PCM %1 kbps</Text>
	<Text name="msg_dsd_ch">DSD %1 kan.</Text>
	<Text name="msg_dolby">Dolby Digital</Text>
	<Text name="msg_mpeg1">MPEG-1</Text>
	<Text name="msg_mpeg2">MPEG-2</Text>
	<Text name="msg_mpeg2_ts">MPEG-2 TS</Text>
	<Text name="msg_mpeg4">MPEG-4</Text>
	<Text name="msg_mpeg_layer1">MPEG Layer 1</Text>
	<Text name="msg_mpeg_layer2">MPEG Layer 2</Text>
	<Text name="msg_mpeg_layer3">MPEG Layer 3</Text>
	<Text name="msg_avc">AVC</Text>
	<Text name="msg_motion_jpeg">Motion JPEG</Text>
	<Text name="msg_divx">DivX®</Text>
	<Text name="msg_wmv">VC-1 (WMV)</Text>
	<Text name="msg_mpeg1_mbps">MPEG-1 %1 Mbps</Text>
	<Text name="msg_mpeg2_mbps">MPEG-2 %1 Mbps</Text>
	<Text name="msg_mpeg2_ts_mbps">MPEG-2 TS %1 Mbps</Text>
	<Text name="msg_mpeg4_mbps">MPEG-4 %1 Mbps</Text>
	<Text name="msg_avc_kbps">AVC %1 kbps</Text>
	<Text name="msg_khz">%1 kHz</Text>
	<Text name="msg_kbps">%1 kbps</Text>
	<Text name="msg_mbps">%1 Mbps</Text>
	<Text name="msg_ch_2">2 kan.</Text>
	<Text name="msg_multi_ch">Multikanava</Text>
	<Text name="msg_power_off_console">Sammuta järjestelmä</Text>
	<Text name="msg_turnoff_system_ask">Haluatko sammuttaa järjestelmän?</Text>
	<Text name="msg_after_background_download_auto_turn_off">Sammuta järjestelmä automaattisesti taustan lataamisen jälkeen</Text>
	<Text name="msg_slot_assign">Osoita muistikorttipaikat</Text>
	<Text name="msg_slot1">Paikka 1</Text>
	<Text name="msg_slot2">Paikka 2</Text>
	<Text name="msg_eject">Irroita</Text>
	<Text name="msg_user_name">Käyttäjätunnus</Text>
	<Text name="msg_need_quit_to_operate_ask">Suorittaaksesi tämän operaation, sinun täytyy lopettaa [%1].
Haluatko lopettaa sovelluksen nyt?</Text>
	<Text name="msg_error_hdd_full_perform_operation">Järjestelmän tallennustilassa ei ole tarpeeksi vapaata tilaa.
Tämä operaatio vaatii vähintään %1 lisää vapaata tilaa.</Text>
	<Text name="msg_content_already_copied">Tämä sisältö on mahdollisesti jo kopioitu.</Text>
	<Text name="msg_save_newly">Talleta uusi</Text>
	<Text name="msg_original_content">Olemassaoleva sisältö</Text>
	<Text name="msg_new_content">Uusi sisältö</Text>
	<Text name="msg_save_destination_select">Valitse kohde.</Text>
	<Text name="msg_error_no_storagemedia">Kytke tallennuslaite tallennuskohteeseen.</Text>
	<Text name="msg_ps3_photo">Järjestelmän tallennustila (Kuvat)</Text>
	<Text name="msg_ps3_video">Järjestelmän tallennustila (Video)</Text>
	<Text name="msg_ps3_music">Järjestelmän tallennustila (Musiikki)</Text>
	<Text name="msg_folder_name">Kansion nimi</Text>
	<Text name="msg_same_name_file">Tallennuskohteessa on jo saman niminen tiedosto.</Text>
	<Text name="msg_different_name_save">Vaihda nimi ja tallenna</Text>
	<Text name="msg_overwrite_save">Päällekirjoita ja tallenna</Text>
	<Text name="msg_save_no">Älä tallenna</Text>
	<Text name="msg_save_yes">Tallenna</Text>
	<Text name="msg_apply_all">Käytä kaikkiin</Text>
	<Text name="msg_select_all">Valitse kaikki</Text>
	<Text name="msg_deselect_all">Tyhjennä valinta</Text>
	<Text name="msg_copying">Kopioi...
Odota hetki.</Text>
	<Text name="msg_copied">Kopiointi suoritettu.</Text>
	<Text name="msg_copy_incomplete_ms_ask">Memory Stick™ -muistikortilla ei ole tarpeeksi vapaata tilaa. Kopiointi ei välttämättä onnistu.
Haluatko jatkaa?</Text>
	<Text name="msg_copy_incomplete_sd_ask">SD Memory Card -muistikortilla ei ole tarpeeksi vapaata tilaa. Kopiointi ei välttämättä onnistu.
Haluatko jatkaa?</Text>
	<Text name="msg_copy_incomplete_cf_ask">CompactFlash®-muistikortilla ei ole tarpeeksi vapaata tilaa. Kopiointi ei välttämättä onnistu.
Haluatko jatkaa?</Text>
	<Text name="msg_copy_incomplete_usb_ask">USB-laitteella ei ole tarpeeksi vapaata tilaa. Kopiointi ei välttämättä onnistu.
Haluatko jatkaa?</Text>
	<Text name="msg_copy_incomplete_hdd_ask">Järjestelmän tallennustilassa ei ole tarpeeksi vapaata tilaa. Kopiointi ei välttämättä onnistu.
Haluatko jatkaa?</Text>
	<Text name="msg_copy_incomplete">Ei tarpeeksi vapaata tilaa. Kopiontia ei voitu suorittaa.</Text>
	<Text name="msg_completed_count">Valmis</Text>
	<Text name="msg_copy_cancel_ask">Haluatko peruuttaa kopionnin?</Text>
	<Text name="msg_error_content_over_copy">Tallennettavissa olevien sisältöelementtien maksimimäärä ylitetty. Kopiointia ei voitu suorittaa.</Text>
	<Text name="msg_copied_delete_content_saved_ps3_ask">Kopiointi suoritettu.
Haluatko poistaa olemassaolevan sisällön, joka on tallennettu PS3™-järjestelmälle?</Text>
	<Text name="msg_sure_to_delete_ask">Oletko varma että haluat poistaa tämän?</Text>
	<Text name="msg_deleting">Poistetaan...
Odota hetki.</Text>
	<Text name="msg_deleted">Poistaminen suoritettu.</Text>
	<Text name="msg_cannot_delete_folder_on_this_system">Tätä kansiota ei voida poistaa tällä järjestelmällä.</Text>
	<Text name="msg_change_upfolder">Siirrä ylempään kansioon</Text>
	<Text name="msg_create_newfolder">Luo uusi kansio</Text>
	<Text name="msg_folder_name_new">Uusi kansio %1</Text>
	<Text name="msg_error_no_folder">Kansiota ei ole olemassa.</Text>
	<Text name="msg_wait">Odota...</Text>
	<Text name="msg_error">Virhe on tapahtunut.</Text>
	<Text name="msg_error_corrupted_data">Tieto on vioittunut.</Text>
	<Text name="msg_error_unsupported_data">Tietotyyppiä ei tueta.</Text>
	<Text name="msg_error_copy">Virhe on tapahtunut kopioinnin aikana.</Text>
	<Text name="msg_error_del">Virhe on tapahtunut poiston aikana.</Text>
	<Text name="msg_error_no_name">Nimeä ei ole syötetty.
Anna vähintään 1:n merkin pituinen nimi.</Text>
	<Text name="msg_error_ms_full">Memory Stick™ -muistikortilla ei ole tarpeeksi vapaata tilaa.</Text>
	<Text name="msg_error_ms_locked">Memory Stick™ -muistikortti on lukittu.</Text>
	<Text name="msg_error_ms_no_access">Memory Stick™ -muistikorttia ei voida käyttää.</Text>
	<Text name="msg_error_ms_no_read">Memory Stick™ -muistikorttia ei voida lukea.</Text>
	<Text name="msg_error_no_ms">Memory Stick™ -muistikorttia ei ole kytketty.</Text>
	<Text name="msg_error_sd_full">SD Memory Card -muistikortilla ei ole tarpeeksi vapaata tilaa.</Text>
	<Text name="msg_error_sd_locked">SD Memory Card -muistikortti on lukittu.</Text>
	<Text name="msg_error_sd_no_access">SD Memory Card -muistikorttia ei voida käyttää.</Text>
	<Text name="msg_error_sd_no_read">SD Memory Card -muistikorttia ei voida lukea.</Text>
	<Text name="msg_error_no_sd">SD Memory Card -muistikorttia ei ole kytketty.</Text>
	<Text name="msg_error_cf_full">CompactFlash®-muistikortilla ei ole tarpeeksi vapaata tilaa.</Text>
	<Text name="msg_error_cf_locked">CompactFlash®-muistikortti on lukittu.</Text>
	<Text name="msg_error_cf_no_access">CompactFlash®-muistikorttia ei voida käyttää.</Text>
	<Text name="msg_error_cf_no_read">CompactFlash®-muistikorttia ei voida lukea.</Text>
	<Text name="msg_error_no_cf">CompactFlash®-muistikorttia ei ole kytketty.</Text>
	<Text name="msg_error_usb_full">USB-laitteella ei ole tarpeeksi vapaata tilaa.</Text>
	<Text name="msg_error_usb_locked">USB-laite on lukittu.</Text>
	<Text name="msg_error_usb_no_access">USB-laitetta ei voida käyttää.</Text>
	<Text name="msg_error_usb_no_read">USB-laitetta ei voida lukea.</Text>
	<Text name="msg_error_no_usb">USB-laitetta ei ole kytketty.</Text>
	<Text name="msg_error_hdd_full">Järjestelmän tallennustilassa ei ole tarpeeksi vapaata tilaa.</Text>
	<Text name="msg_error_hdd_no_access">Järjestelmän tallennustilaa ei voida käyttää.</Text>
	<Text name="msg_error_no_signin">Sinun täytyy kirjautua sisään PlayStation®Network-verkkoon.</Text>
	<Text name="msg_error_no_signup">Sinun täytyy luoda Sony Entertainment Network -tili.</Text>
	<Text name="msg_icon_image_select">Valitse ikonina käytettävä kuva.</Text>
	<Text name="msg_icon_change_albumtrack_ask1">Albumin kaikkien raitojen ikonit tulevat vaihtumaan.
Haluatko jatkaa?</Text>
	<Text name="msg_cannot_display_all_mediaserver">Liian monta mediapalvelinta.
Osaa mediapalvelimista ei näytetä.</Text>
	<Text name="msg_scan_mediaserver">Etsi mediapalvelimia</Text>
	<Text name="msg_not_allowed_access_confirm_pls">Mediapalvelimen käyttö ei ole sallittu. Mahdollisesti tämän PS3™-järjestelmän nimi, "%1", ei ole rekisteröity.
Tarkista mediapalvelimen asetukset.</Text>
	<Text name="msg_playlists">Soittolistat</Text>
	<Text name="msg_playlist_pane">Soittolista</Text>
	<Text name="msg_create_new_playlist">Luo uusi soittolista</Text>
	<Text name="msg_to_add_content_playlist_select_edit">Lisätäksesi sisältöä tähän soittolistaan, valitse [Muokkaa] vaihtoehtovalikosta.</Text>
	<Text name="msg_error_cannot_edit_playlist_no_track">Järjestelmän tallennustilassa ei ole raitoja. Soittolistaa ei voida muokata.</Text>
	<Text name="msg_error_cannot_edit_playlist_no_image">Järjestelmän tallennustilassa ei ole kuvia. Soittolistaa ei voida muokata.</Text>
	<Text name="msg_error_same_name_cannot_use">Nimi on jo käytössä.
Syötä toinen nimi.</Text>
	<Text name="msg_error_no_content">Ei sisältöä.</Text>
	<Text name="msg_add_to_playlist">Lisää soittolistaan</Text>
	<Text name="msg_add_playlist">Lisää</Text>
	<Text name="msg_add_all_playlist">Lisää kaikki</Text>
	<Text name="msg_delete_playlist_ask">Soittolista poistetaan.
Oletko varma että haluat jatkaa?</Text>
	<Text name="msg_error_startdate_video">Sisältö ei ole saatavilla ennen aloituspäivää.</Text>
	<Text name="msg_error_expired_video">Tämä sisältö on umpeutunut eikä ole enää saatavilla.</Text>
	<Text name="msg_info_no_time_limit">Ei aikarajoitusta</Text>
	<Text name="msg_info__expired">Umpeutunut</Text>
	<Text name="msg_expires_on_variable">Umpeutuu %1</Text>
	<Text name="msg_error_timelimited_video"><![CDATA[Tämä sisältö on aikarajoitteinen.
Suorittaaksesi tämän operaation, mene [Asetukset] > [Päivä- ja aika-asetukset] > [Päiväys ja aika], ja valitse [Aseta Internetin kautta] asettaaksesi ajan ja päiväyksen.]]></Text>
	<Text name="msg_can_play_variable_first_play_now_ask">Tätä sisältöä voidaan toistaa vain %1 tunnin ajan ensimmäisen toiston jälkeen.
Haluatko toistaa sen nyt?</Text>
	<Text name="msg_del_content_cannot_dl_again_conf_psn">Sisältö poistetaan, eikä sitä voi ladata uudelleen.
Haluatko varmasti jatkaa?</Text>
	<Text name="msg_to_enable_setting_enable_auto_login">Tekemäsi muutokset ovat poistaneet käytöstä seuraavat asetukset.
%1

Ottaaksesi nämä asetukset käyttöön, sinun täytyy asettaa automaattinen log in [Käyttäjät]-valikosta. Ohjeita automaattisen log in asettamisesta löydät online-käyttöoppaasta.</Text>
	<Text name="msg_to_enable_setting_enable_auto_signin">Tekemäsi muutokset ovat poistaneet käytöstä seuraavat asetukset.
%1

Ottaaksesi nämä asetukset käyttöön, sinun täytyy asettaa automaattinen sisäänkirjautuminen PlayStation®Network-verkkoon. Ohjeita automaattisen sisäänkirjautumisen asettamisesta löydät online-käyttöoppaasta.</Text>
	<Text name="msg_remoteplay_remote_start"><![CDATA[[Asetukset] > [Etäkäyttöasetukset] > [Etäkäynnistys]]]></Text>
	<Text name="msg_console_setting_auto_download"><![CDATA[[Asetukset] > [Järjestelmäasetukset] > [Automaattinen päivitys]]]></Text>
	<Text name="msg_lang_japan">Japani</Text>
	<Text name="msg_lang_english">Englanti</Text>
	<Text name="msg_lang_french">Ranska</Text>
	<Text name="msg_lang_spanish">Espanja</Text>
	<Text name="msg_lang_german">Saksa</Text>
	<Text name="msg_lang_italian">Italia</Text>
	<Text name="msg_lang_dutch">Hollanti</Text>
	<Text name="msg_lang_portuguese">Portugali</Text>
	<Text name="msg_lang_russian">Venäjä</Text>
	<Text name="msg_lang_polish">Puola</Text>
	<Text name="msg_lang_finnish">Suomi</Text>
	<Text name="msg_lang_danish">Tanska</Text>
	<Text name="msg_lang_norwegian">Norja</Text>
	<Text name="msg_lang_swedish">Ruotsi</Text>
	<Text name="msg_lang_turkish">Turkki</Text>
	<Text name="msg_lang_korean">Korea</Text>
	<Text name="msg_lang_chinese_t">Kiina (perinteinen)</Text>
	<Text name="msg_lang_chinese_s">Kiina (yksinkertaistettu)</Text>
	<Text name="msg_lpcm">Linear PCM</Text>
	<Text name="msg_display_on">Näytä</Text>
	<Text name="msg_display_off">Älä näytä</Text>
	<Text name="msg_macaddress">MAC-osoite</Text>
	<Text name="msg_ipaddress">IP-osoite</Text>
	<Text name="msg_atrac_not_activated_set_pls"><![CDATA[ATRAC ei ole käytössä.
Mene [Asetukset] > [Järjestelmäasetukset] ja ota ATRAC käyttöön.]]></Text>
	<Text name="msg_backup">Varmuuskopioi</Text>
	<Text name="msg_restore">Palauta ennalleen</Text>
	<Text name="msg_audio_device_setting">Audiolaitteiden asetukset</Text>
	<Text name="msg_print">Tulosta</Text>
	<Text name="msg_manufacturer">Valmistaja</Text>
	<Text name="msg_10min">10 minuutin jälkeen</Text>
	<Text name="msg_20min">20 minuutin jälkeen</Text>
	<Text name="msg_30min">30 minuutin jälkeen</Text>
	<Text name="msg_remain_time">Jäljellä oleva aika</Text>
	<Text name="msg_others">Muu</Text>
	<Text name="msg_level_1">Taso 1</Text>
	<Text name="msg_level_2">Taso 2</Text>
	<Text name="msg_level_3">Taso 3</Text>
	<Text name="msg_level_4">Taso 4</Text>
	<Text name="msg_level_5">Taso 5</Text>
	<Text name="msg_level_6">Taso 6</Text>
	<Text name="msg_level_7">Taso 7</Text>
	<Text name="msg_level_8">Taso 8</Text>
	<Text name="msg_level_9">Taso 9</Text>
	<Text name="msg_level_10">Taso 10</Text>
	<Text name="msg_level_11">Taso 11</Text>
	<Text name="msg_gameetc_pc">Lapsilukko</Text>
	<Text name="msg_netservice">PlayStation®Network</Text>
	<Text name="msg_error_server_connect_timeout">Yhteys palvelimelle aikakatkaistiin.</Text>
	<Text name="msg_cannot_operate_in_demonstration_mode">Ei voida suorittaa demonstraatiomoodissa.</Text>
	<Text name="msg_tool_install_file"><![CDATA[★ Install Package Files]]></Text>
	<Text name="msg_tool_app_home_ps3_game"><![CDATA[★ /app_home/PS3_GAME/]]></Text>
	<Text name="msg_tool_title_store_preview">Title Store Preview</Text>
	<Text name="msg_tool_title_store_preview_ingame"><![CDATA[★ Title Store Preview (inGame)]]></Text>
	<Text name="msg_tool_title_store_preview_store"><![CDATA[★ Title Store Preview (Store)]]></Text>
	<Text name="msg_tool_lock"><![CDATA[★ Lock]]></Text>
	<Text name="msg_tool_unlock"><![CDATA[★ Unlock]]></Text>
	<Text name="msg_tool_check"><![CDATA[★ Check]]></Text>
	<Text name="msg_tool_cancel_purchase"><![CDATA[★ Cancel Purchase]]></Text>
	<Text name="msg_tool_del"><![CDATA[★ Delete]]></Text>
	<Text name="msg_tool_import"><![CDATA[★ Import]]></Text>
	<Text name="msg_tool_export"><![CDATA[★ Export]]></Text>
	<Text name="msg_tool_quick_sign_up"><![CDATA[★ Quick Sign Up]]></Text>
	<Text name="msg_tool_performance_bar"><![CDATA[★ Performance Bar]]></Text>
	<Text name="msg_tool_no_memory_limit"><![CDATA[★ No Memory Limit]]></Text>
	<Text name="msg_tool_quick_preview"><![CDATA[★ Quick Preview]]></Text>
	<Text name="msg_tool_owner_info"><![CDATA[★ Owner Information]]></Text>
	<Text name="msg_no_trophy">There are no trophies.</Text>
	<Text name="msg_bdu_software">Software</Text>
	<Text name="msg_digitalcamera_image">Digitaalikameran kuvat</Text>
	<Text name="msg_del_image_ask">Tämä kuva poistetaan.
Oletko varma että haluat jatkaa?</Text>
	<Text name="msg_del_images_ask">Valitut kuvat poistetaan.
Oletko varma että haluat jatkaa?</Text>
	<Text name="msg_del_camerafolder_ask">Kansio ja kaikki sen kuvat, mukaanlukien suojatut kuvat, poistetaan.
Oletko varma että haluat jatkaa?</Text>
	<Text name="msg_del_image_protected_ask">Tämä kuva on suojattu.
Oletko varma että haluat poistaa tämän kuvan?</Text>
	<Text name="msg_del_imagefolder_ask">Kansio ja kaikki sen kuvat poistetaan.
Oletko varma että haluat jatkaa?</Text>
	<Text name="msg_error_del_imagefolder">Poistaminen epäonnistui.
Kansio sisältää muita tietotyyppejä kuin kuvia.</Text>
	<Text name="msg_del_image_select">Valitse poistettavat kuvat.</Text>
	<Text name="msg_copy_image_select">Valitse kopioitavat kuvat.</Text>
	<Text name="msg_error_no_image_copy">Ei kopioitavia kuvia.</Text>
	<Text name="msg_error_no_image">Ei kuvia.</Text>
	<Text name="msg_mmyyyy_jan">Tammi %1</Text>
	<Text name="msg_mmyyyy_feb">Helmi %1</Text>
	<Text name="msg_mmyyyy_mar">Maalis %1</Text>
	<Text name="msg_mmyyyy_apr">Huhti %1</Text>
	<Text name="msg_mmyyyy_may">Touko %1</Text>
	<Text name="msg_mmyyyy_jun">Kesä %1</Text>
	<Text name="msg_mmyyyy_jul">Heinä %1</Text>
	<Text name="msg_mmyyyy_aug">Elo %1</Text>
	<Text name="msg_mmyyyy_sep">Syys %1</Text>
	<Text name="msg_mmyyyy_oct">Loka %1</Text>
	<Text name="msg_mmyyyy_nov">Marras %1</Text>
	<Text name="msg_mmyyyy_dec">Joulu %1</Text>
	<Text name="msg_yyyy">%1</Text>
	<Text name="msg_slideshow_type1">Dia</Text>
	<Text name="msg_slideshow_type2">Portretti</Text>
	<Text name="msg_slideshow_type3">Kuva-albumi</Text>
	<Text name="msg_slideshow_type4">Kuva-albumi 2</Text>
	<Text name="msg_piccto_explanation">Luo tila, jossa voit nauttia valokuvistasi ja parannella niitä.
Tee PS3™-järjestelmäsi valokuvista hienoja albumeita minuuteissa.
Voit lajitella kuviasi teemoittain, lisätä musiikkia kuvaesityksiin tai lisätä kuviisi erikoiskehykset. Mitä enemmän kuvia lisäät, sitä enemmän saat niistä iloa irti - mahdollisuudet ovat loputtomia!</Text>
	<Text name="msg_piccto_explanation_sd">Luo tila, jossa voit nauttia valokuvistasi ja parannella niitä.
Tee PS3™-järjestelmäsi valokuvista hienoja albumeita minuuteissa.</Text>
	<Text name="msg_cddbdata_getting">Hankitaan CD:n tietoja...
Odota hetki.</Text>
	<Text name="msg_cddbdata_pluralfound_select">Useita CD:n tieto-osasia löydettiin.
Valitse sopiva CD:n tieto-osanen.</Text>
	<Text name="msg_cddbdata_send">Lähetä CD:n tiedot</Text>
	<Text name="msg_cddbdata_sending">Lähetetään CD:n tietoja...
Odota hetki.</Text>
	<Text name="msg_select_import">Tuo useita</Text>
	<Text name="msg_select_import_pls">Valitse tuotavat raidat.</Text>
	<Text name="msg_copy_track_select">Valitse kopioitavat raidat.</Text>
	<Text name="msg_del_track_protected_ask">Tämä raita on suojattu.
Oletko varma että haluat poistaa raidan?</Text>
	<Text name="msg_del_folder_track_protected_ask">Kansio ja kaikki sen raidat, mukaanlukien suojatut raidat, poistetaan.
Oletko varma että haluat jatkaa?</Text>
	<Text name="msg_cannot_copy_protected_truck">Tekijänoikeussuojattuja raitoja ei kopioida.</Text>
	<Text name="msg_copied_except_copyright_protected_track">Kopiointi suoritettu.
Tekijänoikeussuojattuja raitoja ei kopioitu.</Text>
	<Text name="msg_del_track_select">Valitse poistettavat raidat.</Text>
	<Text name="msg_del_track_ask">Oletko varma että haluat poistaa raidan?</Text>
	<Text name="msg_del_tracks_ask">Oletko varma että haluat poistaa valitut raidat?</Text>
	<Text name="msg_del_trackfolder_ask">Kansio ja kaikki sen raidat poistetaan.
Oletko varma että haluat jatkaa?</Text>
	<Text name="msg_error_del_trackfolder_different">Kansiota ei voitu poistaa.
Kansio sisältää muuta tietoa kuin musiikkia.</Text>
	<Text name="msg_importing">Tuodaan...
Odota hetki.</Text>
	<Text name="msg_import_cancel_ask">Haluatko peruuttaa tuonnin?</Text>
	<Text name="msg_imported">Tuonti suoritettu.</Text>
	<Text name="msg_error_import">Virhe tapahtui tuonnin aikana.</Text>
	<Text name="msg_error_track_over">Tallennettavien raitojen maksimimäärä on saavutettu.
Tuonti keskeytettiin.</Text>
	<Text name="msg_error_no_trackfolder_copy">Ei kopioitavia kappaleita.</Text>
	<Text name="msg_error_copyright_track">Tekijänoikeussuojatiedot ovat epäkelpoja.</Text>
	<Text name="msg_changedinfo_save_music_ask">Haluatko tallentaa muokatut tiedot?
Muokattu sisältö koskee kaikkia kansion raitoja.</Text>
	<Text name="msg_error_no_track">Ei raitoja.</Text>
	<Text name="msg_error_no_nexttrack">Raitoja ei ole saatavilla.</Text>
	<Text name="msg_error_no_prevtrack">Raita ei ole saatavilla.</Text>
	<Text name="msg_track_number_value">Raita %1</Text>
	<Text name="msg_digitalcamera_video">Digitaalikameraelokuvat</Text>
	<Text name="msg_psstore_video_offline_explanation_sd">PlayStation®Store-kauppa on ainoa paikka, josta voit vuokrata tai ostaa viimeisimmät elokuvat PS3™-, PS Vita- ja PSP™-järjestelmiisi.
Käy PlayStation®Store-kaupassa tänään.</Text>
	<Text name="msg_psstore_video_offline_explanation_hd">PlayStation®Store-kauppa on ainoa paikka, josta voit vuokrata tai ostaa viimeisimmät elokuvat PS3™-, PS Vita- ja PSP™-järjestelmiisi.
Käy PlayStation®Store-kaupassa tänään.</Text>
	<Text name="msg_error_no_title">Ei nimikkeitä.</Text>
	<Text name="msg_error_title_over">Tallennettavissa olevien nimikkeiden maksimimäärä on saavutettu.</Text>
	<Text name="msg_copy_title_select">Valitse kopioitava nimike.</Text>
	<Text name="msg_copy_titlefolder2">Tekijänoikeussuojattuja nimikkeitä ei kopioida.</Text>
	<Text name="msg_error_no_title_copy">Ei kopioitavissa olevia nimikkeitä.</Text>
	<Text name="msg_error_magicgate_device_required">Tekijänoikeussuoja-ominaisuuksien kanssa yhteensopiva USB-laite vaaditaan tämän operaation suorittamiseksi.</Text>
	<Text name="msg_copied_except_copyright_protected_title">Kopiointi suoritettu.
Tekijänoikeussuojattuja nimikkeitä ei kopioitu.</Text>
	<Text name="msg_title_number_value">Nimike %1</Text>
	<Text name="msg_smove_destination_select">Valitse kohde.</Text>
	<Text name="msg_smoving">Siirretään...
Odota hetki.</Text>
	<Text name="msg_smove_cancel_ask">Haluatko peruuttaa siirron?</Text>
	<Text name="msg_smoved">Siirto suoritettu.</Text>
	<Text name="msg_error_smove">Virhe tapahtui siirron aikana.</Text>
	<Text name="msg_error_move_mspro">Siirtoa ei voida suorittaa.
Siirtääksesi tämän nimikkeen sinun täytyy käyttää Memory Stick PRO™ -muistikorttia.</Text>
	<Text name="msg_del_title_select">Valitse poistettava nimike.</Text>
	<Text name="msg_del_title_ask">Nimike poistetaan.
Oletko varma että haluat jatkaa?</Text>
	<Text name="msg_del_titles_ask">Valitut nimikkeet poistetaan.
Oletko varma että haluat jatkaa?</Text>
	<Text name="msg_del_titlefolder_ask">Kansio ja kaikki sen nimikkeet poistetaan.
Oletko varma että haluat jatkaa?</Text>
	<Text name="msg_del_camerafolder_video_ask">Kansio ja kaikki sen nimikkeet, mukaanlukien suojatut nimikkeet, poistetaan.
Oletko varma että haluat jatkaa?</Text>
	<Text name="msg_del_title_protected_ask">Tämä nimike on suojattu.
Oletko varma että haluat poistaa nimikkeen?</Text>
	<Text name="msg_error_del_movie_folder">Kansiota ei voida poistaa.
Kansio sisältää muuta tietoa kuin videoita.</Text>
	<Text name="msg_error_smove_prohibit">Tätä nimikettä ei voida siirtää.</Text>
	<Text name="msg_corrupted_copyright">Tekijänoikeussuojatieto on vioittunut ja palautetaan ennalleen.</Text>
	<Text name="msg_error_corrupted_copyright">Tekijänoikeussuojatietojen ennalleenpalautuksen aikana tapahtui virhe.</Text>
	<Text name="msg_error_no_execute">Tämä operaatio ei ole käytettävissä täällä.</Text>
	<Text name="msg_video_editor_and_upload"><![CDATA[Videoiden muokkaus- & lähetysohjelma]]></Text>
	<Text name="msg_video_editor_explanation">Voit muokata haluamaasi videota, lähettää sen videoita jakavaan sivustoon ja kutsua sitten ystäväsi katsomaan sitä.</Text>
	<Text name="msg_create_new_video">Luo uusi video</Text>
	<Text name="msg_del_content_ask">Sisältö poistetaan.
Haluatko varmasti jatkaa?</Text>
	<Text name="msg_error_create_content_number_over">Luotavien sisältökohteiden enimmäismäärä on saavutettu.</Text>
	<Text name="msg_backup_data_utility">Tietojen varmuuskopiointityökalu</Text>
	<Text name="msg_bd_data_utility">BD-tietotyökalu</Text>
	<Text name="msg_common_cache_data">Jaetut välimuistitiedot</Text>
	<Text name="msg_bd_data_delete_ask">BD-tiedot poistetaan.
Oletko varma että haluat jatkaa?</Text>
	<Text name="msg_service_coming_soon">Tämä palvelu on tulossa pian.</Text>
	<Text name="msg_service_app_install_folder">Kanavani</Text>
	<Text name="msg_vita_application_utility">PS Vita -järjestelmän sovellustyökalu</Text>
	<Text name="msg_applications_vita">Sovellukset (PS Vita)</Text>
	<Text name="msg_applications_psp_other">Sovellukset (PSP™/muu)</Text>
	<Text name="msg_applications_ps1">Sovellukset (PS)</Text>
	<Text name="msg_applications_psm">Sovellukset (PlayStation®Mobile)</Text>
	<Text name="msg_gamedata_utility">Pelitiedon työkalu</Text>
	<Text name="msg_savedata_utility_ps3">Tiedon tallennustyökalu (PS3™)</Text>
	<Text name="msg_savedata_utility_ps2">Tiedon tallennustyökalu (PS2)</Text>
	<Text name="msg_savedata_utility_minis_psp">Tiedon tallennustyökalu (minis/PSP™)</Text>
	<Text name="msg_savedata_utility_psp_emu_psp">Tiedon tallennustyökalu (PSP™ Remaster/PSP™)</Text>
	<Text name="msg_savedata_utility_minis_psp_emu_psp">Tiedon tallennustyökalu (minis/PSP™ Remaster/PSP™)</Text>
	<Text name="msg_memory_card_utility">Memory Card -työkalu</Text>
	<Text name="msg_content_pc">Lapsilukittu sisältö</Text>
	<Text name="msg_ps1_gamedisc">PlayStation®-alustettu levy</Text>
	<Text name="msg_ps2_gamedisc">PlayStation®2-alustettu levy</Text>
	<Text name="msg_ps2_format_software">PlayStation®2-muotoinen ohjelmisto</Text>
	<Text name="msg_playstation">PlayStation®</Text>
	<Text name="msg_playstation2">PlayStation®2</Text>
	<Text name="msg_playstation3">PlayStation®3</Text>
	<Text name="msg_minis">minis</Text>
	<Text name="msg_psp_emu">PSP™ Remaster</Text>
	<Text name="msg_pc_engine">PCEngine</Text>
	<Text name="msg_neogeo">NEOGEO</Text>
	<Text name="msg_cannot_start_unless_install_install_ask">Tätä peliä ei voida käynnistää ellei sitä ole asennettu järjestelmän tallennustilaan.
Haluatko aloittaa asennuksen?</Text>
	<Text name="msg_psstore_game_offline_explanation_sd">PlayStation®Store on täynnä vain sieltä saatavia ladattavia pelejä, ILMAISIA PS3™-demoja, lisäpakkauksia ja videoita.

Käy kaupassa jo tänään!</Text>
	<Text name="msg_psstore_game_offline_explanation_hd">PlayStation®Store pääsee ILMAISEKSI* ja se on ainoa paikka mistä voit ladata uusia PS3™-pelejä, ilmaisia* pelattavia demoja, lisäpakkauksia ja teräväpiirtovideoita.

Hanki lisää PS3™-järjestelmääsi ja käy PlayStation®Store jo tänään.

* Laajakaistainen Internet-yhteys vaaditaan.</Text>
	<Text name="msg_disc_benefit">Levyn edut</Text>
	<Text name="msg_select_receive_disc_benefit">Valitse tämä vaihtoehto, jos haluat saada levyn edut.</Text>
	<Text name="msg_only_for_psp_need_copy_ask">Voit käyttää tätä sisältöä PSP™-järjestelmässä.
Haluatko kopioida sen PSP™-järjestelmään?</Text>
	<Text name="msg_error_cannot_use_content_download_again_copy_can_use"><![CDATA[Tämä sisältö ei ole käytettävissä.
Kirjaudu sisään tämän sisällön ostamiseen käytetyllä käyttäjätilillä ja lataa sisältö uudelleen valitsemalla [Näytä lataukset] kohdasta [PlayStation®Network] > [PlayStation®Store].
Jotta voit käyttää tätä sisältöä, sinun on ladattava se ja kopioitava se sen käyttöä tukevalle laitteelle.]]></Text>
	<Text name="msg_when_use_content_on_vita_hint">Jos sisältöä käytetään PS Vita -järjestelmässä, yhdistä PS Vita -järjestelmä USB-kaapelilla ja käynnistä sitten [Sisällönhallinta] PS Vita -järjestelmässä.</Text>
	<Text name="msg_error_cannot_play_ps2_format">Tämä PS3™-järjestelmämalli ei ole yhteensopiva PlayStation®2-muotoisten ohjelmistojen kanssa.</Text>
	<Text name="msg_error_game_wrong_region">Tätä ohjelmistoa ei voida käynnistää aluerajoitusten takia.</Text>
	<Text name="msg_error_gamedisc_cannot_start">Tätä levyä ei voida käynnistää.</Text>
	<Text name="msg_error_game_start_failure">Käynnistyksen aikana tapahtui virhe.</Text>
	<Text name="msg_current_systemsoftware_update_ask">PS3™-järjestelmä käyttää käyttöjärjestelmän versiota %1.
Käynnistääksesi sinun täytyy päivittää ainakin versioon %2.
Haluatko päivittää nyt?</Text>
	<Text name="msg_systemsoftware_update_ask">Sinun täytyy päivittää käyttöjärjestelmä ennen seuraavaa käyttökertaa.</Text>
	<Text name="msg_game_start">Käynnistä</Text>
	<Text name="msg_about_game">Tietoja tästä pelistä</Text>
	<Text name="msg_about_game_ps3_content">Library programs ©Sony Computer Entertainment Inc. Licensed for play on the PlayStation®3 Computer Entertainment System or authorized PlayStation®3 format systems. For full terms and conditions see the user's manual. This product is authorized and produced under license from Sony Computer Entertainment Inc. Use is subject to the copyright laws and the terms and conditions of the user's license.</Text>
	<Text name="msg_game_update_history">Päivityshistoria</Text>
	<Text name="msg_purchase">Osta</Text>
	<Text name="msg_savedata_auto_upload">Tallennettujen tietojen automaattinen lähetys</Text>
	<Text name="msg_installgame_delete_ask">Asennettu peli poistetaan.
Oletko varma että haluat jatkaa?</Text>
	<Text name="msg_error_no_savedata">Tallennettua tietoa ei ole saatavilla.</Text>
	<Text name="msg_info_detail">Yksityiskohdat</Text>
	<Text name="msg_protection">Lukko</Text>
	<Text name="msg_copy_prohibited">Kopiointi kielletty</Text>
	<Text name="msg_error_history_auto_upload">Virhehistoria (Automaattinen lähetys)</Text>
	<Text name="msg_online_storage">Verkkotallennustila</Text>
	<Text name="msg_online_storage_explanation">Tallentaa tallennetut tiedot online-tilassa.
Laajenna pelikokemuksiasi lataamalla tallentamasi tiedot ystäväsi PS3™-järjestelmään ja jatkamalla peliä tai varmuuskopioimalla tietosi online-tilassa.</Text>
	<Text name="msg_to_save_data_select_copy_option">Tallenna tietosi verkkotallennustilaan valitsemalla tallennettavat tiedot ja valitsemalla sitten asetusvalikosta [Kopioi].</Text>
	<Text name="msg_save_data_copy_prohibited_upload_explanation">Näiden tallennettujen tietojen lataustiheyttä verkkotallennustilasta on rajoitettu.
Voit ladata tiedot uudelleen vasta %1 tunnin kuluttua edellisestä latauksesta verkkotallennustilaan tai -tilasta.
Voit ladata tietoa verkkotallennustilaan milloin tahansa.</Text>
	<Text name="msg_error_online_storage_full">Verkkotallennustilassa ei ole tarpeeksi vapaata tilaa.
Kopiointi vaatii vähintään %1 lisää tilaa.</Text>
	<Text name="msg_error_save_data_copy_prohibited_download">Et voi ladata näitä tallennettuja tietoja juuri nyt.
Voit ladata vain kerran %1 tunnissa.

Seuraava mahdollinen latausajankohta:
%2</Text>
	<Text name="msg_vmc_ps1">Sisäinen Memory Card (PS) -muistikortti</Text>
	<Text name="msg_vmc_ps2">Sisäinen Memory Card (PS2) -muistikortti</Text>
	<Text name="msg_free_space_vmc_ps1">%1 / 120 KB</Text>
	<Text name="msg_free_space_vmc_ps2">%1 / 7998 KB</Text>
	<Text name="msg_category">Tyyppi</Text>
	<Text name="msg_savedata">Tallennettu tieto</Text>
	<Text name="msg_savedata_ps1">Tallennettu tieto (PlayStation®)</Text>
	<Text name="msg_savedata_ps2">Tallennettu tieto (PlayStation®2)</Text>
	<Text name="msg_application_ps2">Ohjelmisto (PlayStation®2)</Text>
	<Text name="msg_application_pocketstation">Ohjelmisto (PocketStation™)</Text>
	<Text name="msg_setting_file_ps2">Asetustiedosto (PlayStation®2)</Text>
	<Text name="msg_system_driver_ps2">Järjestelmäajuri (PlayStation®2)</Text>
	<Text name="msg_unknown_data">Tuntematon</Text>
	<Text name="msg_vmc">Sisäinen Memory Card -muistikortti</Text>
	<Text name="msg_error_no_vmc">Sisäisiä muistikortteja ei ole saatavilla.</Text>
	<Text name="msg_free_space_vmc_ps1_w_title">Vapaa tila %1 / 120 KB</Text>
	<Text name="msg_free_space_vmc_ps2_w_title">Vapaa tila %1 / 7998 KB</Text>
	<Text name="msg_pocketstation">PocketStation™</Text>
	<Text name="msg_created_date_time">Luotu</Text>
	<Text name="msg_error_mc_no_access">Memory Card -muistikorttia ei voida käyttää.</Text>
	<Text name="msg_error_savedata_cannot_copy">Tämän tiedon tallennus ei ole sallittua.</Text>
	<Text name="msg_error_no_gamedata">Pelitietoja ei ole saatavilla.</Text>
	<Text name="msg_update_quit_software_update">Viimeisin päivitystieto löydettiin.
Järjestelmä lopettaa tämän ohjelman ja aloittaa asennuksen.</Text>
	<Text name="msg_wait_donot_turn_off">Odota...
Älä sammuta järjestelmää.</Text>
	<Text name="msg_playmode">Toistotila</Text>
	<Text name="msg_play_track_select">Valitse toistettava raita.</Text>
	<Text name="msg_no_data">Ei tietoja.</Text>
	<Text name="msg_error_service_stop">Palvelu on päättynyt.</Text>
	<Text name="msg_error_account_service">Palvelun käyttöoikeus on hyllytetty tältä käyttäjätunnukselta.</Text>
	<Text name="msg_browser">Internet-selain</Text>
	<Text name="msg_ps3_portal">PlayStation®Store</Text>
	<Text name="msg_psp_connection">Etäkäyttö</Text>
	<Text name="msg_remoteplay_explanation"><![CDATA[Käytä laitetta, joka tukee etäkäyttöä (kuten PS Vita- tai PSP™-järjestelmä) käyttääksesi tätä järjestelmää verkon kautta. Valitse [Asetukset] > [Etäkäyttöasetukset] > [Rekisteröi laite] ja rekisteröi etäkäyttölaite.]]></Text>
	<Text name="msg_onlinemanual">Online-käyttöopas</Text>
	<Text name="msg_file">Tiedosto</Text>
	<Text name="msg_open">Avaa</Text>
	<Text name="msg_internet_search">Internet-haku</Text>
	<Text name="msg_download_cancel_ask">Haluatko peruuttaa latauksen?</Text>
	<Text name="msg_error_server_transaction_failure">Palvelimen kanssa kommunikoitaessa tapahtui virhe.</Text>
	<Text name="msg_no_file">Ei tiedostoa.</Text>
	<Text name="msg_content_not_support_remoteplay">Tätä sisältöä ei voida käyttää etäkäytön aikana.</Text>
	<Text name="msg_error_cannot_operate_remoteplay">Tätä operaatiota ei voida suorittaa etäkäytön aikana.</Text>
	<Text name="msg_error_cannot_start_can_play_follow_device">Ei voida käynnistää.
Voit käynnistää tämän sisällön vain seuraavista laitteista etäkäytön aikana:</Text>
	<Text name="msg_error_need_update_psp">Sinun täytyy suorittaa PSP™-järjestelmän käyttöjärjestelmäpäivitys.
Tietoja päivitystavoista löydät PSP™-järjestelmän käyttöoppaasta.</Text>
	<Text name="msg_error_no_signup_ask">Sinun täytyy luoda Sony Entertainment Network -tili.
Haluatko luoda tilin nyt?</Text>
	<Text name="msg_download_control">Latausten hallinta</Text>
	<Text name="msg_no_download_content">Ei latauksia.</Text>
	<Text name="msg_variable_downloading">%1%% Ladataan...</Text>
	<Text name="msg_variable_download_error">%1%% Latausvirhe</Text>
	<Text name="msg_variable_download_waiting">%1%% Odottaa latausta</Text>
	<Text name="msg_variable_download_pausing">%1%% Seisautettu</Text>
	<Text name="msg_pause_all">Seisauta kaikki</Text>
	<Text name="msg_resume_all">Jatka kaikkien lataamista</Text>
	<Text name="msg_progress">Tila</Text>
	<Text name="msg_resume">Jatka</Text>
	<Text name="msg_download_restart">Jatka lataamista</Text>
	<Text name="msg_download_cancel">Peru lataus</Text>
	<Text name="msg_install">Asenna</Text>
	<Text name="msg_download_content_was_deleted">Tämä sisältö on poistettu palvelimelta.</Text>
	<Text name="msg_need_app_software_download_ask">Toiminnon käyttäminen edellyttää, että lataat ensin ohjelmiston.
Haluatko ladata ohjelmiston nyt?</Text>
	<Text name="msg_cellbrowser_foldingathome">Folding@home™</Text>
	<Text name="msg_auto_start">Automaattinen käynnistys</Text>
	<Text name="msg_title_lwp">Life with PlayStation®</Text>
	<Text name="msg_psstore_explanation_sd">PlayStation®Store on täynnä vain sieltä saatavia ladattavia pelejä, ILMAISIA PS3™-demoja, lisäpakkauksia ja videoita.

Käy kaupassa jo tänään!</Text>
	<Text name="msg_psstore_explanation_hd">PlayStation®Store pääsee ILMAISEKSI* ja se on ainoa paikka mistä voit ladata uusia PS3™-pelejä, ilmaisia* pelattavia demoja, lisäpakkauksia ja teräväpiirtovideoita.

Hanki lisää PS3™-järjestelmääsi ja käy PlayStation®Store jo tänään.

* Laajakaistainen Internet-yhteys vaaditaan.</Text>
	<Text name="msg_reg_explanation_sd">Nauti ILMAISESTA* verkkopelaamisesta, lataa pelejä, laajennusosia ja yksinoikeudella tarjottavaa lisäsisältöä, juttele chatissa ystävien kanssa ja vertaile palkintoja.
Luo tili jo nyt, niin hupi alkaa!
* Laajakaistainen Internet-yhteys vaaditaan.</Text>
	<Text name="msg_reg_explanation_hd">PlayStation®Network tarjoaa viihdettä ja interaktiivisuutta.
Nauti ILMAISESTA* verkkopelaamisesta, lataa huikeita uusia pelejä ja huippupelien laajennusosia, katso trailereita, löydä yksinoikeudella tarjottavaa lisäsisältöä, juttele chatissa ystävien kanssa ja vertaile palkintoja.

Luo tili jo tänään – se on helppoa ja ILMAISTA!

* Laajakaistainen Internet-yhteys vaaditaan.</Text>
	<Text name="msg_account_manage">Käyttäjätietojen hallinta</Text>
	<Text name="msg_can_change_psn_account_psstore_setteing">Säädä tilisi tai PlayStation®Store-kaupan ostostesi asetuksia.</Text>
	<Text name="msg_your_channel">What's New</Text>
	<Text name="msg_your_channel_offline_explanation_hd">Tervetuloa PlayStation®3-maailmaan.
"What's New" -ruudulta löydät viimeisimmät PlayStation®-uutiset, päivitykset ja pääset helposti käsiksi viimeksi pelaamiisi peleihin.
Pääset "What's New" -ruudulle ottamalla yhteyden PlayStation®Network* -verkkoon – koko viihdemaailma käsiesi ulottuvilla ilmaiseksi, joten luo tili jo tänään!

* Vaatii laajakaistayhteyden.</Text>
	<Text name="msg_your_channel_offline_explanation_sd">What's New -ruudulta löydät viimeisimmät PlayStation®-uutiset ja pääset helposti käsiksi viimeksi pelaamiisi peleihin; ota yhteys PlayStation®Network* -verkkoon –viihdemaailma käsiesi ulottuvilla ilmaiseksi, kirjaudu jo tänään!
* Vaatii laajakaistayhteyden.</Text>
	<Text name="msg_your_channel_caution_launching_website">Olet avaamassa Internet-sivustoa.</Text>
	<Text name="msg_trophy_collection">Trophy-kokoelma</Text>
	<Text name="msg_trophy_count">Trophyt</Text>
	<Text name="msg_gain_date">Saavutettu</Text>
	<Text name="msg_no_trophy_explanation">Ei trophyjä.
Jos pelaat peliä, joka tukee Trophy-ominaisuutta ja keräät trophyjä, ne näkyvät tässä.</Text>
	<Text name="msg_compare_trophy">Vertaa trophyjä</Text>
	<Text name="msg_trophy_grade">Trophyn taso</Text>
	<Text name="msg_trophy_platinum">Platina</Text>
	<Text name="msg_trophy_gold">Kulta</Text>
	<Text name="msg_trophy_silver">Hopea</Text>
	<Text name="msg_trophy_bronze">Pronssi</Text>
	<Text name="msg_sync_with_server">Synkronoi palvelimen kanssa</Text>
	<Text name="msg_switch_mode">Vaihda tilaa</Text>
	<Text name="msg_online_mode">Online-tila</Text>
	<Text name="msg_online_mode_trophy_explanation">Online-tila
Näytä palvelimelle tallennetut trophy-tiedot.</Text>
	<Text name="msg_offline_mode">Offline-tila</Text>
	<Text name="msg_offline_mode_trophy_explanation">Offline-tila
Näytä tähän järjestelmään tallennetut trophy-tiedot.</Text>
	<Text name="msg_trophy_base_addon">Pääpeli/lisäosa</Text>
	<Text name="msg_hidden_trophy_name">Piilotettu trophy</Text>
	<Text name="msg_original_f">Alkuperäinen järjestys</Text>
	<Text name="msg_trophy_grade_f">Trophyn taso</Text>
	<Text name="msg_trophy_earned_f">Ansaittu päivämääränä ▲</Text>
	<Text name="msg_trophy_earned_r">Ansaittu päivämääränä ▼</Text>
	<Text name="msg_privacy_settings">Tietosuoja-asetukset</Text>
	<Text name="msg_ps_plus_psn">PlayStation®Plus</Text>
	<Text name="msg_health_warning_psn">Terveysvaroitukset</Text>
	<Text name="msg_psp_exclusive_install_ask">Tämä sisältö on tarkoitettu yksinomaan PSP™-järjestelmässä käytettäväksi.
Haluatko asentaa sen nyt PSP™-järjestelmään?</Text>
	<Text name="msg_bonus_digital_copy">Digital Copy</Text>
	<Text name="msg_bonus_digital_copy_explanation">Tätä sisältöä voidaan käyttää tässä järjestelmässä PlayStation®Network-verkkoon kirjautumisen ja sisällön järjestelmän tallennustilaan kopioimisen jälkeen.</Text>
	<Text name="msg_error_service_not_available_region">Tämä palvelu ei ole saatavilla maassasi/alueellasi.</Text>
	<Text name="msg_sigining_in2">Kirjaudutaan sisään...</Text>
	<Text name="msg_auto_signin_off">Automaattinen sisäänkirjautuminen pois päältä</Text>
	<Text name="msg_auto_signin">Automaattinen sisäänkirjautuminen</Text>
	<Text name="msg_signout">Kirjaudu ulos</Text>
	<Text name="msg_error_no_execute_psn_maintenance_partially">Operaatiota ei voida suorittaa.
Sony Entertainment Network -verkkoa huolletaan parhaillaan.</Text>
	<Text name="msg_error_no_player">Yhtään pelaajaa ei löytynyt.</Text>
	<Text name="msg_signin">Kirjaudu sisään</Text>
	<Text name="msg_ignore_list">Estolista</Text>
	<Text name="msg_friend_register">Lisää ystävä</Text>
	<Text name="msg_play_with">Tavatut pelaajat</Text>
	<Text name="msg_av_chatroom">Ääni-/videochathuone</Text>
	<Text name="msg_game_chatroom">Peli-chat -huone</Text>
	<Text name="msg_msg_box">Postilaatikko</Text>
	<Text name="msg_last_signin_minute_ago">Viimeinen sisäänkirjautuminen: %1 minuuttia sitten</Text>
	<Text name="msg_last_signin_hour_ago">Viimeinen sisäänkirjautuminen: %1 tuntia sitten</Text>
	<Text name="msg_last_signin_day_ago">Viimeinen sisäänkirjautuminen: %1 päivää sitten</Text>
	<Text name="msg_last_signin_month_ago">Viimeinen sisäänkirjautuminen: %1 kuukautta sitten</Text>
	<Text name="msg_last_signin_more_than_2year_ago">Viimeinen sisäänkirjautuminen: 2 tai useampaa vuotta sitten</Text>
	<Text name="msg_to">Vastaanottaja</Text>
	<Text name="msg_sent">Lähetys suoritettu.</Text>
	<Text name="msg_registered">Lisäys suoritettu.</Text>
	<Text name="msg_error_registered_number_over">Lisättävien henkilöiden maksimimäärä on saavutettu.</Text>
	<Text name="msg_error_cannot_register_myself">Et voi lisätä itseäsi.</Text>
	<Text name="msg_accept_friend_register_ask">Haluatko lisätä ystäviin?</Text>
	<Text name="msg_register_request">Ystäväpyyntö</Text>
	<Text name="msg_asking_to_add">Odotetaan vastausta ystäväpyyntöön.</Text>
	<Text name="msg_asked_to_add">Olet vastaanottanut ystäväpyynnön.</Text>
	<Text name="msg_msg_list">Viestilista</Text>
	<Text name="msg_start_new_chat">Aloita uusi chat</Text>
	<Text name="msg_new_msg">Luo viesti</Text>
	<Text name="msg_error_no_msg">Ei viestejä.</Text>
	<Text name="msg_status_f">Tila</Text>
	<Text name="msg_name_f">Nimi</Text>
	<Text name="msg_online_id">Online-tunnus</Text>
	<Text name="msg_online_name">Online-nimi</Text>
	<Text name="msg_about_me">Tietoja minusta</Text>
	<Text name="msg_my_lang">Kieleni</Text>
	<Text name="msg_received_msg_count">Vastaanotetut viestit</Text>
	<Text name="msg_unread_msg_count">Lukemattomat viestit</Text>
	<Text name="msg_protect_msg_count">Suojatut viestit</Text>
	<Text name="msg_sent_msg_count">Lähetetyt viestit</Text>
	<Text name="msg_received_msg_count_with_variable">Vastaanotetut viestit %1</Text>
	<Text name="msg_sent_msg_count_with_variable">Lähetetyt viestit %1</Text>
	<Text name="msg_from">Lähettäjä</Text>
	<Text name="msg_received_datetime">Vastaanotettu</Text>
	<Text name="msg_sent_datetime">Lähetetty</Text>
	<Text name="msg_reply_to_friend_register">Vastaa ystäväpyyntöön</Text>
	<Text name="msg_del_addingfriend_ask">Ystävä, joka odottaa lisäystä, poistetaan.
Jos poistat tämän ystävän, sinut poistetaan hänen Ystävät-listaltaan.
Oletko varma, että haluat jatkaa?</Text>
	<Text name="msg_del_friend_ask">Tämä ystävä poistetaan.
Jos poistat tämän ystävän, sinut poistetaan hänen Ystävät-listaltaan.
Oletko varma, että haluat jatkaa?</Text>
	<Text name="msg_status">Tila</Text>
	<Text name="msg_profile">Profiili</Text>
	<Text name="msg_online">Online</Text>
	<Text name="msg_afk">Ei saatavilla</Text>
	<Text name="msg_add_ignore_list">Lisää estolistalle</Text>
	<Text name="msg_game_title">Pelin nimi</Text>
	<Text name="msg_information">Informaatio</Text>
	<Text name="msg_played_date_hour">Pelattu</Text>
	<Text name="msg_add_ignore_list_ask">Jos lisäät estolistalle, et enää vastaanota viestejä tältä henkilöltä.
Haluatko jatkaa?</Text>
	<Text name="msg_adding">Lisätään...
Odota hetki.</Text>
	<Text name="msg_del_from_ignore_list">Poista estolistalta</Text>
	<Text name="msg_del_ignore_list_ask">Oletko varma että haluat poistaa estolistalta?</Text>
	<Text name="msg_error_not_registered">Tätä henkilöä ei ole lisätty.</Text>
	<Text name="msg_error_try_again_later">Virhe on tapahtunut.
Yritä myöhemmin uudelleen.</Text>
	<Text name="msg_send_grief_report">Ongelmaraportti</Text>
	<Text name="msg_received_box">Vastaanotettu</Text>
	<Text name="msg_sent_box">Lähetetty</Text>
	<Text name="msg_list">Lista</Text>
	<Text name="msg_protect">Suojaa</Text>
	<Text name="msg_unprotected">Poista suojaus</Text>
	<Text name="msg_edit">Muokkaa</Text>
	<Text name="msg_attach_image_select">Valitse liitettävä kuva.</Text>
	<Text name="msg_attach_cancel_ask">Haluatko peruuttaa liittämisen?</Text>
	<Text name="msg_dell_msg_all_ask">Haluatko poistaa kaikki viestit?
Suojattuja viestejä ei poisteta.</Text>
	<Text name="msg_del_msgl_ask">Oletko varma että haluat poistaa viestin?</Text>
	<Text name="msg_dell_msg_all_ask2">Haluatko poistaa kaikki viestit?</Text>
	<Text name="msg_voice_text_chatroom">Ääni-/tekstichathuone</Text>
	<Text name="msg_text_chatroom">Chat-huone (pelkästään tekstiä)</Text>
	<Text name="msg_mic_on">Mikrofoni päällä</Text>
	<Text name="msg_mic_off">Mikrofoni pois päältä</Text>
	<Text name="msg_chat_volume">Chat-äänenvoimakkuus</Text>
	<Text name="msg_camera_on">Kamera päällä</Text>
	<Text name="msg_camera_off">Kamera pois päältä</Text>
	<Text name="msg_chat_screen_on">Näytä chat-kuva</Text>
	<Text name="msg_chat_screen_off">Piilota chat-kuva</Text>
	<Text name="msg_invite_friend">Kutsu ystävä</Text>
	<Text name="msg_new_msg_all">Luo viesti kaikille</Text>
	<Text name="msg_quit">Poistu</Text>
	<Text name="msg_cancel2">Peruuta</Text>
	<Text name="msg_invite_chat">Chat-kutsu</Text>
	<Text name="msg_participants_list">Osallistujalista</Text>
	<Text name="msg_invite_game">Pelikutsu</Text>
	<Text name="msg_error_add">Lisäyksen aikana tapahtui virhe.</Text>
	<Text name="msg_error_attach_size_over">Liitetiedostojen maksimikoko on saavutettu.</Text>
	<Text name="msg_error_attach_deleted">Liitetiedosto on poistettu.</Text>
	<Text name="msg_error_player_added">Tämä pelaaja on jo lisätty.</Text>
	<Text name="msg_protect_msg_over">Suojattujen viestien maksimimäärä on saavutettu.
Voit suojata 50 viestiä.</Text>
	<Text name="msg_error_cannot_operate_signin_pls">Operaatiota ei voida suorittaa.
Et ole kirjautunut sisään.</Text>
	<Text name="msg_error_cannot_creat_message">Et voi luoda viestiä nyt.</Text>
	<Text name="msg_error_ignore_list_friend">Et voi lisätä ystävää estolistallesi.
Sinun täytyy ensin poistaa henkilö Ystävät-listaltasi ennen kuin lisäät heidät estolistallesi.</Text>
	<Text name="msg_version">Versio</Text>
	<Text name="msg_new_user_create">Luo uusi käyttäjä</Text>
	<Text name="msg_logout_ask">Haluatko kirjautua ulos?</Text>
	<Text name="msg_login_ask">Haluatko kirjautua sisään valittuna käyttäjänä?
Tällä hetkellä sisäänkirjautunut käyttäjä kirjataan ulos.</Text>
	<Text name="msg_username_create">Anna käyttäjätunnus.</Text>
	<Text name="msg_error_max_num_users_reached">Lisää uusia käyttäjiä ei voida luoda.
Käyttäjien maksimimäärä on 16.</Text>
	<Text name="msg_error_other_username_create_pls">Antamasi nimi on jo käytössä.
Anna eri käyttäjätunnus.</Text>
	<Text name="msg_error_new_user_create">Virhe tapahtui käyttäjää luotaessa.</Text>
	<Text name="msg_user_del_2nd_ask">Oletko varma että haluat poistaa käyttäjän?</Text>
	<Text name="msg_auto_login_set">Tästä edespäin "%1" log in automaattisesti, kun PS3™-järjestelmä käynnistetään.</Text>
	<Text name="msg_username">Käyttäjä</Text>
	<Text name="msg_username_num">Käyttäjä %1</Text>
	<Text name="msg_auto_login">Automaattinen sisäänkirjaus</Text>
	<Text name="msg_logout">Kirjautua ulos</Text>
	<Text name="msg_user_del_ask">Jos poistat käyttäjän, myös PlayStation®3-muotoisia ohjelmistoja, viestejä, trophyja ja muita tietoja koskevat tallennetut tiedot häviävät.
Oletko varma, että haluat jatkaa?</Text>
	<Text name="msg_error_character">Seuraavia merkkejä ei voida syöttää:
%1</Text>
	<Text name="msg_health_warning_detail_scee_1">Valo ärsykkeiden aiheuttamat kouristukset (valoherkkä epilepsia)

</Text>
	<Text name="msg_health_warning_detail_scee_2">Jos kärsit epilepsiasta tai olet kokenut kouristuksia, ota yhteyttä lääkäriin ennen pelaamisen aloittamista. Altistuminen tietyille välkkyville valoille tai valokuvioille voi aihettaa joillekin ihmisille silmäsärkyä, näköharhoja, päänsärkyä, lihasten nykimistä, pahoinvointia tai tajunnan menetyksen. Tällaiset henkilöt voivat saada kohtauksen katsellessaan kuvaruutua tai pelatessaan pelejä. Jos koet pelaamisen aikana ainuttakaan yllä mainituista oireista, lopeta käyttö välittömästi ja ota yhteyttä lääkäriin.

</Text>
	<Text name="msg_health_warning_detail_scee_3">Lopeta pelaaminen välittömästi, jos kärsit seuraavista oireista pelaamisen aikana:
</Text>
	<Text name="msg_health_warning_detail_scee_4">Jos sinulla ilmenee yllä mainittujen oireiden lisäksi tai sijasta pelaamisen aikana päänsärkyä, huimausta, pahoinvointia, heikotusta, matkapahoinvoinnin kaltaisia oireita tai kipua jossakin ruumiinosassa, kuten silmissä, korvissa, käsissä, käsivarsissa tai jalkaterissä, lopeta pelaaminen välittömästi. Jos oireet jatkuvat, mene lääkäriin.



</Text>
	<Text name="msg_health_warning_detail_scee_5">Kolmiulotteiset kuvat

</Text>
	<Text name="msg_health_warning_detail_scee_6">Kolmiulotteisten (3D) videokuvien katsominen tai 3D-videopelien pelaaminen 3D-televisiossa voi aiheuttaa joillekin vaivoja (kuten silmien rasittumista, silmien väsymistä tai pahoinvointia).
</Text>
	<Text name="msg_health_warning_detail_scee_7">Jos tällaisia vaivoja ilmenee, keskeytä heti television käyttö, kunnes vaiva laantuu. Yleisesti suosittelemme välttämään PlayStation®3-järjestelmän pitkää yhtäjaksoista käyttöä ja pitämään 15 minuutin tauon jokaisen pelitunnin aikana. 3D-videopelejä pelattaessa tauon pituus voi kuitenkin vaihdella henkilöstä toiseen: pidä niin pitkä tauko, että mahdollinen epämukava olo laantuu.
</Text>
	<Text name="msg_health_warning_detail_scee_8">Jos oireet jatkuvat, kysy asiasta lääkäriltä. Nuorten lasten (etenkin alle kuusivuotiaiden) näkö kehittyy yhä. Kysy asiasta lapsen lääkäriltä tai silmälääkäriltä, ennen kuin annat nuorten lasten katsoa 3D-videokuvia tai pelata 3D-videopelejä. Aikuisten tulee varmistaa valvonnallaan, että nuoret lapset noudattavat yllä annettuja suosituksia.



</Text>
	<Text name="msg_health_warning_detail_scee_9">Langattoman DUALSHOCK™3-ohjaimen* käyttöön liittyviä turvallisuushuomautuksia

</Text>
	<Text name="msg_health_warning_detail_scee_10">Älä käytä värinätoimintoa, jos käsiesi tai käsivarsiesi luustossa, nivelissä tai lihaksissa on jokin sairaus tai vamma. Jos sinulla on jokin sairaus tai vamma, älä pelaa pelejä langattomalla DUALSHOCK™3-ohjaimella, jos et ole määrittänyt värinätoiminnon tilaksi [Pois päältä].



</Text>
	<Text name="msg_health_warning_detail_scee_11">・Käytä konsolia hyvin valaistussa tilassa ja istu riittävän kaukana TV-ruudusta.
・Vältä PS3™-järjestelmän pitkäaikaista käyttöä. Pidä kunkin pelitunnin aikana aina 15 minuutin tauko.
・Vältä pelaamista, kun olet väsynyt tai unen tarpeessa.
</Text>
	<Text name="msg_health_warning_detail_scee_12">・Lopeta järjestelmän käyttö välittömästi, jos tunnet olevasi väsynyt tai jos käsissäsi tuntuu kipua tai epämiellyttäviä tuntemuksia, kun käytät langatonta ohjainta. Jos oireet jatkuvat, mene lääkäriin.
</Text>
	<Text name="msg_health_warning_detail_scee_13">・Jos kärsit käytön aikana seuraavista oireista, lopeta järjestelmän käyttö välittömästi. Jos oireet jatkuvat, mene lääkäriin.
- huimausta, pahoinvointia tai uupumusta tai matkapahoinvointia muistuttavia oireita
- kipua jossakin ruumiinosassa, kuten silmissä, korvissa, käsissä tai käsivarsissa</Text>
	<Text name="msg_health_warning_detail_scea_1">Photosensitivity/Epilepsy/Seizures

</Text>
	<Text name="msg_health_warning_detail_scea_2">A very small percentage of individuals may experience epileptic seizures or blackouts when exposed to certain light patterns or flashing lights. Exposure to certain patterns or backgrounds on a television screen or when playing video games may trigger epileptic seizures or blackouts in these individuals. These conditions may trigger previously undetected epileptic symptoms or seizures in persons who have no history of prior seizures or epilepsy. If you, or anyone in your family, has an epileptic condition or has had seizures of any kind, consult your doctor before playing.

</Text>
	<Text name="msg_health_warning_detail_scea_3">IMMEDIATELY DISCONTINUE use and consult your doctor before resuming gameplay if you or your child experience any of the following health problems or symptoms:
・dizziness,
・altered vision,
・eye or muscle twitches,
・loss of awareness,
・disorientation,
・seizures, or
・any involuntary movement or convulsion.
RESUME GAMEPLAY ONLY ON APPROVAL OF YOUR DOCTOR.

</Text>
	<Text name="msg_health_warning_detail_scea_4">Use and handling of video games to reduce the likelihood of a seizure
・Use in a well-lit area and keep as far away as possible from the television screen.
・Avoid large screen televisions. Use the smallest television screen available.
・Avoid prolonged use of the PS3™ system. Take a 15-minute break during each hour of play.
・Avoid playing when you are tired or need sleep.



</Text>
	<Text name="msg_health_warning_detail_scea_5">3D images

</Text>
	<Text name="msg_health_warning_detail_scea_6">Some people may experience discomfort (such as eye strain, eye fatigue, or nausea) while watching 3D video images or playing stereoscopic 3D games on 3D televisions. If you experience such discomfort you should immediately discontinue use of your television until the discomfort subsides.
</Text>
	<Text name="msg_health_warning_detail_scea_7">SCE recommends that all viewers take regular breaks while watching 3D video, or playing stereoscopic 3D games. The length and frequency of necessary breaks may vary from person to person - please take breaks that are long enough to allow any feelings of discomfort to subside. If symptoms persist, consult your doctor.
</Text>
	<Text name="msg_health_warning_detail_scea_8">The vision of young children (especially those under six years old) is still under development. SCE recommends that you consult with a doctor (such as a pediatrician or eye doctor) before allowing a young child to watch 3D video images or play stereoscopic 3D games. Adults should supervise young children to ensure they follow the recommendations listed above. When using any 3D enabled device with your PlayStation®3 system you should read the instruction manual for that device and check www.us.playstation.com/support/3D for updated information.



</Text>
	<Text name="msg_health_warning_detail_scea_9">Notes on safety when using the DUALSHOCK™3 Wireless Controller

</Text>
	<Text name="msg_health_warning_detail_scea_10">・Stop using the system immediately if you begin to feel tired or if you experience discomfort or pain in your hands or arms while operating the DUALSHOCK™3 Wireless Controller. If the condition persists, consult a doctor.
・The vibration function of the DUALSHOCK™3 Wireless Controller can aggravate injuries. Do not use the vibration function if you have any ailment or injury to the bones, joints or muscles of your hands or arms. If you have an ailment or an injury, do not play software titles that contain the vibration function using the DUALSHOCK™3 Wireless Controller unless you have set the vibration function to [Off].
</Text>
	<Text name="msg_health_warning_detail_scea_11">・Avoid prolonged use of the DUALSHOCK™3 Wireless Controller. Take a break at about 30-minute intervals.
・Note that some software titles set the vibration function to [On] by default. To disable the vibration function, press the PS button of the controller, and then select [Controller Settings]→ [Vibration Function]→[Off].



</Text>
	<Text name="msg_health_warning_detail_scea_12">・Use in a well-lit area and keep as far away as possible from the television screen.
・Avoid prolonged use of the PS3™ system and wireless controller.
</Text>
	<Text name="msg_health_warning_detail_scea_13">・Stop using the system immediately if you begin to feel tired or if you experience discomfort or pain in your hands or arms while operating the wireless controller. If the condition persists, consult a doctor.
</Text>
	<Text name="msg_health_warning_detail_scea_14">・If you experience any of the following health problems, discontinue use of the system immediately. If symptoms persist, consult with your doctor.
- Dizziness, nausea, fatigue or symptoms similar to motion sickness
- Discomfort or pain in a part of the body, such as eyes, ears, hands or arms</Text>
	<Text name="msg_health_warning_detail_scej_1">光の刺激によって引き起こされる発作について

</Text>
	<Text name="msg_health_warning_detail_scej_2">点滅を繰り返す画面や、その他の光の刺激によって、まれに、目の痛み、視覚異常、偏頭痛、けいれんや意識障害（失神など）などの症状（光感受性発作）が起きることがあります。こうした症状のある方は、事前に必ず医師に相談してください。

</Text>
	<Text name="msg_health_warning_detail_scej_3">こんなときはすぐに使用を中止する
</Text>
	<Text name="msg_health_warning_detail_scej_4"><![CDATA[上記の症状に加え、頭痛、めまい、吐き気、疲労感、乗り物酔いに似た症状などを感じたときや、目、耳、手、腕、足など、身体の一部に不快感や痛みを感じたときは、すぐに使用を中止してください。使用を中止しても治らないときは、医師の診察を受けてください。



]]></Text>
	<Text name="msg_health_warning_detail_scej_5">3D映像、3D立体視ゲームについて

</Text>
	<Text name="msg_health_warning_detail_scej_6">3D映像の視聴中や3D対応テレビでの3D立体視ゲームのプレイ中に、目の疲労、気分が悪くなるなどの不快な症状が出ることがあります。不快な症状が出たときは、直ちにテレビのご利用を中止し、回復するまでご利用をお控えください。
3D映像を視聴したり、3D立体視ゲームをプレイしたりするときは、定期的に休憩をとることをおすすめします。必要な休憩の長さや頻度は個人によって異なりますので、ご自身でご判断ください。不快な症状が回復するまで、十分に休憩をとってください。もし症状が続く場合は、医師にご相談ください。
</Text>
	<Text name="msg_health_warning_detail_scej_7"><![CDATA[なお、お子さま(特に6歳未満の子)の視覚は発達段階にあります。お子さまが3D映像を視聴したり、3D立体視ゲームをプレイしたりする前に、小児科や眼科などの医師にご相談いただくことをおすすめします。大人のかたは、お子さまが上記注意点を守るよう監督してください。
最新情報については、ホームページ(http://www.jp.playstation.com/support/)をご覧ください。



]]></Text>
	<Text name="msg_health_warning_detail_scej_8">コントローラの振動機能に対応したソフトウェアについて

</Text>
	<Text name="msg_health_warning_detail_scej_9">振動障害のある方は、バイブレーション（振動）機能を使用しないでください。



</Text>
	<Text name="msg_health_warning_detail_scej_10">・使用するときは部屋を明るくし、できるだけ画面から離れてください。
・疲れているときや睡眠不足のときは、使用を避けてください。
</Text>
	<Text name="msg_health_warning_detail_scej_11">・使用するときは健康のため、1時間ごとに15分程度の休憩を取ってください。
・使用中に体調が悪くなったら、すぐに使用をやめてください。</Text>
	<Text name="msg_health_warning_detail_sceasia_1">Photosensitivity/Epilepsy/Seizures

</Text>
	<Text name="msg_health_warning_detail_sceasia_2">A very small percentage of individuals may experience epileptic seizures or blackouts when exposed to certain light patterns or flashing lights. Exposure to certain patterns or backgrounds on a television screen or when playing video games may trigger epileptic seizures or blackouts in these individuals. These conditions may trigger previously undetected epileptic symptoms or seizures in persons who have no history of prior seizures or epilepsy. If you, or anyone in your family, has an epileptic condition or has had seizures of any kind, consult your physician before playing.

</Text>
	<Text name="msg_health_warning_detail_sceasia_3">IMMEDIATELY DISCONTINUE use and consult your physician before resuming gameplay if you or your child experience any of the following health problems or symptoms:
・dizziness,
・altered vision,
・eye or muscle twitches,
・loss of awareness,
・disorientation,
・seizures, or
・any involuntary movement or convulsion.
RESUME GAMEPLAY ONLY ON APPROVAL OF YOUR PHYSICIAN.

</Text>
	<Text name="msg_health_warning_detail_sceasia_4">Use and handling of video games to reduce the likelihood of a seizure
・Use in a well-lit area and keep as far away as possible from the television screen.
・Avoid large screen televisions. Use the smallest television screen available.
・Avoid prolonged use of the PS3™ system. Take a 15-minute break during each hour of play.
・Avoid playing when you are tired or need sleep.



</Text>
	<Text name="msg_health_warning_detail_sceasia_5">3D images

</Text>
	<Text name="msg_health_warning_detail_sceasia_6">Some people may experience discomfort (such as eye strain, eye fatigue, or nausea) while watching 3D video images or playing stereoscopic 3D games on 3D televisions. If you experience such discomfort you should immediately discontinue use of your television until the discomfort subsides.
</Text>
	<Text name="msg_health_warning_detail_sceasia_7">SCE recommends that all viewers take regular breaks while watching 3D video, or playing stereoscopic 3D games. The length and frequency of necessary breaks may vary from person to person - please take breaks that are long enough to allow any feelings of discomfort to subside. If symptoms persist, consult your physician.
</Text>
	<Text name="msg_health_warning_detail_sceasia_8">The vision of young children (especially those under six years old) is still under development. SCE recommends that you consult with physician (such as a pediatrician or eye doctor) before allowing a young child to watch 3D video images or play stereoscopic 3D games. When using any 3D enabled device with your PlayStation®3 system you should read the instruction manual for that device.



</Text>
	<Text name="msg_health_warning_detail_sceasia_9">Notes on safety when using the DUALSHOCK™3 Wireless Controller

</Text>
	<Text name="msg_health_warning_detail_sceasia_10">・Stop using the system immediately if you begin to feel tired or if you experience discomfort or pain in your hands or arms while operating the DUALSHOCK™3 wireless controller. If the condition persists, consult a doctor.
・The vibration function of the DUALSHOCK™3 wireless controller can aggravate injuries. Do not use the vibration function if you have any ailment or injury to the bones, joints or muscles of your hands or arms. If you have an ailment or an injury, do not play such titles using the DUALSHOCK™3 wireless controller unless you have set the vibration function to [Off].
</Text>
	<Text name="msg_health_warning_detail_sceasia_11">・Avoid prolonged use of the DUALSHOCK™3 wireless controller. Take a break at about 30-minute intervals.
・Note that some software titles set the vibration function to [On] by default. To disable the vibration function, press the PS button of the controller, and then select [Controller Settings]→[Vibration Function]→[Off].



</Text>
	<Text name="msg_health_warning_detail_sceasia_12">・Use in a well-lit area and keep a safe distance from the TV screen.
・Avoid prolonged use of the PS3™ system. Take a 15-minute break during each hour of play.
・Avoid playing when you are tired or need sleep.
</Text>
	<Text name="msg_health_warning_detail_sceasia_13">・Stop using the system immediately if you begin to feel tired or if you experience discomfort or pain in your hands or arms while operating the wireless controller If the condition persists, consult a doctor.
</Text>
	<Text name="msg_health_warning_detail_sceasia_14">・If you experience any of the following health problems, discontinue use of the system immediately. If symptoms persist, consult with your physician.
- Dizziness, nausea, fatigue or symptoms similar to motion sickness
- Discomfort or pain in a part of the body, such as eyes, ears, hands or arms</Text>
</TextLang>
