﻿<?xml version="1.0" encoding="utf-8"?>
<!-- This XML was generated by Rcomage v1.1.1 -->
<TextLang>
	<Text name="msg_setting">Paramètres</Text>
	<Text name="msg_photo">Photo</Text>
	<Text name="msg_music">Musique</Text>
	<Text name="msg_video">Vidéo</Text>
	<Text name="msg_game">Jeu</Text>
	<Text name="msg_net">Réseau</Text>
	<Text name="msg_friend">Amis</Text>
	<Text name="msg_user">Utilisateurs</Text>
	<Text name="msg_login">Ouvrir une session</Text>
	<Text name="msg_tv">TV</Text>
	<Text name="msg_tv_video_service">Services TV/vidéo</Text>
	<Text name="msg_psn">PlayStation®
Network</Text>
	<Text name="msg_power_off_console2">Eteindre le système</Text>
	<Text name="msg_photo_gallery">Photo Gallery</Text>
	<Text name="msg_untitled">Inconnu(e)</Text>
	<Text name="msg_new_vmc">Créer une nouvelle Memory Card interne</Text>
	<Text name="msg_signup">S'inscrire</Text>
	<Text name="msg_playstation_home">PlayStation®Home</Text>
	<Text name="msg_start_new_chat2">Démarrer nouveau chat</Text>
	<Text name="msg_ms">Memory Stick™</Text>
	<Text name="msg_sd">SD Memory Card</Text>
	<Text name="msg_cf">CompactFlash®</Text>
	<Text name="msg_bd_rom">BD-ROM</Text>
	<Text name="msg_bd_r">BD-R</Text>
	<Text name="msg_bd_re">BD-RE</Text>
	<Text name="msg_dvdr">DVD-R</Text>
	<Text name="msg_dvdplusr">DVD+R</Text>
	<Text name="msg_dvdrw">DVD-RW</Text>
	<Text name="msg_dvdplusrw">DVD+RW</Text>
	<Text name="msg_dvdrom">DVD-ROM</Text>
	<Text name="msg_dvdvideo">DVD Video</Text>
	<Text name="msg_dvdvr">DVD-VR</Text>
	<Text name="msg_dvdplusvr">DVD+VR</Text>
	<Text name="msg_avchd">AVCHD</Text>
	<Text name="msg_avcrec">AVCREC</Text>
	<Text name="msg_bdmv">BDMV</Text>
	<Text name="msg_bdav">BDAV</Text>
	<Text name="msg_cdaudio">CD audio</Text>
	<Text name="msg_cddata">Disque de données</Text>
	<Text name="msg_sacd">Super Audio CD</Text>
	<Text name="msg_mc_ps1">Memory Card (PS)</Text>
	<Text name="msg_mc_ps2">Memory Card (PS2)</Text>
	<Text name="msg_disc">Disque</Text>
	<Text name="msg_dsd_disc">Disque DSD</Text>
	<Text name="msg_psp">PSP™ (PlayStation®Portable)</Text>
	<Text name="msg_psp_bracket">PSP™ (PlayStation®Portable) %1</Text>
	<Text name="msg_vita_abbreviated">Système PS Vita</Text>
	<Text name="msg_psp_name">Pseudo</Text>
	<Text name="msg_usb">Périphérique USB</Text>
	<Text name="msg_usb_id">Périphérique USB (%1)</Text>
	<Text name="msg_digitalcamera">Appareil photo numérique</Text>
	<Text name="msg_digitalcamera_id">Appareil photo numérique (%1)</Text>
	<Text name="msg_walkman">ATRAC Audio Device</Text>
	<Text name="msg_walkman_id">ATRAC Audio Device (%1)</Text>
	<Text name="msg_cancel">Annuler</Text>
	<Text name="msg_ok">O.K.</Text>
	<Text name="msg_fix">O.K.</Text>
	<Text name="msg_yes">Oui</Text>
	<Text name="msg_no">Non</Text>
	<Text name="msg_on">Oui</Text>
	<Text name="msg_off">Non</Text>
	<Text name="msg_nrml">Normal</Text>
	<Text name="msg_normal">Normal</Text>
	<Text name="msg_plus1">+1</Text>
	<Text name="msg_plus2">+2</Text>
	<Text name="msg_plus3">+3</Text>
	<Text name="msg_plus4">+4</Text>
	<Text name="msg_minus1">-1</Text>
	<Text name="msg_minus2">-2</Text>
	<Text name="msg_minus3">-3</Text>
	<Text name="msg_minus4">-4</Text>
	<Text name="msg_1">1</Text>
	<Text name="msg_2">2</Text>
	<Text name="msg_3">3</Text>
	<Text name="msg_4">4</Text>
	<Text name="msg_5">5</Text>
	<Text name="msg_percent">%1%%</Text>
	<Text name="msg_image_count_value">%1 image</Text>
	<Text name="msg_images_count_value">%1 images</Text>
	<Text name="msg_track_count_value">%1 piste</Text>
	<Text name="msg_tracks_count_value">%1 pistes</Text>
	<Text name="msg_title_count_value">%1 titre</Text>
	<Text name="msg_titles_count_value">%1 titres</Text>
	<Text name="msg_savedata_count_value">%1 sauvegarde</Text>
	<Text name="msg_savedatas_count_value">%1 sauvegardes</Text>
	<Text name="msg_time_num1">%1:%2:%3</Text>
	<Text name="msg_time_num2">%1:%2'%3''</Text>
	<Text name="msg_time_num3">%1'%2''</Text>
	<Text name="msg_datetime_num1">%1/%2/%3  %4:%5</Text>
	<Text name="msg_am">AM</Text>
	<Text name="msg_pm">PM</Text>
	<Text name="msg_time_hour_num2">%1:%2'</Text>
	<Text name="msg_day_plural">%1 jours</Text>
	<Text name="msg_sort">Trier par</Text>
	<Text name="msg_importeddate_f">Date d'import ▲</Text>
	<Text name="msg_importeddate_r">Date d'import ▼</Text>
	<Text name="msg_shootdate_f">Année de parution ▲</Text>
	<Text name="msg_shootdate_r">Année de parution ▼</Text>
	<Text name="msg_sale_year_f">Année de sortie ▲</Text>
	<Text name="msg_sale_year_r">Année de sortie ▼</Text>
	<Text name="msg_created_date_time_f">Date de création ▲</Text>
	<Text name="msg_created_date_time_r">Date de création ▼</Text>
	<Text name="msg_updated_date_f">Date de mise à jour ▲</Text>
	<Text name="msg_updated_date_r">Date de mise à jour ▼</Text>
	<Text name="msg_format_f">Format</Text>
	<Text name="msg_imagename_f">Nom d'image</Text>
	<Text name="msg_albumname_f">Nom d'album</Text>
	<Text name="msg_genre_f">Nom de genre</Text>
	<Text name="msg_artist_f">Nom d'artiste</Text>
	<Text name="msg_track_f">Nom de piste</Text>
	<Text name="msg_title_f">Nom du titre</Text>
	<Text name="msg_subtitle_f">Sous-titre</Text>
	<Text name="msg_start_date_f">Récemment lu(s)</Text>
	<Text name="msg_folder_class">Grouper contenus</Text>
	<Text name="msg_all">Tout</Text>
	<Text name="msg_year_folder">Par année</Text>
	<Text name="msg_month_folder">Par mois</Text>
	<Text name="msg_album_folder">Par album</Text>
	<Text name="msg_genre_folder">Par genre</Text>
	<Text name="msg_artist_folder">Par artiste</Text>
	<Text name="msg_sale_year_folder">Par Année de sortie</Text>
	<Text name="msg_track_folder">Par piste</Text>
	<Text name="msg_title_folder">Par titre</Text>
	<Text name="msg_format_folder">Par format</Text>
	<Text name="msg_copy">Copier</Text>
	<Text name="msg_copy_plural">Copie multiple</Text>
	<Text name="msg_del">Supprimer</Text>
	<Text name="msg_del_plural">Suppression multiple</Text>
	<Text name="msg_slideshow">Diaporama</Text>
	<Text name="msg_display_all">Afficher tout</Text>
	<Text name="msg_cddbdata_get">Obtenir informations sur le CD</Text>
	<Text name="msg_import">Importer</Text>
	<Text name="msg_titlelist">Liste de titres</Text>
	<Text name="msg_play">Lire</Text>
	<Text name="msg_play_begin">Lire depuis le début</Text>
	<Text name="msg_smove">Déplacer</Text>
	<Text name="msg_disc_eject">Retirer le disque</Text>
	<Text name="msg_info">Informations</Text>
	<Text name="msg_repeat">Répétition</Text>
	<Text name="msg_shuffle">Lecture aléatoire</Text>
	<Text name="msg_pause">Pause</Text>
	<Text name="msg_display">Visualiser</Text>
	<Text name="msg_volume_control">Contrôle du volume</Text>
	<Text name="msg_plus">+</Text>
	<Text name="msg_minus">-</Text>
	<Text name="msg_slideshow_with_icon">Diaporama </Text>
	<Text name="msg_fix_with_icon">O.K. </Text>
	<Text name="msg_folder_class_with_icon">Grouper contenus </Text>
	<Text name="msg_option_with_icon"> : Options</Text>
	<Text name="msg_help_start"> : Démarrer</Text>
	<Text name="msg_copy_psplus_with_icon">Copier </Text>
	<Text name="msg_copy_plural_psplus_with_icon">Copie multiple </Text>
	<Text name="msg_savedata_auto_upload_psplus_with_icon">Téléchargement en amont automatique des données sauvegardées </Text>
	<Text name="msg_icon_start"></Text>
	<Text name="msg_info_none">-</Text>
	<Text name="msg_format">Format</Text>
	<Text name="msg_size">Taille</Text>
	<Text name="msg_space">Espace libre</Text>
	<Text name="msg_shoot_date">Année de parution</Text>
	<Text name="msg_updated_date">Mise à jour</Text>
	<Text name="msg_corrupted_data">Données endommagées</Text>
	<Text name="msg_unsupported_data">Données non compatibles</Text>
	<Text name="msg_folder">Dossier</Text>
	<Text name="msg_resolution">Résolution</Text>
	<Text name="msg_multiply">%1 x %2</Text>
	<Text name="msg_image">Image</Text>
	<Text name="msg_image_count">Images</Text>
	<Text name="msg_camera">Périphérique de tournage</Text>
	<Text name="msg_album">Album</Text>
	<Text name="msg_genre">Genre</Text>
	<Text name="msg_artist">Artiste</Text>
	<Text name="msg_imported_size">Taille après import</Text>
	<Text name="msg_size_counting">Calcul en cours...</Text>
	<Text name="msg_sale_year">Sortie</Text>
	<Text name="msg_play_time">Durée</Text>
	<Text name="msg_comment">Commentaire</Text>
	<Text name="msg_samplingfrequency">Fréquence d'échantillonnage</Text>
	<Text name="msg_disc_number">Numéro de disque</Text>
	<Text name="msg_track_count">Pistes</Text>
	<Text name="msg_track_number">Numéro de piste</Text>
	<Text name="msg_track">Piste</Text>
	<Text name="msg_bpm">BPM</Text>
	<Text name="msg_codec">Codec</Text>
	<Text name="msg_lastplay_datetime">Derniere lecture</Text>
	<Text name="msg_ch">Canal</Text>
	<Text name="msg_various_artists">Compilation</Text>
	<Text name="msg_imported_date">Date import</Text>
	<Text name="msg_created_date">Année de parution</Text>
	<Text name="msg_start_date">Début</Text>
	<Text name="msg_expiration_date">Expiration</Text>
	<Text name="msg_remaining_time">Heures restantes</Text>
	<Text name="msg_play_count">Compteur</Text>
	<Text name="msg_file_number">Numéro de fichier</Text>
	<Text name="msg_title">Titre</Text>
	<Text name="msg_subtitle">Sous-titre</Text>
	<Text name="msg_disc_type">Type disque</Text>
	<Text name="msg_disc_protect">Verrouillage du mot de passe</Text>
	<Text name="msg_title_count">Titres</Text>
	<Text name="msg_video_codec">Codec vidéo</Text>
	<Text name="msg_audio_codec">Codec audio</Text>
	<Text name="msg_file_type">Type de fichier</Text>
	<Text name="msg_mediaserver">Serveur multimédia</Text>
	<Text name="msg_dlna_date_time">Date et heure</Text>
	<Text name="msg_produced_date">Produit le</Text>
	<Text name="msg_info_valid_from">Début</Text>
	<Text name="msg_info_valid_to">Expiration</Text>
	<Text name="msg_magicgate">MagicGate™</Text>
	<Text name="msg_mg_supported">Compatible</Text>
	<Text name="msg_mg_not_supported">Non compatible</Text>
	<Text name="msg_info_unknown">Inconnu</Text>
	<Text name="msg_savedata_count">Sauvegardes</Text>
	<Text name="msg_model">Modèle</Text>
	<Text name="msg_can_play_only_for_variable_hours">(Notez que le contenu ne peurra être lu à nouveau que dans une période de %1 heures suivant sa lecture initiale.)</Text>
	<Text name="msg_can_play_only_for_variable_hours_game">(Notez que le contenu ne pourra être lu à nouveau que dans une période de %1 minutes suivant sa lecture initiale.)</Text>
	<Text name="msg_video_description">Description</Text>
	<Text name="msg_copyright">Informations sur les droits d'auteur</Text>
	<Text name="msg_owner">Acheteur</Text>
	<Text name="msg_all_use_content_delete_cannot_use">Ce contenu peut être utilisé par des utilisateurs autres que les acheteurs du contenu. Toutefois, si tous les acheteurs sont effacés, le contenu ne pourra plus être utilisé.</Text>
	<Text name="msg_need_save_psn_pw_other_owner_use_content">Ce contenu peut être utilisé par des utilisateurs autres que les acheteurs du contenu. Cependant, le mot de passe Sony Entertainment Network de l'acheteur doit être sauvegardé sur le système pour rendre le contenu utilisable par d'autres utilisateurs.</Text>
	<Text name="msg_jpeg">JPEG</Text>
	<Text name="msg_gif">GIF</Text>
	<Text name="msg_png">PNG</Text>
	<Text name="msg_tiff">TIFF</Text>
	<Text name="msg_bmp">BMP</Text>
	<Text name="msg_mpo">MPO (MP Format)</Text>
	<Text name="msg_aac_kbps">AAC %1 kbps</Text>
	<Text name="msg_mp3_kpbs">MP3 %1 kbps</Text>
	<Text name="msg_atrac_kbps">ATRAC %1 kbps</Text>
	<Text name="msg_wma_kbps">WMA %1 kbps</Text>
	<Text name="msg_lpcm_bit_ch">PCM linéaire  %1 bit  %2 can.</Text>
	<Text name="msg_non_lpcm">Non-linear PCM %1 kbps</Text>
	<Text name="msg_dsd_ch">DSD %1 can.</Text>
	<Text name="msg_dolby">Dolby Digital</Text>
	<Text name="msg_mpeg1">MPEG-1</Text>
	<Text name="msg_mpeg2">MPEG-2</Text>
	<Text name="msg_mpeg2_ts">MPEG-2 TS</Text>
	<Text name="msg_mpeg4">MPEG-4</Text>
	<Text name="msg_mpeg_layer1">MPEG Layer 1</Text>
	<Text name="msg_mpeg_layer2">MPEG Layer 2</Text>
	<Text name="msg_mpeg_layer3">MPEG Layer 3</Text>
	<Text name="msg_avc">AVC</Text>
	<Text name="msg_motion_jpeg">Motion JPEG</Text>
	<Text name="msg_divx">DivX®</Text>
	<Text name="msg_wmv">VC-1 (WMV)</Text>
	<Text name="msg_mpeg1_mbps">MPEG-1 %1 Mbps</Text>
	<Text name="msg_mpeg2_mbps">MPEG-2 %1 Mbps</Text>
	<Text name="msg_mpeg2_ts_mbps">MPEG-2 TS %1 Mbps</Text>
	<Text name="msg_mpeg4_mbps">MPEG-4 %1 Mbps</Text>
	<Text name="msg_avc_kbps">AVC %1 kbps</Text>
	<Text name="msg_khz">%1 kHz</Text>
	<Text name="msg_kbps">%1 kbps</Text>
	<Text name="msg_mbps">%1 Mbps</Text>
	<Text name="msg_ch_2">2 can.</Text>
	<Text name="msg_multi_ch">Multi-canaux</Text>
	<Text name="msg_power_off_console">Eteindre le système</Text>
	<Text name="msg_turnoff_system_ask">Voulez-vous éteindre le système ?</Text>
	<Text name="msg_after_background_download_auto_turn_off">Éteindre le système automatiquement après le téléchargement en tâche de fond</Text>
	<Text name="msg_slot_assign">Affecter fentes</Text>
	<Text name="msg_slot1">Fente 1</Text>
	<Text name="msg_slot2">Fente 2</Text>
	<Text name="msg_eject">Retirer</Text>
	<Text name="msg_user_name">Nom d'utilisateur</Text>
	<Text name="msg_need_quit_to_operate_ask">Pour effectuer cette opération, vous devez fermer [%1].
Voulez-vous fermer le logiciel maintenant ?</Text>
	<Text name="msg_error_hdd_full_perform_operation">Espace libre insuffisant sur le stockage système.
Afin de procéder à cette opération, au moins %1 d'espace libre supplémentaire est nécessaire.</Text>
	<Text name="msg_content_already_copied">Ce contenu a peut être déjà été copié.</Text>
	<Text name="msg_save_newly">Enregistrer nouveau(elle)</Text>
	<Text name="msg_original_content">Contenu existant</Text>
	<Text name="msg_new_content">Nouveau contenu</Text>
	<Text name="msg_save_destination_select">Sélectionner la destination.</Text>
	<Text name="msg_error_no_storagemedia">Connectez le support de stockage à la destination de sauvegarde.</Text>
	<Text name="msg_ps3_photo">Stockage système (Photo)</Text>
	<Text name="msg_ps3_video">Stockage système (Vidéo)</Text>
	<Text name="msg_ps3_music">Stockage système (Musique)</Text>
	<Text name="msg_folder_name">Nom de dossier</Text>
	<Text name="msg_same_name_file">Un fichier du même nom existe déjà dans la destination de sauvegarde.</Text>
	<Text name="msg_different_name_save">Renommer et sauvegarder</Text>
	<Text name="msg_overwrite_save">Ecraser et sauvegarder</Text>
	<Text name="msg_save_no">Ne pas sauvegarder</Text>
	<Text name="msg_save_yes">Sauvegarder</Text>
	<Text name="msg_apply_all">Cocher tout</Text>
	<Text name="msg_select_all">Sélectionner tout</Text>
	<Text name="msg_deselect_all">Décocher tout</Text>
	<Text name="msg_copying">Copie en cours...
Merci de patienter.</Text>
	<Text name="msg_copied">Copie terminée.</Text>
	<Text name="msg_copy_incomplete_ms_ask">Espace libre insuffisant sur le Memory Stick™. Il est possible que la copie ne puisse s'effectuer correctement.
Voulez-vous continuer ?</Text>
	<Text name="msg_copy_incomplete_sd_ask">Espace libre insuffisant sur la SD Memory Card. Il est possible que la copie ne puisse s'effectuer correctement.
Voulez-vous continuer ?</Text>
	<Text name="msg_copy_incomplete_cf_ask">Espace libre insuffisant sur la CompactFlash®. Il est possible que la copie ne puisse s'effectuer correctement.
Voulez-vous continuer ?</Text>
	<Text name="msg_copy_incomplete_usb_ask">Espace libre insuffisant sur le périphérique USB. Il est possible que la copie ne puisse s'effectuer correctement.
Voulez-vous continuer ?</Text>
	<Text name="msg_copy_incomplete_hdd_ask">Espace libre insuffisant sur le stockage système. Il est possible que la copie ne puisse s'effectuer correctement.
Voulez-vous continuer ?</Text>
	<Text name="msg_copy_incomplete">Pas assez d'espace libre. Echec de la copie.</Text>
	<Text name="msg_completed_count">Terminé</Text>
	<Text name="msg_copy_cancel_ask">Voulez-vous annuler la copie ?</Text>
	<Text name="msg_error_content_over_copy">Le nombre maximum d'éléments de contenu pouvant être sauvegardés a été atteint. Echec de la copie.</Text>
	<Text name="msg_copied_delete_content_saved_ps3_ask">Copie terminée.
Voulez-vous supprimer le contenu sauvegardé sur le système PS3™ ?</Text>
	<Text name="msg_sure_to_delete_ask">Voulez-vous vraiment supprimer ceci ?</Text>
	<Text name="msg_deleting">Suppression en cours...
Merci de patienter.</Text>
	<Text name="msg_deleted">Suppression terminée.</Text>
	<Text name="msg_cannot_delete_folder_on_this_system">Le dossier ne peut pas être effacé sur ce système.</Text>
	<Text name="msg_change_upfolder">Déplacer vers dossier supérieur</Text>
	<Text name="msg_create_newfolder">Créer nouveau dossier</Text>
	<Text name="msg_folder_name_new">Nouveau dossier %1</Text>
	<Text name="msg_error_no_folder">Aucun dossier.</Text>
	<Text name="msg_wait">Merci de patienter...</Text>
	<Text name="msg_error">Une erreur est survenue.</Text>
	<Text name="msg_error_corrupted_data">Les données sont endommagées.</Text>
	<Text name="msg_error_unsupported_data">Le type de données n'est pas compatible.</Text>
	<Text name="msg_error_copy">Une erreur est survenue lors de la copie.</Text>
	<Text name="msg_error_del">Une erreur est survenue lors de la suppression.</Text>
	<Text name="msg_error_no_name">Aucun nom saisi.
Saisir un nom avec au moins 1 caractère.</Text>
	<Text name="msg_error_ms_full">Espace libre insuffisant sur le Memory Stick™.</Text>
	<Text name="msg_error_ms_locked">Le Memory Stick™ est verrouillé.</Text>
	<Text name="msg_error_ms_no_access">Accès au Memory Stick™ impossible.</Text>
	<Text name="msg_error_ms_no_read">Lecture du Memory Stick™ impossible.</Text>
	<Text name="msg_error_no_ms">Aucun Memory Stick™ inséré.</Text>
	<Text name="msg_error_sd_full">Espace libre insuffisant sur la SD Memory Card.</Text>
	<Text name="msg_error_sd_locked">La SD Memory Card est verrouillée.</Text>
	<Text name="msg_error_sd_no_access">Accès à la SD Memory Card impossible.</Text>
	<Text name="msg_error_sd_no_read">Lecture de la SD Memory Card impossible.</Text>
	<Text name="msg_error_no_sd">Aucune SD Memory Card insérée.</Text>
	<Text name="msg_error_cf_full">Espace libre insuffisant sur la CompactFlash®.</Text>
	<Text name="msg_error_cf_locked">La CompactFlash® est verrouillée.</Text>
	<Text name="msg_error_cf_no_access">Accès à la CompactFlash® impossible.</Text>
	<Text name="msg_error_cf_no_read">Lecture de la CompactFlash® impossible.</Text>
	<Text name="msg_error_no_cf">Aucune CompactFlash® insérée.</Text>
	<Text name="msg_error_usb_full">Espace libre insuffisant sur le périphérique USB.</Text>
	<Text name="msg_error_usb_locked">Le périphérique USB est verrouillé.</Text>
	<Text name="msg_error_usb_no_access">Accès au périphérique USB impossible.</Text>
	<Text name="msg_error_usb_no_read">Lecture du périphérique USB impossible.</Text>
	<Text name="msg_error_no_usb">Aucun périphérique USB inséré.</Text>
	<Text name="msg_error_hdd_full">Espace libre insuffisant sur le stockage système.</Text>
	<Text name="msg_error_hdd_no_access">Accès au stockage système impossible.</Text>
	<Text name="msg_error_no_signin">Vous devez vous connecter à PlayStation®Network.</Text>
	<Text name="msg_error_no_signup">Vous devez vous inscrire à Sony Entertainment Network.</Text>
	<Text name="msg_icon_image_select">Sélectionner une image à utiliser comme icône.</Text>
	<Text name="msg_icon_change_albumtrack_ask1">Les icônes pour toutes les pistes de l'album vont être changées.
Voulez-vous continuer ?</Text>
	<Text name="msg_cannot_display_all_mediaserver">Il y a trop de serveurs multimédia.
Certains d'entre eux ne seront pas affichés.</Text>
	<Text name="msg_scan_mediaserver">Recherche de serveurs multimédia</Text>
	<Text name="msg_not_allowed_access_confirm_pls">L'accès au serveur multimédia n'est pas autorisé. Il est possible que le nom de système de ce système PS3™, "%1", n'ait pas été enregistré.
Vérifier les paramètres de ce serveur multimédia.</Text>
	<Text name="msg_playlists">Listes de lecture</Text>
	<Text name="msg_playlist_pane">Liste de lecture</Text>
	<Text name="msg_create_new_playlist">Créer une nouvelle liste de lecture</Text>
	<Text name="msg_to_add_content_playlist_select_edit">Pour ajouter du contenu à cette liste de lecture, sélectionnez [Modifier] à partir du menu des options.</Text>
	<Text name="msg_error_cannot_edit_playlist_no_track">Aucune piste disponible sur le stockage système. La liste de lecture ne peut pas être modifiée.</Text>
	<Text name="msg_error_cannot_edit_playlist_no_image">Aucune image disponible sur le stockage système. La liste de lecture ne peut pas être modifiée.</Text>
	<Text name="msg_error_same_name_cannot_use">Ce nom est déjà utilisé.
Tapez-en un autre.</Text>
	<Text name="msg_error_no_content">Aucun élément de contenu.</Text>
	<Text name="msg_add_to_playlist">Ajouter à la liste de lecture</Text>
	<Text name="msg_add_playlist">Ajouter</Text>
	<Text name="msg_add_all_playlist">Tout ajouter</Text>
	<Text name="msg_delete_playlist_ask">La liste de lecture va être supprimée.
Voulez-vous vraiment continuer ?</Text>
	<Text name="msg_error_startdate_video">Le contenu n'est pas disponible avant la date de début.</Text>
	<Text name="msg_error_expired_video">Le contenu a expiré et n'est plus disponible.</Text>
	<Text name="msg_info_no_time_limit">Aucune limite de temps</Text>
	<Text name="msg_info__expired">A expiré</Text>
	<Text name="msg_expires_on_variable">Expiration %1</Text>
	<Text name="msg_error_timelimited_video"><![CDATA[Ce contenu a une durée limitée.
Pour réaliser cette opération, aller à [Paramètres] > [Paramètres date et heure] > [Date et heure], et sélectionner [Configuration par Internet] pour définir l'heure et la date.]]></Text>
	<Text name="msg_can_play_variable_first_play_now_ask">Ce contenu ne peut être lu que pendant %1 heure(s) suivant sa lecture initiale.
Voulez-vous le lire maintenant ?</Text>
	<Text name="msg_del_content_cannot_dl_again_conf_psn">Le contenu va être supprimé et ne pourra pas être téléchargé à nouveau.
Voulez-vous vraiment continuer ?</Text>
	<Text name="msg_to_enable_setting_enable_auto_login">Les modifications que vous avez apportées ont désactivé les paramètres suivants.
%1

Pour les réactiver, vous devez activer la connexion automatique pour un utilisateur sous [Utilisateurs]. Pour des détails sur les paramètres de l'option de connexion automatique, consultez le mode d'emploi en ligne.</Text>
	<Text name="msg_to_enable_setting_enable_auto_signin">Les modifications que vous avez apportées ont désactivé les paramètres suivants.
%1

Pour les réactiver, vous devez activer la connexion automatique à PlayStation®Network. Pour des détails sur les paramètres de l'option de connexion automatique, consultez le mode d'emploi en ligne.</Text>
	<Text name="msg_remoteplay_remote_start"><![CDATA[[Paramètres] > [Paramètres de lecture à distance] > [Démarrage à distance]]]></Text>
	<Text name="msg_console_setting_auto_download"><![CDATA[[Paramètres] > [Paramètres système] > [Mise à jour automatique]]]></Text>
	<Text name="msg_lang_japan">Japonais</Text>
	<Text name="msg_lang_english">Anglais</Text>
	<Text name="msg_lang_french">Français</Text>
	<Text name="msg_lang_spanish">Espagnol</Text>
	<Text name="msg_lang_german">Allemand</Text>
	<Text name="msg_lang_italian">Italien</Text>
	<Text name="msg_lang_dutch">Néerlandais</Text>
	<Text name="msg_lang_portuguese">Portugais</Text>
	<Text name="msg_lang_russian">Russe</Text>
	<Text name="msg_lang_polish">Polonais</Text>
	<Text name="msg_lang_finnish">Finnois</Text>
	<Text name="msg_lang_danish">Danois</Text>
	<Text name="msg_lang_norwegian">Norvégien</Text>
	<Text name="msg_lang_swedish">Suédois</Text>
	<Text name="msg_lang_turkish">Turc</Text>
	<Text name="msg_lang_korean">Coréen</Text>
	<Text name="msg_lang_chinese_t">Chinois traditionnel</Text>
	<Text name="msg_lang_chinese_s">Chinois simplifié</Text>
	<Text name="msg_lpcm">PCM linéaire</Text>
	<Text name="msg_display_on">Afficher</Text>
	<Text name="msg_display_off">Ne pas afficher</Text>
	<Text name="msg_macaddress">Adresse MAC</Text>
	<Text name="msg_ipaddress">Adresse IP</Text>
	<Text name="msg_atrac_not_activated_set_pls"><![CDATA[ATRAC n'est pas activé.
Aller à [Paramètres] > [Paramètres système] et activer ATRAC.]]></Text>
	<Text name="msg_backup">Sauvegarder</Text>
	<Text name="msg_restore">Restaurer</Text>
	<Text name="msg_audio_device_setting">Paramètres périphériques audio</Text>
	<Text name="msg_print">Imprimer</Text>
	<Text name="msg_manufacturer">Fabricant</Text>
	<Text name="msg_10min">Après 10 minutes</Text>
	<Text name="msg_20min">Après 20 minutes</Text>
	<Text name="msg_30min">Après 30 minutes</Text>
	<Text name="msg_remain_time">Temps restant</Text>
	<Text name="msg_others">Autres</Text>
	<Text name="msg_level_1">Niveau 1</Text>
	<Text name="msg_level_2">Niveau 2</Text>
	<Text name="msg_level_3">Niveau 3</Text>
	<Text name="msg_level_4">Niveau 4</Text>
	<Text name="msg_level_5">Niveau 5</Text>
	<Text name="msg_level_6">Niveau 6</Text>
	<Text name="msg_level_7">Niveau 7</Text>
	<Text name="msg_level_8">Niveau 8</Text>
	<Text name="msg_level_9">Niveau 9</Text>
	<Text name="msg_level_10">Niveau 10</Text>
	<Text name="msg_level_11">Niveau 11</Text>
	<Text name="msg_gameetc_pc">Contrôle parental</Text>
	<Text name="msg_netservice">PlayStation®Network</Text>
	<Text name="msg_error_server_connect_timeout">Temps de connexion au serveur écoulé.</Text>
	<Text name="msg_cannot_operate_in_demonstration_mode">Cette opération ne peut pas être effectuée en mode Démo.</Text>
	<Text name="msg_tool_install_file"><![CDATA[★ Install Package Files]]></Text>
	<Text name="msg_tool_app_home_ps3_game"><![CDATA[★ /app_home/PS3_GAME/]]></Text>
	<Text name="msg_tool_title_store_preview">Title Store Preview</Text>
	<Text name="msg_tool_title_store_preview_ingame"><![CDATA[★ Title Store Preview (inGame)]]></Text>
	<Text name="msg_tool_title_store_preview_store"><![CDATA[★ Title Store Preview (Store)]]></Text>
	<Text name="msg_tool_lock"><![CDATA[★ Lock]]></Text>
	<Text name="msg_tool_unlock"><![CDATA[★ Unlock]]></Text>
	<Text name="msg_tool_check"><![CDATA[★ Check]]></Text>
	<Text name="msg_tool_cancel_purchase"><![CDATA[★ Cancel Purchase]]></Text>
	<Text name="msg_tool_del"><![CDATA[★ Delete]]></Text>
	<Text name="msg_tool_import"><![CDATA[★ Import]]></Text>
	<Text name="msg_tool_export"><![CDATA[★ Export]]></Text>
	<Text name="msg_tool_quick_sign_up"><![CDATA[★ Quick Sign Up]]></Text>
	<Text name="msg_tool_performance_bar"><![CDATA[★ Performance Bar]]></Text>
	<Text name="msg_tool_no_memory_limit"><![CDATA[★ No Memory Limit]]></Text>
	<Text name="msg_tool_quick_preview"><![CDATA[★ Quick Preview]]></Text>
	<Text name="msg_tool_owner_info"><![CDATA[★ Owner Information]]></Text>
	<Text name="msg_no_trophy">Aucun trophée.</Text>
	<Text name="msg_bdu_software">Software</Text>
	<Text name="msg_digitalcamera_image">Images numériques</Text>
	<Text name="msg_del_image_ask">L'image va être supprimée.
Voulez-vous vraiment continuer ?</Text>
	<Text name="msg_del_images_ask">Les images sélectionnées vont être supprimées.
Voulez-vous vraiment continuer ?</Text>
	<Text name="msg_del_camerafolder_ask">Le dossier et toutes les images qu'il contient, y compris les images protégées, vont être supprimés.
Voulez-vous vraiment continuer ?</Text>
	<Text name="msg_del_image_protected_ask">L'image est protégée.
Voulez-vous vraiment supprimer l'image ?</Text>
	<Text name="msg_del_imagefolder_ask">Le dossier et toutes les images qu'il contient vont être supprimés.
Voulez-vous vraiment continuer ?</Text>
	<Text name="msg_error_del_imagefolder">Echec de la suppression.
Le dossier contient des données de type autre que des images.</Text>
	<Text name="msg_del_image_select">Sélectionner les images à supprimer.</Text>
	<Text name="msg_copy_image_select">Sélectionner les images à copier.</Text>
	<Text name="msg_error_no_image_copy">Aucune image disponible à la copie.</Text>
	<Text name="msg_error_no_image">Il n'y a pas d'images.</Text>
	<Text name="msg_mmyyyy_jan">Janv. %1</Text>
	<Text name="msg_mmyyyy_feb">Févr. %1</Text>
	<Text name="msg_mmyyyy_mar">Mars %1</Text>
	<Text name="msg_mmyyyy_apr">Avr. %1</Text>
	<Text name="msg_mmyyyy_may">Mai %1</Text>
	<Text name="msg_mmyyyy_jun">Juin %1</Text>
	<Text name="msg_mmyyyy_jul">Juil. %1</Text>
	<Text name="msg_mmyyyy_aug">Août %1</Text>
	<Text name="msg_mmyyyy_sep">Sept. %1</Text>
	<Text name="msg_mmyyyy_oct">Oct. %1</Text>
	<Text name="msg_mmyyyy_nov">Nov. %1</Text>
	<Text name="msg_mmyyyy_dec">Déc. %1</Text>
	<Text name="msg_yyyy">%1</Text>
	<Text name="msg_slideshow_type1">Diapositive</Text>
	<Text name="msg_slideshow_type2">Portrait</Text>
	<Text name="msg_slideshow_type3">Album photo</Text>
	<Text name="msg_slideshow_type4">Album photo 2</Text>
	<Text name="msg_piccto_explanation">Créez un espace pour stocker vos photos et les améliorer.
Créez des albums avec les photos stockées dans votre système PS3™ en quelques minutes.
Vous pouvez trier vos photos par thème, ajouter de la musique à un diaporama ou des cadres personnalisés à vos photos. Plus vous ajouterez de photos, plus vous vous amuserez. Le nombre de possibilités est infini !</Text>
	<Text name="msg_piccto_explanation_sd">Créez un espace pour stocker vos photos et les améliorer.
Créez des albums avec les photos stockées dans votre système PS3™ en quelques minutes.</Text>
	<Text name="msg_cddbdata_getting">Obtention des informations sur le CD en cours...
Merci de patienter.</Text>
	<Text name="msg_cddbdata_pluralfound_select">Plusieurs informations sur le CD ont été trouvées.
Sélectionner l'élément d'information sur le CD le plus approprié.</Text>
	<Text name="msg_cddbdata_send">Envoyer les informations sur le CD</Text>
	<Text name="msg_cddbdata_sending">Envoi des informations sur le CD en cours...
Merci de patienter.</Text>
	<Text name="msg_select_import">Importation multiple</Text>
	<Text name="msg_select_import_pls">Sélectionner les pistes à importer.</Text>
	<Text name="msg_copy_track_select">Sélectionner les pistes à copier.</Text>
	<Text name="msg_del_track_protected_ask">Cette piste est protégée.
Voulez-vous vraiment supprimer la piste ?</Text>
	<Text name="msg_del_folder_track_protected_ask">Le dossier et toutes les pistes qu'il contient, y compris les pistes protégées, seront supprimés.
Voulez-vous vraiment continuer ?</Text>
	<Text name="msg_cannot_copy_protected_truck">Les pistes protégées par droits d'auteur ne seront pas copiées.</Text>
	<Text name="msg_copied_except_copyright_protected_track">Copie terminée.
Les pistes protégées par droits d'auteur n'ont pas été copiées.</Text>
	<Text name="msg_del_track_select">Sélectionner les pistes à supprimer.</Text>
	<Text name="msg_del_track_ask">Voulez-vous vraiment supprimer la piste ?</Text>
	<Text name="msg_del_tracks_ask">Voulez-vous vraiment supprimer les pistes sélectionnées ?</Text>
	<Text name="msg_del_trackfolder_ask">Le dossier et toutes les pistes qu'il contient vont être supprimés.
Voulez-vous vraiment continuer ?</Text>
	<Text name="msg_error_del_trackfolder_different">Suppression du dossier impossible.
Le dossier contient des données de type autre que musical.</Text>
	<Text name="msg_importing">Import en cours...
Merci de patienter.</Text>
	<Text name="msg_import_cancel_ask">Voulez-vous annuler l'import ?</Text>
	<Text name="msg_imported">Import terminé.</Text>
	<Text name="msg_error_import">Une erreur est survenue lors de l'import.</Text>
	<Text name="msg_error_track_over">Le nombre maximum de pistes pouvant être sauvegardées a été atteint.
Arrêt de l'import.</Text>
	<Text name="msg_error_no_trackfolder_copy">Aucune piste disponible à la copie.</Text>
	<Text name="msg_error_copyright_track">Les informations de protection des droits d'auteur ne sont pas valides.</Text>
	<Text name="msg_changedinfo_save_music_ask">Voulez-vous sauvegarder les modifications ?
Le contenu modifié va être appliqué à toutes les pistes du dossier.</Text>
	<Text name="msg_error_no_track">Aucune piste présente.</Text>
	<Text name="msg_error_no_nexttrack">Aucune piste disponible.</Text>
	<Text name="msg_error_no_prevtrack">Aucune piste disponible.</Text>
	<Text name="msg_track_number_value">%1 piste</Text>
	<Text name="msg_digitalcamera_video">Vidéos numériques</Text>
	<Text name="msg_psstore_video_offline_explanation_sd">PlayStation®Store, la source exclusive pour louer ou acheter les derniers films compatibles avec vos systèmes PS3™, PS Vita ou PSP™.
Visitez PlayStation®Store dès aujourd'hui.</Text>
	<Text name="msg_psstore_video_offline_explanation_hd">PlayStation®Store, la source exclusive pour louer ou acheter les derniers films compatibles avec vos systèmes PS3™, PS Vita ou PSP™.
Visitez PlayStation®Store dès aujourd'hui.</Text>
	<Text name="msg_error_no_title">Aucun titre présent.</Text>
	<Text name="msg_error_title_over">Le nombre maximum de titres pouvant être sauvegardés a été atteint.</Text>
	<Text name="msg_copy_title_select">Sélectionner les titres à copier.</Text>
	<Text name="msg_copy_titlefolder2">Les titres protégés ne seront pas copiés.</Text>
	<Text name="msg_error_no_title_copy">Aucun titre ne peut être copié.</Text>
	<Text name="msg_error_magicgate_device_required">Un périphérique USB compatible avec les fonctionnalités de protection des droits d'auteur est nécessaire pour effectuer cette opération.</Text>
	<Text name="msg_copied_except_copyright_protected_title">Copie terminée.
Les titres protégés par droits d'auteur n'ont pas été copiés.</Text>
	<Text name="msg_title_number_value">%1 titre</Text>
	<Text name="msg_smove_destination_select">Sélectionner une destination.</Text>
	<Text name="msg_smoving">Déplacement en cours...
Merci de patienter.</Text>
	<Text name="msg_smove_cancel_ask">Voulez-vous annuler le déplacement ?</Text>
	<Text name="msg_smoved">Déplacement terminé.</Text>
	<Text name="msg_error_smove">Une erreur est survenue lors du déplacement.</Text>
	<Text name="msg_error_move_mspro">Déplacement impossible.
Pour déplacer ce titre, il faut utiliser un Memory Stick PRO™.</Text>
	<Text name="msg_del_title_select">Sélectionner le titre à supprimer.</Text>
	<Text name="msg_del_title_ask">Le titre va être supprimé.
Voulez-vous vraiment continuer ?</Text>
	<Text name="msg_del_titles_ask">Le titre sélectionné va être supprimé.
Voulez-vous vraiment continuer ?</Text>
	<Text name="msg_del_titlefolder_ask">Le dossier et tous les titres qu'il contient vont être supprimés.
Voulez-vous vraiment continuer ?</Text>
	<Text name="msg_del_camerafolder_video_ask">Le dossier et tous les titres qu'il contient, y compris les titres protégés, vont être supprimés.
Voulez-vous vraiment continuer ?</Text>
	<Text name="msg_del_title_protected_ask">Ce titre est protégé.
Voulez-vous vraiment supprimer le titre ?</Text>
	<Text name="msg_error_del_movie_folder">Suppression du dossier impossible.
Le dossier contient des données de type autre que vidéo.</Text>
	<Text name="msg_error_smove_prohibit">Déplacement du titre impossible.</Text>
	<Text name="msg_corrupted_copyright">Les informations sur la protection des droits d'auteur sont endommagées et vont être restaurées.</Text>
	<Text name="msg_error_corrupted_copyright">Une erreur est survenue lors de la restitution des informations sur la protection des droits d'auteur.</Text>
	<Text name="msg_error_no_execute">Cette opération n'est pas disponible.</Text>
	<Text name="msg_video_editor_and_upload">Outil d'édition et de téléchargement en amont de vidéos</Text>
	<Text name="msg_video_editor_explanation">Vous pouvez modifier une vidéo qui vous plaît, la télécharger en amont sur un site de partage de vidéos, puis inviter vos amis à la regarder.</Text>
	<Text name="msg_create_new_video">Créer une nouvelle vidéo</Text>
	<Text name="msg_del_content_ask">Le contenu va être supprimé.
Voulez-vous vraiment continuer ?</Text>
	<Text name="msg_error_create_content_number_over">Le nombre maximum d'éléments de contenu pouvant être créés a été atteint.</Text>
	<Text name="msg_backup_data_utility">Utilitaire de sauvegarde des données</Text>
	<Text name="msg_bd_data_utility">Utilitaire des données de BD</Text>
	<Text name="msg_common_cache_data">Données de cache partagées</Text>
	<Text name="msg_bd_data_delete_ask">Les données de BD vont être supprimées.
Voulez-vous vraiment continuer ?</Text>
	<Text name="msg_service_coming_soon">Ce service sera bientôt disponible.</Text>
	<Text name="msg_service_app_install_folder">Mes chaînes</Text>
	<Text name="msg_vita_application_utility">Utilitaire des applications du système PS Vita</Text>
	<Text name="msg_applications_vita">Applications (PS Vita)</Text>
	<Text name="msg_applications_psp_other">Applications (PSP™/autres)</Text>
	<Text name="msg_applications_ps1">Applications (PS)</Text>
	<Text name="msg_applications_psm">Applications (PlayStation®Mobile)</Text>
	<Text name="msg_gamedata_utility">Utilitaire des données de jeu</Text>
	<Text name="msg_savedata_utility_ps3">Utilitaire des données sauvegardées (PS3™)</Text>
	<Text name="msg_savedata_utility_ps2">Utilitaire des données sauvegardées (PS2)</Text>
	<Text name="msg_savedata_utility_minis_psp">Utilitaire des données sauvegardées (minis/PSP™)</Text>
	<Text name="msg_savedata_utility_psp_emu_psp">Utilitaire des données sauvegardées (PSP™ Remaster/PSP™)</Text>
	<Text name="msg_savedata_utility_minis_psp_emu_psp">Utilitaire des données sauvegardées (minis/PSP™ Remaster/PSP™)</Text>
	<Text name="msg_memory_card_utility">Utilitaire de Memory Card</Text>
	<Text name="msg_content_pc">Contenu restreint par contrôle parental</Text>
	<Text name="msg_ps1_gamedisc">Disque au format PlayStation®</Text>
	<Text name="msg_ps2_gamedisc">Disque au format PlayStation®2</Text>
	<Text name="msg_ps2_format_software">Logiciel au format PlayStation®2</Text>
	<Text name="msg_playstation">PlayStation®</Text>
	<Text name="msg_playstation2">PlayStation®2</Text>
	<Text name="msg_playstation3">PlayStation®3</Text>
	<Text name="msg_minis">minis</Text>
	<Text name="msg_psp_emu">PSP™ Remaster</Text>
	<Text name="msg_pc_engine">PCEngine</Text>
	<Text name="msg_neogeo">NEOGEO</Text>
	<Text name="msg_cannot_start_unless_install_install_ask">Le jeu ne peut être copié à moins d'être installé sur le stockage système.
Voulez-vous commencer l'installation ?</Text>
	<Text name="msg_psstore_game_offline_explanation_sd">PlayStation®Store, c'est des jeux exclusifs à télécharger, des démos PS3™ GRATUITES, des packs d'expansion et des vidéos.

Découvrez PlayStation®Store dès aujourd'hui !</Text>
	<Text name="msg_psstore_game_offline_explanation_hd">Accessible GRATUITEMENT*, PlayStation®Store est le seul endroit où vous pouvez télécharger de nouveaux jeux PS3™ exclusifs, des démos jouables gratuites*, des packs d'expansion et des vidéos en haute définition.

Demandez-en plus pour votre PS3™ et découvrez PlayStation®Store dès aujourd'hui !

* Connexion Internet haut débit requise.</Text>
	<Text name="msg_disc_benefit">Avantages sur disque</Text>
	<Text name="msg_select_receive_disc_benefit">Sélectionnez cette option pour recevoir les avantages sur disque.</Text>
	<Text name="msg_only_for_psp_need_copy_ask">Vous pouvez utiliser ce contenu sur un système PSP™.
Copier le contenu sur un système PSP™ ?</Text>
	<Text name="msg_error_cannot_use_content_download_again_copy_can_use"><![CDATA[Ce contenu n'est pas utilisable.
Connectez-vous avec le compte utilisé pour l'achat de ce contenu, puis sélectionnez [Téléchargements] sous [PlayStation®Network] > [PlayStation®Store] pour télécharger à nouveau ce contenu.
Pour utiliser ce contenu, vous devez le télécharger et le copier sur un périphérique compatible.]]></Text>
	<Text name="msg_when_use_content_on_vita_hint">Si vous utilisez le contenu sur un système PS Vita, connectez le système PS Vita à l'aide d'un câble USB, puis lancez le [Gestionnaire de contenu] sur le système PS Vita.</Text>
	<Text name="msg_error_cannot_play_ps2_format">Ce modèle de système PS3™ n'est pas compatible avec les logiciels au format PlayStation®2.</Text>
	<Text name="msg_error_game_wrong_region">Démarrage du logiciel impossible en raison des restrictions de région.</Text>
	<Text name="msg_error_gamedisc_cannot_start">Démarrage du disque impossible.</Text>
	<Text name="msg_error_game_start_failure">Une erreur est survenue lors du démarrage.</Text>
	<Text name="msg_current_systemsoftware_update_ask">Le logiciel système du système PS3™ est la version %1.
Pour démarrer, il faut installer la version %2 ou plus.
Voulez-vous effectuer la mise à jour maintenant ?</Text>
	<Text name="msg_systemsoftware_update_ask">Une mise à jour sera nécessaire avant la prochaine utilisation.</Text>
	<Text name="msg_game_start">Démarrer</Text>
	<Text name="msg_about_game">A propos du jeu</Text>
	<Text name="msg_about_game_ps3_content">Library programs ©Sony Computer Entertainment Inc. Licensed for play on the PlayStation®3 Computer Entertainment System or authorized PlayStation®3 format systems. For full terms and conditions see the user's manual. This product is authorized and produced under license from Sony Computer Entertainment Inc. Use is subject to the copyright laws and the terms and conditions of the user's license.</Text>
	<Text name="msg_game_update_history">Historique de mise à jour</Text>
	<Text name="msg_purchase">Acheter</Text>
	<Text name="msg_savedata_auto_upload">Téléchargement en amont automatique des données sauvegardées</Text>
	<Text name="msg_installgame_delete_ask">Le jeu installé va être supprimé.
Voulez-vous vraiment continuer ?</Text>
	<Text name="msg_error_no_savedata">Pas de données sauvegardées.</Text>
	<Text name="msg_info_detail">Détails</Text>
	<Text name="msg_protection">Verrouillage</Text>
	<Text name="msg_copy_prohibited">Copie non autorisée</Text>
	<Text name="msg_error_history_auto_upload">Historique des erreurs (Téléchargement en amont automatique)</Text>
	<Text name="msg_online_storage">Stockage en ligne</Text>
	<Text name="msg_online_storage_explanation">Stockez des données sauvegardées en ligne.
Prolongez vos possibilités de jeu en téléchargeant vos données sauvegardées sur le système PS3™ d'un ami pour continuer votre partie, ou en effectuant une copie de sauvegarde de vos données en ligne.</Text>
	<Text name="msg_to_save_data_select_copy_option">Pour sauvegarder vos données grâce au stockage en ligne, sélectionnez les données à sauvegarder, puis choisissez l'option [Copier] dans le menu.</Text>
	<Text name="msg_save_data_copy_prohibited_upload_explanation">Le nombre de téléchargements de ces données sauvegardées depuis le stockage en ligne est limité.
Vous devrez patienter %1 heure(s) après votre dernier téléchargement ou téléchargement en amont depuis le stockage en ligne.
Vous pouvez télécharger des données en amont sur le stockage en ligne à tout moment.</Text>
	<Text name="msg_error_online_storage_full">Espace libre insuffisant dans le stockage en ligne.
Afin de procéder à la copie, au moins %1 d'espace supplémentaire sont nécessaires.</Text>
	<Text name="msg_error_save_data_copy_prohibited_download">Vous ne pouvez pas télécharger ces données sauvegardées pour le moment.
Vous ne pouvez télécharger qu'une fois toutes les %1 heure(s).

Prochain téléchargement possible :
%2</Text>
	<Text name="msg_vmc_ps1">Memory Card (PS) interne</Text>
	<Text name="msg_vmc_ps2">Memory Card (PS2) interne</Text>
	<Text name="msg_free_space_vmc_ps1">%1 / 120 KB</Text>
	<Text name="msg_free_space_vmc_ps2">%1 / 7998 KB</Text>
	<Text name="msg_category">Type</Text>
	<Text name="msg_savedata">Données sauvegardées</Text>
	<Text name="msg_savedata_ps1">Données sauvegardées (PlayStation®)</Text>
	<Text name="msg_savedata_ps2">Données sauvegardées (PlayStation®2)</Text>
	<Text name="msg_application_ps2">Logiciel (PlayStation®2)</Text>
	<Text name="msg_application_pocketstation">Logiciel (PocketStation™)</Text>
	<Text name="msg_setting_file_ps2">Fichier de paramètres (PlayStation®2)</Text>
	<Text name="msg_system_driver_ps2">Pilote système (PlayStation®2)</Text>
	<Text name="msg_unknown_data">Inconnu</Text>
	<Text name="msg_vmc">Memory Card interne</Text>
	<Text name="msg_error_no_vmc">Il n'y a pas de memory card interne.</Text>
	<Text name="msg_free_space_vmc_ps1_w_title">Espace libre : %1 / 120 KB</Text>
	<Text name="msg_free_space_vmc_ps2_w_title">Espace libre : %1 / 7998 KB</Text>
	<Text name="msg_pocketstation">PocketStation™</Text>
	<Text name="msg_created_date_time">Créé le</Text>
	<Text name="msg_error_mc_no_access">Accès à la Memory Card impossible.</Text>
	<Text name="msg_error_savedata_cannot_copy">Copie des données sauvegardées non autorisée.</Text>
	<Text name="msg_error_no_gamedata">Aucune donnée de jeu présente.</Text>
	<Text name="msg_update_quit_software_update">Les dernières données de mise à jour ont été trouvées.
Le système va quitter ce logiciel et démarrer l'installation.</Text>
	<Text name="msg_wait_donot_turn_off">Merci de patienter...
Ne pas éteindre le système.</Text>
	<Text name="msg_playmode">Mode de lecture</Text>
	<Text name="msg_play_track_select">Sélectionner la piste à lire.</Text>
	<Text name="msg_no_data">Aucune donnée.</Text>
	<Text name="msg_error_service_stop">Ce service est terminé.</Text>
	<Text name="msg_error_account_service">L'utilisation de ce service a été suspendue pour ce compte.</Text>
	<Text name="msg_browser">Navigateur Internet</Text>
	<Text name="msg_ps3_portal">PlayStation®Store</Text>
	<Text name="msg_psp_connection">Lecture à distance</Text>
	<Text name="msg_remoteplay_explanation"><![CDATA[Utilisez un périphérique compatible avec la fonctionnalité de lecture à distance (comme un système PS Vita ou un système PSP™) pour contrôler ce système à distance via un réseau. Allez dans [Paramètres] > [Paramètres de lecture à distance] > [Enregistrer le périphérique] et enregistrez le périphérique de lecture à distance.]]></Text>
	<Text name="msg_onlinemanual">Mode d'emploi en ligne</Text>
	<Text name="msg_file">Fichier</Text>
	<Text name="msg_open">Ouvrir</Text>
	<Text name="msg_internet_search">Recherche sur Internet</Text>
	<Text name="msg_download_cancel_ask">Voulez-vous annuler le téléchargement ?</Text>
	<Text name="msg_error_server_transaction_failure">Echec de la communication avec le serveur.</Text>
	<Text name="msg_no_file">Aucun fichier.</Text>
	<Text name="msg_content_not_support_remoteplay">Ce contenu ne peut pas être utilisé pendant la lecture à distance.</Text>
	<Text name="msg_error_cannot_operate_remoteplay">Cette opération ne peut pas être effectuée pendant la lecture à distance.</Text>
	<Text name="msg_error_cannot_start_can_play_follow_device">Démarrage impossible.
Vous pouvez lancer ce contenu seulement à partir des périphériques suivants pendant la lecture à distance :</Text>
	<Text name="msg_error_need_update_psp">If faut effectuer une mise à jour du logiciel système PSP™.
Pour plus d'informations sur les méthodes de mise à jour, se reporter aux instructions du système PSP™.</Text>
	<Text name="msg_error_no_signup_ask">Vous devez vous inscrire à Sony Entertainment Network.
Voulez-vous vous inscrire maintenant ?</Text>
	<Text name="msg_download_control">Gestion des téléchargements</Text>
	<Text name="msg_no_download_content">Aucun téléchargement.</Text>
	<Text name="msg_variable_downloading">%1%% Téléchargement en cours...</Text>
	<Text name="msg_variable_download_error">%1%% Erreur de téléchargement</Text>
	<Text name="msg_variable_download_waiting">%1%% En attente</Text>
	<Text name="msg_variable_download_pausing">%1%% En pause</Text>
	<Text name="msg_pause_all">Tout en pause</Text>
	<Text name="msg_resume_all">Reprendre tout</Text>
	<Text name="msg_progress">Etat</Text>
	<Text name="msg_resume">Reprendre</Text>
	<Text name="msg_download_restart">Reprendre téléchargement</Text>
	<Text name="msg_download_cancel">Annuler le téléchargement</Text>
	<Text name="msg_install">Installer</Text>
	<Text name="msg_download_content_was_deleted">Le contenu a été effacé du serveur.</Text>
	<Text name="msg_need_app_software_download_ask">Pour utiliser cette fonction, vous devez d'abord télécharger un logiciel.
Voulez-vous télécharger maintenant ?</Text>
	<Text name="msg_cellbrowser_foldingathome">Folding@home™</Text>
	<Text name="msg_auto_start">Démarrage automatique</Text>
	<Text name="msg_title_lwp">Life with PlayStation®</Text>
	<Text name="msg_psstore_explanation_sd">PlayStation®Store, c'est des jeux exclusifs à télécharger, des démos PS3™ GRATUITES, des packs d'expansion et des vidéos.

Découvrez PlayStation®Store dès aujourd'hui !</Text>
	<Text name="msg_psstore_explanation_hd">Accessible GRATUITEMENT*, PlayStation®Store est le seul endroit où vous pouvez télécharger de nouveaux jeux PS3™ exclusifs, des démos jouables gratuites*, des packs d'expansion et des vidéos en haute définition.

Demandez-en plus pour votre PS3™ et découvrez PlayStation®Store dès aujourd'hui !

* Connexion Internet haut débit requise.</Text>
	<Text name="msg_reg_explanation_sd">Profitez GRATUITEMENT* des parties en ligne, de jeux à télécharger, de packs d'expansion et de contenu exclusif, chattez avec vos amis et comparez vos trophées.
Connectez-vous dès aujourd'hui pour plus de divertissements !
* Connexion Internet haut débit requise.</Text>
	<Text name="msg_reg_explanation_hd">PlayStation®Network, c'est du divertissement et de l'interaction.
Profitez GRATUITEMENT* des parties en ligne, téléchargez des nouveaux jeux incroyables, des packs d'expansion pour une sélection des meilleurs jeux, regardez des bandes-annonces et découvrez du contenu exclusif, chattez avec vos amis et comparez vos trophées.

Connectez-vous dès aujourd'hui, c'est facile et c'est GRATUIT !

* Connexion Internet haut débit requise.</Text>
	<Text name="msg_account_manage">Gestion du compte</Text>
	<Text name="msg_can_change_psn_account_psstore_setteing">Régler les paramètres de votre compte ou de vos achats effectués au PlayStation®Store.</Text>
	<Text name="msg_your_channel">Nouveautés</Text>
	<Text name="msg_your_channel_offline_explanation_hd">Bienvenue sur PlayStation®3.
L'écran "Nouveautés" vous permet de retrouver les toutes dernières nouveautés PlayStation®, les mises à jour, ainsi qu'un accès rapide aux jeux auxquels vous avez le plus joué récemment.
Pour accéder à l'écran "Nouveautés", connectez-vous au PlayStation®Network* – L'inscription est gratuite et vous ouvrira les portes sur un univers dédié au divertissement. Enregistrez-vous donc dès aujourd'hui !

* Une connexion à haut débit est requise.</Text>
	<Text name="msg_your_channel_offline_explanation_sd">L'écran "Nouveautés" présente toutes les nouveautés PlayStation®, et un accès rapide à vos jeux favoris.
Connectez-vous simplement au PlayStation®Network* – L'inscription à cet univers de bonheur est gratuite.
* Une connexion à haut débit est requise.</Text>
	<Text name="msg_your_channel_caution_launching_website">Vous lancez un site Internet.</Text>
	<Text name="msg_trophy_collection">Collection de trophées</Text>
	<Text name="msg_trophy_count">Trophées</Text>
	<Text name="msg_gain_date">Obtenu</Text>
	<Text name="msg_no_trophy_explanation">Aucun trophée.
Si vous obtenez des trophées dans un jeu qui prend en charge la fonction de trophées, vous pourrez les voir ici.</Text>
	<Text name="msg_compare_trophy">Comparer les trophées</Text>
	<Text name="msg_trophy_grade">Rang</Text>
	<Text name="msg_trophy_platinum">Platine</Text>
	<Text name="msg_trophy_gold">Or</Text>
	<Text name="msg_trophy_silver">Argent</Text>
	<Text name="msg_trophy_bronze">Bronze</Text>
	<Text name="msg_sync_with_server">Synchronisation avec le serveur</Text>
	<Text name="msg_switch_mode">Changer de mode</Text>
	<Text name="msg_online_mode">Mode en ligne</Text>
	<Text name="msg_online_mode_trophy_explanation">Mode en ligne
Afficher les informations de trophées enregistrées sur le serveur.</Text>
	<Text name="msg_offline_mode">Mode hors ligne</Text>
	<Text name="msg_offline_mode_trophy_explanation">Mode hors ligne
Afficher les informations de trophées enregistrées sur ce système.</Text>
	<Text name="msg_trophy_base_addon">Jeu / Extension du jeu</Text>
	<Text name="msg_hidden_trophy_name">Trophée masqué</Text>
	<Text name="msg_original_f">Classement d'origine</Text>
	<Text name="msg_trophy_grade_f">Rang</Text>
	<Text name="msg_trophy_earned_f">Date d'obtention ▲</Text>
	<Text name="msg_trophy_earned_r">Date d'obtention ▼</Text>
	<Text name="msg_privacy_settings">Paramètres de confidentialité</Text>
	<Text name="msg_ps_plus_psn">PlayStation®Plus</Text>
	<Text name="msg_health_warning_psn">Avertissements relatifs à la santé</Text>
	<Text name="msg_psp_exclusive_install_ask">Ce contenu est exclusivement destiné au système PSP™.
Voulez-vous l'installer sur le système PSP™ maintenant ?</Text>
	<Text name="msg_bonus_digital_copy">Digital Copy</Text>
	<Text name="msg_bonus_digital_copy_explanation">Vous pourrez utiliser ce contenu après vous être connecté à PlayStation®Network et après avoir copié le contenu sur le stockage système de ce système.</Text>
	<Text name="msg_error_service_not_available_region">Ce service ne peut pas être utilisé dans ce pays ou dans cette région.</Text>
	<Text name="msg_sigining_in2">Connexion en cours...</Text>
	<Text name="msg_auto_signin_off">Connexion automatique désactivée</Text>
	<Text name="msg_auto_signin">Connexion automatique</Text>
	<Text name="msg_signout">Déconnexion</Text>
	<Text name="msg_error_no_execute_psn_maintenance_partially">L'opération n'a pas pu être effectuée.
Certaines fonctionnalités de Sony Entertainment Network sont en cours de maintenance.</Text>
	<Text name="msg_error_no_player">Aucun joueur trouvé.</Text>
	<Text name="msg_signin">Connexion</Text>
	<Text name="msg_ignore_list">Liste des personnes ignorées</Text>
	<Text name="msg_friend_register">Ajouter un ami</Text>
	<Text name="msg_play_with">Joueurs rencontrés</Text>
	<Text name="msg_av_chatroom">Salon de chat vocal/vidéo</Text>
	<Text name="msg_game_chatroom">Salon de chat du jeu</Text>
	<Text name="msg_msg_box">Messages</Text>
	<Text name="msg_last_signin_minute_ago">Dernière connexion : il y a %1 minutes</Text>
	<Text name="msg_last_signin_hour_ago">Dernière connexion : il y a %1 heures</Text>
	<Text name="msg_last_signin_day_ago">Dernière connexion : il y a %1 jours</Text>
	<Text name="msg_last_signin_month_ago">Dernière connexion : il y a %1 mois</Text>
	<Text name="msg_last_signin_more_than_2year_ago">Dernière connexion : il y a 2 ans ou plus</Text>
	<Text name="msg_to">A</Text>
	<Text name="msg_sent">Envoi terminé.</Text>
	<Text name="msg_registered">Ajout terminé.</Text>
	<Text name="msg_error_registered_number_over">Le nombre maximum de personnes pouvant être ajoutées a été atteint.</Text>
	<Text name="msg_error_cannot_register_myself">Vous ne pouvez vous ajouter.</Text>
	<Text name="msg_accept_friend_register_ask">Voulez-vous ajouter un ami ?</Text>
	<Text name="msg_register_request">Demande d'ami</Text>
	<Text name="msg_asking_to_add">En attente d'une réponse à votre demande d'ami.</Text>
	<Text name="msg_asked_to_add">Vous avez reçu une demande d'ami.</Text>
	<Text name="msg_msg_list">Liste de messages</Text>
	<Text name="msg_start_new_chat">Démarrer nouveau chat</Text>
	<Text name="msg_new_msg">Créer message</Text>
	<Text name="msg_error_no_msg">Aucun message.</Text>
	<Text name="msg_status_f">Etat</Text>
	<Text name="msg_name_f">Nom</Text>
	<Text name="msg_online_id">ID en ligne</Text>
	<Text name="msg_online_name">Nom en ligne</Text>
	<Text name="msg_about_me">Mon profil</Text>
	<Text name="msg_my_lang">Mes langues</Text>
	<Text name="msg_received_msg_count">Messages reçus</Text>
	<Text name="msg_unread_msg_count">Messages non lus</Text>
	<Text name="msg_protect_msg_count">Messages protégés</Text>
	<Text name="msg_sent_msg_count">Messages envoyés</Text>
	<Text name="msg_received_msg_count_with_variable">Messages reçus %1</Text>
	<Text name="msg_sent_msg_count_with_variable">Messages envoyés %1</Text>
	<Text name="msg_from">De</Text>
	<Text name="msg_received_datetime">Reçu le</Text>
	<Text name="msg_sent_datetime">Envoyé le</Text>
	<Text name="msg_reply_to_friend_register">Réponse en attente pour l'ajout d'un ami</Text>
	<Text name="msg_del_addingfriend_ask">Cet ami en attente d'être ajouté va être supprimé.
En cas de suppression, vous serez supprimé de la liste d'amis de cette personne.
Voulez-vous vraiment continuer ?</Text>
	<Text name="msg_del_friend_ask">Cet ami va être supprimé.
En cas de suppression, vous serez supprimé de la liste d'amis de cette personne.
Voulez-vous vraiment continuer ?</Text>
	<Text name="msg_status">Etat</Text>
	<Text name="msg_profile">Profil</Text>
	<Text name="msg_online">En ligne</Text>
	<Text name="msg_afk">Non disponible</Text>
	<Text name="msg_add_ignore_list">Ajouter à la liste des personnes ignorées</Text>
	<Text name="msg_game_title">Titre du jeu</Text>
	<Text name="msg_information">Informations</Text>
	<Text name="msg_played_date_hour">Joué</Text>
	<Text name="msg_add_ignore_list_ask">En cas d'ajout à la liste des personnes ignorées, vous ne recevrez plus de messages provenant de cette personne.
Voulez-vous continuer ?</Text>
	<Text name="msg_adding">Ajout en cours...
Merci de patienter.</Text>
	<Text name="msg_del_from_ignore_list">Retirer de la liste des personnes ignorées</Text>
	<Text name="msg_del_ignore_list_ask">Voulez-vous vraiment retirer de la liste des personnes ignorées ?</Text>
	<Text name="msg_error_not_registered">Aucune personne n'a été ajoutée.</Text>
	<Text name="msg_error_try_again_later">Une erreur est survenue.
Réessayer ultérieurement.</Text>
	<Text name="msg_send_grief_report">Signalement d'abus</Text>
	<Text name="msg_received_box">Reçus</Text>
	<Text name="msg_sent_box">Envoyés</Text>
	<Text name="msg_list">Liste</Text>
	<Text name="msg_protect">Protéger</Text>
	<Text name="msg_unprotected">Retirer protection</Text>
	<Text name="msg_edit">Modifier</Text>
	<Text name="msg_attach_image_select">Sélectionner une image à joindre.</Text>
	<Text name="msg_attach_cancel_ask">Voulez-vous annuler la pièce jointe ?</Text>
	<Text name="msg_dell_msg_all_ask">Voulez-vous supprimer tous les messages ?
Les messages protégés ne seront pas supprimés.</Text>
	<Text name="msg_del_msgl_ask">Voulez-vous vraiment supprimer le message ?</Text>
	<Text name="msg_dell_msg_all_ask2">Voulez-vous supprimer tous les messages ?</Text>
	<Text name="msg_voice_text_chatroom">Salon de chat vocal/textuel</Text>
	<Text name="msg_text_chatroom">Salon de chat (textuel uniquement)</Text>
	<Text name="msg_mic_on">Microphone activé</Text>
	<Text name="msg_mic_off">Microphone désactivé</Text>
	<Text name="msg_chat_volume">Volume du chat</Text>
	<Text name="msg_camera_on">Caméra activée</Text>
	<Text name="msg_camera_off">Caméra désactivée</Text>
	<Text name="msg_chat_screen_on">Afficher image de chat</Text>
	<Text name="msg_chat_screen_off">Cacher image de chat</Text>
	<Text name="msg_invite_friend">Inviter un ami</Text>
	<Text name="msg_new_msg_all">Créer message pour tous</Text>
	<Text name="msg_quit">Partir</Text>
	<Text name="msg_cancel2">Annuler</Text>
	<Text name="msg_invite_chat">Invite de chat</Text>
	<Text name="msg_participants_list">Liste des participants</Text>
	<Text name="msg_invite_game">Invitation à jouer</Text>
	<Text name="msg_error_add">Une erreur est survenue lors de l'ajout.</Text>
	<Text name="msg_error_attach_size_over">La taille maximum de fichiers pouvant être ajoutés en pièces jointes a été atteinte.</Text>
	<Text name="msg_error_attach_deleted">Le fichier en pièce jointe a été supprimé.</Text>
	<Text name="msg_error_player_added">Ce joueur a déjà été ajouté.</Text>
	<Text name="msg_protect_msg_over">Le nombre maximum de messages pouvant être protégés a été atteint.
Il est possible de protéger jusqu'à 50 messages.</Text>
	<Text name="msg_error_cannot_operate_signin_pls">L'opération n'a pas pu être effectuée. 
Vous n'êtes pas connecté.</Text>
	<Text name="msg_error_cannot_creat_message">Impossible de créer un message.</Text>
	<Text name="msg_error_ignore_list_friend">Il n'est pas possible d'ajouter un Ami à la liste des personnes ignorées.
Vous devez supprimer la personne de votre liste d'Amis avant de l'ajouter à votre liste de personnes ignorées.</Text>
	<Text name="msg_version">Version</Text>
	<Text name="msg_new_user_create">Créer nouvel utilisateur</Text>
	<Text name="msg_logout_ask">Voulez-vous fermer la session ?</Text>
	<Text name="msg_login_ask">Voulez-vous ouvrir la session en tant qu'utilisateur sélectionné ?
La session de l'utilisateur actuellement en ligne sera fermée.</Text>
	<Text name="msg_username_create">Saisir un nom d'utilisateur.</Text>
	<Text name="msg_error_max_num_users_reached">Aucun utilisateur supplémentaire ne peut être créé.
Le nombre maximum d'utilisateurs pouvant être créés est 16.</Text>
	<Text name="msg_error_other_username_create_pls">Le nom saisi est déjà utilisé.
Saisir un nom d'utilisateur différent.</Text>
	<Text name="msg_error_new_user_create">Une erreur est survenue lors de la création de l'utilisateur.</Text>
	<Text name="msg_user_del_2nd_ask">Voulez-vous vraiment supprimer l'utilisateur ?</Text>
	<Text name="msg_auto_login_set">"%1" sera dorénavant connecté automatiquement lors du démarrage du système PS3™.</Text>
	<Text name="msg_username">Utilisateur</Text>
	<Text name="msg_username_num">Utilisateur %1</Text>
	<Text name="msg_auto_login">Connexion Automatique</Text>
	<Text name="msg_logout">Fermer la session</Text>
	<Text name="msg_user_del_ask">Si l'utilisateur est supprimé, les données sauvegardées pour logiciels au format PlayStation®3, les messages, les trophées et autres informations seront aussi supprimés.
Voulez-vous vraiment continuer ?</Text>
	<Text name="msg_error_character">Les caractères suivants ne peuvent être saisis :
%1</Text>
	<Text name="msg_health_warning_detail_scee_1">Crises provoquées par des stimuli lumineux (épilepsie photosensible)

</Text>
	<Text name="msg_health_warning_detail_scee_2">Si vous souffrez d'épilepsie ou si vous avez connu des crises, consultez un médecin avant de jouer. Certaines personnes peuvent ressentir différents symptômes (mal aux yeux, trouble de la vision, migraine, contraction des muscles, convulsion, perte de connaissance, trouble de conscience ou d'orientation) en présence de lumières clignotantes ou scintillantes, ou encore d'autres stimuli lumineux d'un écran de télévision, voire lorsqu'elles jouent à des jeux vidéo. Si vous ressentez un des symptômes ci-dessus pendant que vous jouez, arrêtez-vous immédiatement et consultez votre médecin.

</Text>
	<Text name="msg_health_warning_detail_scee_3">Arrêtez immédiatement de jouer si vous ressentez un des symptômes suivants :
</Text>
	<Text name="msg_health_warning_detail_scee_4">Outre les symptômes ci-dessus, arrêtez immédiatement de jouer si vous ressentez un mal de tête, des étourdissements, de la nausée, de la fatigue, des symptômes similaires au mal des transports, ou encore si vous ne vous sentez pas bien ou si vous ressentez des douleurs dans certaines parties du corps, notamment les yeux, les oreilles, les mains, les bras et les pieds. Si votre état ne s'améliore pas, consultez un médecin.



</Text>
	<Text name="msg_health_warning_detail_scee_5">Images 3D

</Text>
	<Text name="msg_health_warning_detail_scee_6">Chez certaines personnes, l'utilisation d'un téléviseur 3D pour un film ou un jeu vidéo en 3D stéréoscopique peut provoquer une sensation de gêne (vision troublée, fatigue oculaire, nausées). Si vous éprouvez ces sensations désagréables, arrêtez immédiatement d'utiliser le téléviseur jusqu'à disparition des symptômes.
</Text>
	<Text name="msg_health_warning_detail_scee_7">En général, nous recommandons aux utilisateurs d'éviter d'utiliser le système PlayStation®3 de manière prolongée et leur conseillons d'observer des pauses de 15 minutes pour chaque heure de jeu. Cependant, lorsqu'il s'agit d'un film ou d'un jeu vidéo en 3D stéréoscopique, la longueur et la fréquence des pauses nécessaires peuvent varier selon les personnes. Faites des pauses suffisamment longues pour que toute sensation de gêne disparaisse. Si les symptômes persistent, veuillez consulter un médecin.
</Text>
	<Text name="msg_health_warning_detail_scee_8">La vision des jeunes enfants (particulièrement avant 6 ans) est encore en développement. Avant de permettre à un jeune enfant de regarder un film ou de jouer à un jeu vidéo en 3D stéréoscopique, veuillez consulter un pédiatre ou un oculiste. Les jeunes enfants doivent être sous la surveillance d'un adulte qui veille à ce que les recommandations ci-dessus soient respectées.



</Text>
	<Text name="msg_health_warning_detail_scee_9">Remarques sur la sécurité lors de l'utilisation de la manette sans fil DUALSHOCK™3

</Text>
	<Text name="msg_health_warning_detail_scee_10">N'utilisez pas la fonction de vibration si vous avez des blessures ou des problèmes osseux, articulaires ou musculaires aux mains ou aux bras. En cas de maladie ou de blessure, ne jouez à aucun de ces jeux avec la manette sans fil DUALSHOCK™3 sans avoir désactivé la fonctionnalité de vibrations.



</Text>
	<Text name="msg_health_warning_detail_scee_11">・Utilisez l'appareil dans une pièce bien éclairée et éloignez-vous suffisamment de l'écran.
・Evitez toute utilisation prolongée du système PS3™ et de la manette sans fil. Accordez-vous une pause d'environ 15 minutes pendant chaque heure de jeu.
・Evitez de jouer quand vous êtes fatigué ou avez besoin de sommeil.
</Text>
	<Text name="msg_health_warning_detail_scee_12">・Arrêtez immédiatement d'utiliser le système si vous commencez à vous sentir fatigué ou si vous éprouvez une sensation désagréable ou une douleur dans les mains ou bras pendant que vous utilisez la manette sans fil. Si les symptômes persistent, consultez un médecin.
</Text>
	<Text name="msg_health_warning_detail_scee_13">・Si vous rencontrez l'un des problèmes de santé suivants, arrêtez immédiatement d'utiliser le système. Si les symptômes persistent, consultez un médecin.
- Vertiges, nausées, fatigue ou symptômes similaires au mal des transports
- Sensation désagréable ou douleur dans une partie de votre corps, telle que les yeux, les mains ou les bras</Text>
	<Text name="msg_health_warning_detail_scea_1">Photosensitivité/Épilepsie/Attaques

</Text>
	<Text name="msg_health_warning_detail_scea_2">Un nombre limité de personnes peuvent éprouver des symptômes d'épilepsie ou bien des étourdissements lorsqu'elles sont exposées à certaines lumires ou motifs clignotants. L'exposition à certains motifs ou certaines images d'arrièreplan sur des écrans de télévision ou en jouant à des jeux vidéo, peut déclencher des crises d'épilepsie ou des étourdissements chez ces personnes.
Ces conditions peuvent déclencher des symptômes d'épilepsie non détectés auparavant chez des personnes qui n'ont jamais été sujettes à des crises d épilepsie. Si vous-même ou un membre de votre famille souffrez d'épilepsie ou êtes sujets à des crises de quelconque origine, consultez votre médecin avant de jouer.

</Text>
	<Text name="msg_health_warning_detail_scea_3">Il faut CESSER IMMÉDIATEMENT l'utilisation et consulter un médecin avant de rejouer si vous ressentez un des symptômes ou problèmes de santé suivants :
・vertiges ;
・trouble de la vision ;
・contractions des yeux ou des muscles ;
・perte de conscience ;
・troubles de l'orientation ;
・attaques ;
・ou tout mouvement involontaire ou convulsions.
REPRENEZ LE JEU SEULEMENT SI VOTRE MÉDECIN VOUS Y AUTORISE.

</Text>
	<Text name="msg_health_warning_detail_scea_4">Conseils d'utilisation et de manipulation des jeux vidéo afin de réduire les probabilités d'attaques
・Utilisez dans une pièce bien éclairée et éloignez-vous suffisamment de l'écran de télévision.
・Évitez les écrans larges. Utilisez si disponible l'écran de télévision le plus petit.
・Évitez toute utilisation prolongée du système PS3™. Accordez-vous une pause d'environ 15 minutes pendant chaque heure de jeu.
・Évitez de jouer si vous êtes fatigué ou manquez de sommeil.



</Text>
	<Text name="msg_health_warning_detail_scea_5">Images 3D

</Text>
	<Text name="msg_health_warning_detail_scea_6">Certaines personnes peuvent ressentir une gêne (tension ou fatigue oculaire, ou nausées) durant le visionnage d'images vidéo en 3D ou la lecture d un jeu vidéo en 3D stéréoscopique sur un téléviseur compatible 3D. Si vous ressentez une telle gêne ou toute autre sensation de malaise, arrêtez immdiatement d'utiliser votre téléviseur jusqu'à ce que la gêne s'estompe.
</Text>
	<Text name="msg_health_warning_detail_scea_7">SCE conseille à tous les utilisateurs d'observer des pauses régulières durant le visionnage de vidéo en 3D ou la lecture de jeu vidéo en 3D stéréoscopique. Bien que la durée et la fréquence de ces pauses nécessaires puissent varier d'une personne à l'autre, observez des pauses suffisamment longues pour permettre à la gêne ou la sensation de malaise de s'estomper. Si les symptômes persistent, consultez votre médecin.
</Text>
	<Text name="msg_health_warning_detail_scea_8">Notez que la vision chez les enfants en bas âge (particulièrement avant 6 ans) en en développement constant. Avant de permettre à votre enfant de regarder des vidéos en 3D ou de jouer à des jeux en 3D stéréoscopique, consultez son pédiatre, ophtalmologiste ou autre médecin. Lors de l'utilisation d'un appareil compatible 3D avec votre système PlayStation®3, lisez attentivement le mode d'emploi qui accompagne l'appareil et visitez le site www.us.playstation.com/support/3D pour consulter les informations les plus récentes.



</Text>
	<Text name="msg_health_warning_detail_scea_9">Remarques sur la sécurité lors de l'utilisation de la manette sans fil DUALSHOCK™3

</Text>
	<Text name="msg_health_warning_detail_scea_10">・Arrêtez immédiatement d'utiliser le système si vous commencez à vous sentir fatigué ou si vous éprouvez une sensation désagréable ou une douleur dans les mains ou bras durant l'utilisation de la manette sans fil DUALSHOCK™3. Si les symptômes persistent, consultez un médecin.
・La fonctionnalité de vibrations de la manette sans fil DUALSHOCK™3 peut aggraver des blessures existantes. N'utilisez pas la fonctionnalité de vibrations en cas de maladie ou de blessures des os, des articulations ou des muscles des mains ou des bras. En cas de maladie ou de blessure, ne jouez à aucun des jeux qui met en oeuvre la fonction de vibrations avec la manette sans fil DUALSHOCK™3 sans avoir désactivé la fonctionnalité de vibrations.
</Text>
	<Text name="msg_health_warning_detail_scea_11">・Évitez toute utilisation prolongée de la manette sans fil DUALSHOCK™3. Accordez-vous une pause toutes les 30 minutes environ.
・Notez que certains logiciels activent la fonctionnalité de vibrations par défaut. Pour désactiver la fonctionnalité de vibrations, appuyez sur la touche PS e la manette, et sélectionnez [Paramètres manette]→ [Fonctionnalité de vibrations]→[Non].



</Text>
	<Text name="msg_health_warning_detail_scea_12">・Utilisez l'appareil dans une pièce bien éclairée et le plus loin possible de l'écran du téléviseur.
・Évitez toute utilisation prolongée du système PS3™ et de la manette sans fil.
</Text>
	<Text name="msg_health_warning_detail_scea_13">・Arrêtez immédiatement d'utiliser le système si vous commencez à vous sentir fatigué ou si vous éprouvez une sensation désagréable ou une douleur dans les mains ou bras pendant que vous utilisez la manette sans fil. Si les symptômes persistent, consultez un médecin.
</Text>
	<Text name="msg_health_warning_detail_scea_14">・Si vous rencontrez l'un des problèmes de santé suivants, arrêtez immédiatement d'utiliser le système. Si les symptômes persistent, consultez un m decin.
- Vertiges, nausées, fatigue ou symptômes similaires au mal des transports
- Sensation désagréable ou douleur dans une partie de votre corps, telle que les yeux, les mains ou les bras</Text>
	<Text name="msg_health_warning_detail_scej_1">光の刺激によって引き起こされる発作について

</Text>
	<Text name="msg_health_warning_detail_scej_2">点滅を繰り返す画面や、その他の光の刺激によって、まれに、目の痛み、視覚異常、偏頭痛、けいれんや意識障害（失神など）などの症状（光感受性発作）が起きることがあります。こうした症状のある方は、事前に必ず医師に相談してください。

</Text>
	<Text name="msg_health_warning_detail_scej_3">こんなときはすぐに使用を中止する
</Text>
	<Text name="msg_health_warning_detail_scej_4"><![CDATA[上記の症状に加え、頭痛、めまい、吐き気、疲労感、乗り物酔いに似た症状などを感じたときや、目、耳、手、腕、足など、身体の一部に不快感や痛みを感じたときは、すぐに使用を中止してください。使用を中止しても治らないときは、医師の診察を受けてください。



]]></Text>
	<Text name="msg_health_warning_detail_scej_5">3D映像、3D立体視ゲームについて

</Text>
	<Text name="msg_health_warning_detail_scej_6">3D映像の視聴中や3D対応テレビでの3D立体視ゲームのプレイ中に、目の疲労、気分が悪くなるなどの不快な症状が出ることがあります。不快な症状が出たときは、直ちにテレビのご利用を中止し、回復するまでご利用をお控えください。
3D映像を視聴したり、3D立体視ゲームをプレイしたりするときは、定期的に休憩をとることをおすすめします。必要な休憩の長さや頻度は個人によって異なりますので、ご自身でご判断ください。不快な症状が回復するまで、十分に休憩をとってください。もし症状が続く場合は、医師にご相談ください。
</Text>
	<Text name="msg_health_warning_detail_scej_7"><![CDATA[なお、お子さま(特に6歳未満の子)の視覚は発達段階にあります。お子さまが3D映像を視聴したり、3D立体視ゲームをプレイしたりする前に、小児科や眼科などの医師にご相談いただくことをおすすめします。大人のかたは、お子さまが上記注意点を守るよう監督してください。
最新情報については、ホームページ(http://www.jp.playstation.com/support/)をご覧ください。



]]></Text>
	<Text name="msg_health_warning_detail_scej_8">コントローラの振動機能に対応したソフトウェアについて

</Text>
	<Text name="msg_health_warning_detail_scej_9">振動障害のある方は、バイブレーション（振動）機能を使用しないでください。



</Text>
	<Text name="msg_health_warning_detail_scej_10">・使用するときは部屋を明るくし、できるだけ画面から離れてください。
・疲れているときや睡眠不足のときは、使用を避けてください。
</Text>
	<Text name="msg_health_warning_detail_scej_11">・使用するときは健康のため、1時間ごとに15分程度の休憩を取ってください。
・使用中に体調が悪くなったら、すぐに使用をやめてください。</Text>
	<Text name="msg_health_warning_detail_sceasia_1">Photosensitivity/Epilepsy/Seizures

</Text>
	<Text name="msg_health_warning_detail_sceasia_2">A very small percentage of individuals may experience epileptic seizures or blackouts when exposed to certain light patterns or flashing lights. Exposure to certain patterns or backgrounds on a television screen or when playing video games may trigger epileptic seizures or blackouts in these individuals. These conditions may trigger previously undetected epileptic symptoms or seizures in persons who have no history of prior seizures or epilepsy. If you, or anyone in your family, has an epileptic condition or has had seizures of any kind, consult your physician before playing.

</Text>
	<Text name="msg_health_warning_detail_sceasia_3">IMMEDIATELY DISCONTINUE use and consult your physician before resuming gameplay if you or your child experience any of the following health problems or symptoms:
・dizziness,
・altered vision,
・eye or muscle twitches,
・loss of awareness,
・disorientation,
・seizures, or
・any involuntary movement or convulsion.
RESUME GAMEPLAY ONLY ON APPROVAL OF YOUR PHYSICIAN.

</Text>
	<Text name="msg_health_warning_detail_sceasia_4">Use and handling of video games to reduce the likelihood of a seizure
・Use in a well-lit area and keep as far away as possible from the television screen.
・Avoid large screen televisions. Use the smallest television screen available.
・Avoid prolonged use of the PS3™ system. Take a 15-minute break during each hour of play.
・Avoid playing when you are tired or need sleep.



</Text>
	<Text name="msg_health_warning_detail_sceasia_5">3D images

</Text>
	<Text name="msg_health_warning_detail_sceasia_6">Some people may experience discomfort (such as eye strain, eye fatigue, or nausea) while watching 3D video images or playing stereoscopic 3D games on 3D televisions. If you experience such discomfort you should immediately discontinue use of your television until the discomfort subsides.
</Text>
	<Text name="msg_health_warning_detail_sceasia_7">SCE recommends that all viewers take regular breaks while watching 3D video, or playing stereoscopic 3D games. The length and frequency of necessary breaks may vary from person to person - please take breaks that are long enough to allow any feelings of discomfort to subside. If symptoms persist, consult your physician.
</Text>
	<Text name="msg_health_warning_detail_sceasia_8">The vision of young children (especially those under six years old) is still under development. SCE recommends that you consult with physician (such as a pediatrician or eye doctor) before allowing a young child to watch 3D video images or play stereoscopic 3D games. When using any 3D enabled device with your PlayStation®3 system you should read the instruction manual for that device.



</Text>
	<Text name="msg_health_warning_detail_sceasia_9">Notes on safety when using the DUALSHOCK™3 Wireless Controller

</Text>
	<Text name="msg_health_warning_detail_sceasia_10">・Stop using the system immediately if you begin to feel tired or if you experience discomfort or pain in your hands or arms while operating the DUALSHOCK™3 wireless controller. If the condition persists, consult a doctor.
・The vibration function of the DUALSHOCK™3 wireless controller can aggravate injuries. Do not use the vibration function if you have any ailment or injury to the bones, joints or muscles of your hands or arms. If you have an ailment or an injury, do not play such titles using the DUALSHOCK™3 wireless controller unless you have set the vibration function to [Off].
</Text>
	<Text name="msg_health_warning_detail_sceasia_11">・Avoid prolonged use of the DUALSHOCK™3 wireless controller. Take a break at about 30-minute intervals.
・Note that some software titles set the vibration function to [On] by default. To disable the vibration function, press the PS button of the controller, and then select [Controller Settings]→[Vibration Function]→[Off].



</Text>
	<Text name="msg_health_warning_detail_sceasia_12">・Use in a well-lit area and keep a safe distance from the TV screen.
・Avoid prolonged use of the PS3™ system. Take a 15-minute break during each hour of play.
・Avoid playing when you are tired or need sleep.
</Text>
	<Text name="msg_health_warning_detail_sceasia_13">・Stop using the system immediately if you begin to feel tired or if you experience discomfort or pain in your hands or arms while operating the wireless controller If the condition persists, consult a doctor.
</Text>
	<Text name="msg_health_warning_detail_sceasia_14">・If you experience any of the following health problems, discontinue use of the system immediately. If symptoms persist, consult with your physician.
- Dizziness, nausea, fatigue or symptoms similar to motion sickness
- Discomfort or pain in a part of the body, such as eyes, ears, hands or arms</Text>
</TextLang>
