﻿<?xml version="1.0" encoding="utf-8"?>
<!-- This XML was generated by Rcomage v1.1.1 -->
<TextLang>
	<Text name="msg_setting">설정</Text>
	<Text name="msg_photo">사진</Text>
	<Text name="msg_music">음악</Text>
	<Text name="msg_video">비디오</Text>
	<Text name="msg_game">게임</Text>
	<Text name="msg_net">네트워크</Text>
	<Text name="msg_friend">친구</Text>
	<Text name="msg_user">유저</Text>
	<Text name="msg_login">로그인</Text>
	<Text name="msg_tv">TV</Text>
	<Text name="msg_tv_video_service">TV/비디오 서비스</Text>
	<Text name="msg_psn">PlayStation®
Network</Text>
	<Text name="msg_power_off_console2">본체의 전원 끄기</Text>
	<Text name="msg_photo_gallery">포토갤러리</Text>
	<Text name="msg_untitled">미설정</Text>
	<Text name="msg_new_vmc">신규 가상 Memory Card 작성</Text>
	<Text name="msg_signup">등록</Text>
	<Text name="msg_playstation_home">PlayStation®Home</Text>
	<Text name="msg_start_new_chat2">새로운 대화 시작하기</Text>
	<Text name="msg_ms">Memory Stick™</Text>
	<Text name="msg_sd">SD Memory Card</Text>
	<Text name="msg_cf">CompactFlash®</Text>
	<Text name="msg_bd_rom">BD-ROM</Text>
	<Text name="msg_bd_r">BD-R</Text>
	<Text name="msg_bd_re">BD-RE</Text>
	<Text name="msg_dvdr">DVD-R</Text>
	<Text name="msg_dvdplusr">DVD+R</Text>
	<Text name="msg_dvdrw">DVD-RW</Text>
	<Text name="msg_dvdplusrw">DVD+RW</Text>
	<Text name="msg_dvdrom">DVD-ROM</Text>
	<Text name="msg_dvdvideo">DVD Video</Text>
	<Text name="msg_dvdvr">DVD-VR</Text>
	<Text name="msg_dvdplusvr">DVD+VR</Text>
	<Text name="msg_avchd">AVCHD</Text>
	<Text name="msg_avcrec">AVCREC</Text>
	<Text name="msg_bdmv">BDMV</Text>
	<Text name="msg_bdav">BDAV</Text>
	<Text name="msg_cdaudio">음악 CD</Text>
	<Text name="msg_cddata">데이터 디스크</Text>
	<Text name="msg_sacd">Super Audio CD</Text>
	<Text name="msg_mc_ps1">Memory Card (PS)</Text>
	<Text name="msg_mc_ps2">Memory Card (PS2)</Text>
	<Text name="msg_disc">디스크</Text>
	<Text name="msg_dsd_disc">DSD 디스크</Text>
	<Text name="msg_psp">PSP™ (PlayStation®Portable)</Text>
	<Text name="msg_psp_bracket">PSP™ (PlayStation®Portable) %1</Text>
	<Text name="msg_vita_abbreviated">PS Vita</Text>
	<Text name="msg_psp_name">닉네임</Text>
	<Text name="msg_usb">USB 기기</Text>
	<Text name="msg_usb_id">USB 기기 (%1）</Text>
	<Text name="msg_digitalcamera">디지털 카메라</Text>
	<Text name="msg_digitalcamera_id">디지털 카메라 (%1）</Text>
	<Text name="msg_walkman">ATRAC Audio Device</Text>
	<Text name="msg_walkman_id">ATRAC Audio Device (%1)</Text>
	<Text name="msg_cancel">취소</Text>
	<Text name="msg_ok">OK</Text>
	<Text name="msg_fix">확인</Text>
	<Text name="msg_yes">예</Text>
	<Text name="msg_no">아니요</Text>
	<Text name="msg_on">켜기</Text>
	<Text name="msg_off">끄기</Text>
	<Text name="msg_nrml">표준</Text>
	<Text name="msg_normal">표준</Text>
	<Text name="msg_plus1">+1</Text>
	<Text name="msg_plus2">+2</Text>
	<Text name="msg_plus3">+3</Text>
	<Text name="msg_plus4">+4</Text>
	<Text name="msg_minus1">-1</Text>
	<Text name="msg_minus2">-2</Text>
	<Text name="msg_minus3">-3</Text>
	<Text name="msg_minus4">-4</Text>
	<Text name="msg_1">1</Text>
	<Text name="msg_2">2</Text>
	<Text name="msg_3">3</Text>
	<Text name="msg_4">4</Text>
	<Text name="msg_5">5</Text>
	<Text name="msg_percent">%1 %%</Text>
	<Text name="msg_image_count_value">%1 장</Text>
	<Text name="msg_images_count_value">%1 장</Text>
	<Text name="msg_track_count_value">%1 트랙</Text>
	<Text name="msg_tracks_count_value">%1 트랙</Text>
	<Text name="msg_title_count_value">%1 타이틀</Text>
	<Text name="msg_titles_count_value">%1 타이틀</Text>
	<Text name="msg_savedata_count_value">%1 개</Text>
	<Text name="msg_savedatas_count_value">%1 개</Text>
	<Text name="msg_time_num1">%1:%2:%3</Text>
	<Text name="msg_time_num2">%1:%2'%3''</Text>
	<Text name="msg_time_num3">%1'%2''</Text>
	<Text name="msg_datetime_num1">%1/%2/%3  %4:%5</Text>
	<Text name="msg_am">AM</Text>
	<Text name="msg_pm">PM</Text>
	<Text name="msg_time_hour_num2">%1:%2'</Text>
	<Text name="msg_day_plural">%1일</Text>
	<Text name="msg_sort">정렬 기준</Text>
	<Text name="msg_importeddate_f">가져온 일시 ▲</Text>
	<Text name="msg_importeddate_r">가져온 일시 ▼</Text>
	<Text name="msg_shootdate_f">촬영 일시 ▲</Text>
	<Text name="msg_shootdate_r">촬영 일시 ▼</Text>
	<Text name="msg_sale_year_f">발매연도 ▲</Text>
	<Text name="msg_sale_year_r">발매연도 ▼</Text>
	<Text name="msg_created_date_time_f">작성 일시 ▲</Text>
	<Text name="msg_created_date_time_r">작성 일시 ▼</Text>
	<Text name="msg_updated_date_f">갱신 일시 ▲</Text>
	<Text name="msg_updated_date_r">갱신 일시 ▼</Text>
	<Text name="msg_format_f">포맷</Text>
	<Text name="msg_imagename_f">이미지명</Text>
	<Text name="msg_albumname_f">앨범명</Text>
	<Text name="msg_genre_f">장르명</Text>
	<Text name="msg_artist_f">아티스트명</Text>
	<Text name="msg_track_f">트랙명</Text>
	<Text name="msg_title_f">타이틀명</Text>
	<Text name="msg_subtitle_f">서브 타이틀명</Text>
	<Text name="msg_start_date_f">기동 일시</Text>
	<Text name="msg_folder_class">폴더 분류</Text>
	<Text name="msg_all">전체</Text>
	<Text name="msg_year_folder">연도별</Text>
	<Text name="msg_month_folder">월별</Text>
	<Text name="msg_album_folder">앨범별</Text>
	<Text name="msg_genre_folder">장르별</Text>
	<Text name="msg_artist_folder">아티스트별</Text>
	<Text name="msg_sale_year_folder">발매연도별</Text>
	<Text name="msg_track_folder">트랙별</Text>
	<Text name="msg_title_folder">타이틀별</Text>
	<Text name="msg_format_folder">포맷별</Text>
	<Text name="msg_copy">복사</Text>
	<Text name="msg_copy_plural">선택 복사</Text>
	<Text name="msg_del">삭제</Text>
	<Text name="msg_del_plural">선택 삭제</Text>
	<Text name="msg_slideshow">슬라이드 쇼</Text>
	<Text name="msg_display_all">전체 표시</Text>
	<Text name="msg_cddbdata_get">CD 정보 취득</Text>
	<Text name="msg_import">가져오기</Text>
	<Text name="msg_titlelist">타이틀 목록</Text>
	<Text name="msg_play">재생</Text>
	<Text name="msg_play_begin">처음부터 재생</Text>
	<Text name="msg_smove">이동</Text>
	<Text name="msg_disc_eject">디스크 꺼내기</Text>
	<Text name="msg_info">정보</Text>
	<Text name="msg_repeat">반복</Text>
	<Text name="msg_shuffle">셔플</Text>
	<Text name="msg_pause">일시 정지</Text>
	<Text name="msg_display">표시</Text>
	<Text name="msg_volume_control">음량 조정</Text>
	<Text name="msg_plus">+</Text>
	<Text name="msg_minus">-</Text>
	<Text name="msg_slideshow_with_icon">슬라이드 쇼 </Text>
	<Text name="msg_fix_with_icon">확인 </Text>
	<Text name="msg_folder_class_with_icon">폴더 분류 </Text>
	<Text name="msg_option_with_icon">: 옵션</Text>
	<Text name="msg_help_start"> : 기동</Text>
	<Text name="msg_copy_psplus_with_icon">복사 </Text>
	<Text name="msg_copy_plural_psplus_with_icon">선택 복사 </Text>
	<Text name="msg_savedata_auto_upload_psplus_with_icon">저장 데이터 자동 업로드 </Text>
	<Text name="msg_icon_start"></Text>
	<Text name="msg_info_none">-</Text>
	<Text name="msg_format">파일 형식</Text>
	<Text name="msg_size">크기</Text>
	<Text name="msg_space">빈 용량</Text>
	<Text name="msg_shoot_date">촬영 일시</Text>
	<Text name="msg_updated_date">갱신 일시</Text>
	<Text name="msg_corrupted_data">손상된 데이터</Text>
	<Text name="msg_unsupported_data">지원하지 않는 데이터</Text>
	<Text name="msg_folder">폴더</Text>
	<Text name="msg_resolution">해상도</Text>
	<Text name="msg_multiply">%1 x %2</Text>
	<Text name="msg_image">이미지</Text>
	<Text name="msg_image_count">이미지 수</Text>
	<Text name="msg_camera">촬영 기기</Text>
	<Text name="msg_album">앨범</Text>
	<Text name="msg_genre">장르</Text>
	<Text name="msg_artist">아티스트</Text>
	<Text name="msg_imported_size">가져온 후의 크기</Text>
	<Text name="msg_size_counting">계산중입니다...</Text>
	<Text name="msg_sale_year">발매연도</Text>
	<Text name="msg_play_time">재생 시간</Text>
	<Text name="msg_comment">코멘트</Text>
	<Text name="msg_samplingfrequency">샘플링 주파수</Text>
	<Text name="msg_disc_number">디스크 번호</Text>
	<Text name="msg_track_count">트랙 수</Text>
	<Text name="msg_track_number">트랙 번호</Text>
	<Text name="msg_track">트랙</Text>
	<Text name="msg_bpm">BPM</Text>
	<Text name="msg_codec">코덱</Text>
	<Text name="msg_lastplay_datetime">마지막 재생 일시</Text>
	<Text name="msg_ch">채널</Text>
	<Text name="msg_various_artists">Various Artists</Text>
	<Text name="msg_imported_date">가져온 일시</Text>
	<Text name="msg_created_date">작성 일시</Text>
	<Text name="msg_start_date">재생 시작 일시</Text>
	<Text name="msg_expiration_date">재생 종료 일시</Text>
	<Text name="msg_remaining_time">남은 재생 시간</Text>
	<Text name="msg_play_count">재생 횟수</Text>
	<Text name="msg_file_number">파일 번호</Text>
	<Text name="msg_title">타이틀</Text>
	<Text name="msg_subtitle">서브 타이틀</Text>
	<Text name="msg_disc_type">디스크 종류</Text>
	<Text name="msg_disc_protect">비밀번호 제한</Text>
	<Text name="msg_title_count">타이틀 수</Text>
	<Text name="msg_video_codec">비디오 코덱</Text>
	<Text name="msg_audio_codec">오디오 코덱</Text>
	<Text name="msg_file_type">파일 타입</Text>
	<Text name="msg_mediaserver">미디어 서버</Text>
	<Text name="msg_dlna_date_time">날짜/시각</Text>
	<Text name="msg_produced_date">제작 일시</Text>
	<Text name="msg_info_valid_from">유효기간 시작</Text>
	<Text name="msg_info_valid_to">유효기간 만료</Text>
	<Text name="msg_magicgate">MagicGate™</Text>
	<Text name="msg_mg_supported">지원</Text>
	<Text name="msg_mg_not_supported">지원하지 않음</Text>
	<Text name="msg_info_unknown">알 수 없음</Text>
	<Text name="msg_savedata_count">저장 데이터 수</Text>
	<Text name="msg_model">모델</Text>
	<Text name="msg_can_play_only_for_variable_hours"><![CDATA[(단, 재생은 최초 재생으로부터 %1 시간 이내에만 가능합니다.)]]></Text>
	<Text name="msg_can_play_only_for_variable_hours_game"><![CDATA[(단, 콘텐츠는 최초 기동으로부터 %1 분 이내에만 즐기실 수 있습니다.)]]></Text>
	<Text name="msg_video_description">내용</Text>
	<Text name="msg_copyright">저작권 정보</Text>
	<Text name="msg_owner">구매자</Text>
	<Text name="msg_all_use_content_delete_cannot_use">이 콘텐츠는 구매자 이외의 유저도 이용할 수 있습니다. 단, 구매자를 모두 삭제하면 이용할 수 없게 됩니다.</Text>
	<Text name="msg_need_save_psn_pw_other_owner_use_content">이 콘텐츠는 구매자 이외의 유저도 이용할 수 있습니다. 단 이 콘텐츠를 이용하시려면 Sony Entertainment Network 비밀번호가 본 기기에 저장되어 있어야 합니다.</Text>
	<Text name="msg_jpeg">JPEG</Text>
	<Text name="msg_gif">GIF</Text>
	<Text name="msg_png">PNG</Text>
	<Text name="msg_tiff">TIFF</Text>
	<Text name="msg_bmp">BMP</Text>
	<Text name="msg_mpo">MPO (MP Format)</Text>
	<Text name="msg_aac_kbps">AAC %1 kbps</Text>
	<Text name="msg_mp3_kpbs">MP3 %1 kbps</Text>
	<Text name="msg_atrac_kbps">ATRAC %1 kbps</Text>
	<Text name="msg_wma_kbps">WMA %1 kbps</Text>
	<Text name="msg_lpcm_bit_ch">Linear PCM  %1 bit  %2 ch</Text>
	<Text name="msg_non_lpcm">Non-linear PCM %1 kbps</Text>
	<Text name="msg_dsd_ch">DSD %1 Ch</Text>
	<Text name="msg_dolby">Dolby Digital</Text>
	<Text name="msg_mpeg1">MPEG-1</Text>
	<Text name="msg_mpeg2">MPEG-2</Text>
	<Text name="msg_mpeg2_ts">MPEG-2 TS</Text>
	<Text name="msg_mpeg4">MPEG-4</Text>
	<Text name="msg_mpeg_layer1">MPEG Layer 1</Text>
	<Text name="msg_mpeg_layer2">MPEG Layer 2</Text>
	<Text name="msg_mpeg_layer3">MPEG Layer 3</Text>
	<Text name="msg_avc">AVC</Text>
	<Text name="msg_motion_jpeg">Motion JPEG</Text>
	<Text name="msg_divx">DivX®</Text>
	<Text name="msg_wmv">VC-1 (WMV)</Text>
	<Text name="msg_mpeg1_mbps">MPEG-1 %1 Mbps</Text>
	<Text name="msg_mpeg2_mbps">MPEG-2 %1 Mbps</Text>
	<Text name="msg_mpeg2_ts_mbps">MPEG-2 TS %1 Mbps</Text>
	<Text name="msg_mpeg4_mbps">MPEG-4 %1 Mbps</Text>
	<Text name="msg_avc_kbps">AVC %1 kbps</Text>
	<Text name="msg_khz">%1 kHz</Text>
	<Text name="msg_kbps">%1 kbps</Text>
	<Text name="msg_mbps">%1 Mbps</Text>
	<Text name="msg_ch_2">2 ch</Text>
	<Text name="msg_multi_ch">Multi ch</Text>
	<Text name="msg_power_off_console">본체의 전원 끄기</Text>
	<Text name="msg_turnoff_system_ask">본체의 전원을 끄시겠습니까?</Text>
	<Text name="msg_after_background_download_auto_turn_off"><![CDATA[백그라운드 다운로드 완료 후 자동으로 전원 끄기]]></Text>
	<Text name="msg_slot_assign">슬롯 할당</Text>
	<Text name="msg_slot1">슬롯 1</Text>
	<Text name="msg_slot2">슬롯 2</Text>
	<Text name="msg_eject">제거</Text>
	<Text name="msg_user_name">유저명</Text>
	<Text name="msg_need_quit_to_operate_ask">이 조작을 실행하려면 [%1](을)를 종료해야 합니다.
종료하시겠습니까?</Text>
	<Text name="msg_error_hdd_full_perform_operation">본체 스토리지의 빈 용량이 부족합니다.
이 조작을 실행하려면 %1 이상의 빈 용량이 더 필요합니다.</Text>
	<Text name="msg_content_already_copied">이 콘텐츠는 이미 복사되었을 가능성이 있습니다.</Text>
	<Text name="msg_save_newly">새로 저장</Text>
	<Text name="msg_original_content">기존 콘텐츠</Text>
	<Text name="msg_new_content">새 콘텐츠</Text>
	<Text name="msg_save_destination_select">저장할 위치를 선택해 주십시오.</Text>
	<Text name="msg_error_no_storagemedia">저장할 위치에 기록 미디어를 연결해 주십시오.</Text>
	<Text name="msg_ps3_photo">본체 스토리지 (사진)</Text>
	<Text name="msg_ps3_video">본체 스토리지 (비디오)</Text>
	<Text name="msg_ps3_music">본체 스토리지 (음악)</Text>
	<Text name="msg_folder_name">폴더명</Text>
	<Text name="msg_same_name_file">저장할 위치에 같은 이름의 파일이 있습니다.</Text>
	<Text name="msg_different_name_save"><![CDATA[다른 이름으로 저장]]></Text>
	<Text name="msg_overwrite_save">덮어쓰기로 저장</Text>
	<Text name="msg_save_no">저장하지 않음</Text>
	<Text name="msg_save_yes">저장</Text>
	<Text name="msg_apply_all">모두 적용</Text>
	<Text name="msg_select_all">모두 선택</Text>
	<Text name="msg_deselect_all">모두 해제</Text>
	<Text name="msg_copying">복사중입니다.
잠시 기다려 주십시오.</Text>
	<Text name="msg_copied">복사를 완료했습니다.</Text>
	<Text name="msg_copy_incomplete_ms_ask">Memory Stick™의 빈 용량이 부족하여 복사가 도중에 중단될 가능성이 있습니다.
계속하시겠습니까?</Text>
	<Text name="msg_copy_incomplete_sd_ask">SD Memory Card의 빈 용량이 부족하여 복사가 도중에 중단될 가능성이 있습니다.
계속하시겠습니까?</Text>
	<Text name="msg_copy_incomplete_cf_ask">CompactFlash®의 빈 용량이 부족하여 복사가 도중에 중단될 가능성이 있습니다.
계속하시겠습니까?</Text>
	<Text name="msg_copy_incomplete_usb_ask">USB 기기의 빈 용량이 부족하여 복사가 도중에 중단될 가능성이 있습니다.
계속하시겠습니까?</Text>
	<Text name="msg_copy_incomplete_hdd_ask">본체 스토리지의 빈 용량이 부족하여 복사가 도중에 중단될 가능성이 있습니다.
계속하시겠습니까?</Text>
	<Text name="msg_copy_incomplete">빈 용량이 부족하여 복사를 중단했습니다.</Text>
	<Text name="msg_completed_count">완료된 수</Text>
	<Text name="msg_copy_cancel_ask">복사를 취소하시겠습니까?</Text>
	<Text name="msg_error_content_over_copy"><![CDATA[저장 가능한 콘텐츠 수를 초과하였으므로 복사를 중단했습니다.]]></Text>
	<Text name="msg_copied_delete_content_saved_ps3_ask">복사를 완료했습니다.
본 기기에 저장되어 있는 원본 콘텐츠를 삭제하시겠습니까?</Text>
	<Text name="msg_sure_to_delete_ask">정말 삭제하시겠습니까?</Text>
	<Text name="msg_deleting">삭제중입니다.
잠시 기다려 주십시오.</Text>
	<Text name="msg_deleted">삭제를 완료했습니다.</Text>
	<Text name="msg_cannot_delete_folder_on_this_system">본 기기에서는 이 폴더를 삭제할 수 없습니다.</Text>
	<Text name="msg_change_upfolder">상위 폴더로 이동</Text>
	<Text name="msg_create_newfolder">새 폴더 만들기</Text>
	<Text name="msg_folder_name_new">새 폴더 %1</Text>
	<Text name="msg_error_no_folder">폴더가 없습니다.</Text>
	<Text name="msg_wait">잠시 기다려 주십시오.</Text>
	<Text name="msg_error">에러가 발생했습니다.</Text>
	<Text name="msg_error_corrupted_data">데이터가 손상되어 있습니다.</Text>
	<Text name="msg_error_unsupported_data">지원하지 않는 데이터입니다.</Text>
	<Text name="msg_error_copy">복사에 실패했습니다.</Text>
	<Text name="msg_error_del">삭제에 실패했습니다.</Text>
	<Text name="msg_error_no_name">이름이 입력되어 있지 않습니다.
1 글자 이상의 이름을 입력해 주십시오.</Text>
	<Text name="msg_error_ms_full">Memory Stick™의 빈 용량이 부족합니다.</Text>
	<Text name="msg_error_ms_locked">Memory Stick™이 쓰기 방지로 설정되어 있습니다.</Text>
	<Text name="msg_error_ms_no_access">Memory Stick™에 액세스할 수 없습니다.</Text>
	<Text name="msg_error_ms_no_read">Memory Stick™을 읽을 수 없습니다.</Text>
	<Text name="msg_error_no_ms">Memory Stick™이 들어있지 않습니다.</Text>
	<Text name="msg_error_sd_full">SD Memory Card의 빈 용량이 부족합니다.</Text>
	<Text name="msg_error_sd_locked">SD Memory Card가 쓰기 방지로 설정되어 있습니다.</Text>
	<Text name="msg_error_sd_no_access">SD Memory Card에 액세스할 수 없습니다.</Text>
	<Text name="msg_error_sd_no_read">SD Memory Card를 읽을 수 없습니다.</Text>
	<Text name="msg_error_no_sd">SD Memory Card가 들어있지 않습니다.</Text>
	<Text name="msg_error_cf_full">CompactFlash®의 빈 용량이 부족합니다.</Text>
	<Text name="msg_error_cf_locked">CompactFlash®가 쓰기 방지로 설정되어 있습니다.</Text>
	<Text name="msg_error_cf_no_access">CompactFlash®에 액세스할 수 없습니다.</Text>
	<Text name="msg_error_cf_no_read">CompactFlash®를 읽을 수 없습니다.</Text>
	<Text name="msg_error_no_cf">CompactFlash®가 들어있지 않습니다.</Text>
	<Text name="msg_error_usb_full">USB 기기의 빈 용량이 부족합니다.</Text>
	<Text name="msg_error_usb_locked">USB 기기가 쓰기 방지로 설정되어 있습니다.</Text>
	<Text name="msg_error_usb_no_access">USB 기기에 액세스할 수 없습니다.</Text>
	<Text name="msg_error_usb_no_read">USB 기기를 읽을 수 없습니다.</Text>
	<Text name="msg_error_no_usb">USB 기기가 들어있지 않습니다.</Text>
	<Text name="msg_error_hdd_full">본체 스토리지의 빈 용량이 부족합니다.</Text>
	<Text name="msg_error_hdd_no_access">본체 스토리지에 액세스할 수 없습니다.</Text>
	<Text name="msg_error_no_signin">PlayStation®Network에 로그인해야 합니다.</Text>
	<Text name="msg_error_no_signup">Sony Entertainment Network에 등록해야 합니다.</Text>
	<Text name="msg_icon_image_select"><![CDATA[아이콘으로 사용할 이미지를 선택해 주십시오.]]></Text>
	<Text name="msg_icon_change_albumtrack_ask1">앨범 내 모든 트랙의 아이콘을 변경합니다.
계속하시겠습니까?</Text>
	<Text name="msg_cannot_display_all_mediaserver">미디어 서버가 너무 많습니다.
일부 미디어 서버는 표시되지 않습니다.</Text>
	<Text name="msg_scan_mediaserver">미디어 서버 검색</Text>
	<Text name="msg_not_allowed_access_confirm_pls">미디어 서버로의 액세스가 허가되어 있지 않습니다. 미디어 서버에 이 PS3™의 기기 명칭 "%1"(이)가 등록되어 있지 않을 가능성이 있습니다.
미디어 서버의 설정을 확인해 주십시오.</Text>
	<Text name="msg_playlists">재생 목록</Text>
	<Text name="msg_playlist_pane">재생 목록</Text>
	<Text name="msg_create_new_playlist">새 재생 목록 작성</Text>
	<Text name="msg_to_add_content_playlist_select_edit">이 재생 목록에 콘텐츠를 추가하려면 옵션 메뉴에 있는 [편집] 메뉴를 실행해 주십시오.</Text>
	<Text name="msg_error_cannot_edit_playlist_no_track"><![CDATA[본체 스토리지에 트랙이 없으므로 재생 목록을 편집할 수 없습니다.]]></Text>
	<Text name="msg_error_cannot_edit_playlist_no_image"><![CDATA[본체 스토리지에 이미지가 없으므로 재생 목록을 편집할 수 없습니다.]]></Text>
	<Text name="msg_error_same_name_cannot_use">같은 이름이 이미 사용되고 있습니다.
다른 이름을 입력해 주십시오.</Text>
	<Text name="msg_error_no_content">콘텐츠가 없습니다.</Text>
	<Text name="msg_add_to_playlist">재생 목록에 추가</Text>
	<Text name="msg_add_playlist">추가</Text>
	<Text name="msg_add_all_playlist">모두 추가</Text>
	<Text name="msg_delete_playlist_ask">재생 목록을 삭제합니다.
계속하시겠습니까?</Text>
	<Text name="msg_error_startdate_video">유효기간 이전입니다.</Text>
	<Text name="msg_error_expired_video">유효기간이 만료되었습니다.</Text>
	<Text name="msg_info_no_time_limit">기한 없음</Text>
	<Text name="msg_info__expired">기한 만료</Text>
	<Text name="msg_expires_on_variable">유효기한 %1</Text>
	<Text name="msg_error_timelimited_video"><![CDATA[이 콘텐츠는 유효기간이 설정되어 있습니다.
이 조작을 실행하시려면 [설정] > [날짜/시각 설정] > [날짜/시각]에서 [인터넷을 경유하여 설정하기]를 선택하여 날짜와 시각을 설정해 주십시오.]]></Text>
	<Text name="msg_can_play_variable_first_play_now_ask"><![CDATA[이 콘텐츠는 최초 재생으로부터 %1시간 이내에만 재생할 수 있습니다.
지금 재생하시겠습니까?]]></Text>
	<Text name="msg_del_content_cannot_dl_again_conf_psn">콘텐츠를 삭제합니다. 이 콘텐츠는 재다운로드할 수 없습니다.
계속하시겠습니까?</Text>
	<Text name="msg_to_enable_setting_enable_auto_login">이 조작에 의해 다음의 설정이 해제되었습니다.
%1

설정을 활성화하려면 [유저]의 자동 로그인을 활성화해 두어야 합니다. 자동 로그인의 설정 방법에 대해서는 온라인 사용자 가이드를 참조해 주십시오.</Text>
	<Text name="msg_to_enable_setting_enable_auto_signin">이 조작에 의해 다음의 설정이 해제되었습니다.
%1

설정을 활성화하려면 PlayStation®Network의 자동 로그인을 활성화해 두어야 합니다. 자동 로그인의 설정 방법에 대해서는 온라인 사용자 가이드를 참조해 주십시오.</Text>
	<Text name="msg_remoteplay_remote_start"><![CDATA[[설정] > [리모트 플레이 설정] > [리모트 기동]]]></Text>
	<Text name="msg_console_setting_auto_download"><![CDATA[[설정] > [시스템 설정] > [자동 업데이트]]]></Text>
	<Text name="msg_lang_japan">일본어</Text>
	<Text name="msg_lang_english">영어</Text>
	<Text name="msg_lang_french">프랑스어</Text>
	<Text name="msg_lang_spanish">스페인어</Text>
	<Text name="msg_lang_german">독일어</Text>
	<Text name="msg_lang_italian">이탈리아어</Text>
	<Text name="msg_lang_dutch">네덜란드어</Text>
	<Text name="msg_lang_portuguese">포르투갈어</Text>
	<Text name="msg_lang_russian">러시아어</Text>
	<Text name="msg_lang_polish">폴란드어</Text>
	<Text name="msg_lang_finnish">핀란드어</Text>
	<Text name="msg_lang_danish">덴마크어</Text>
	<Text name="msg_lang_norwegian">노르웨이어</Text>
	<Text name="msg_lang_swedish">스웨덴어</Text>
	<Text name="msg_lang_turkish">터키어</Text>
	<Text name="msg_lang_korean">한국어</Text>
	<Text name="msg_lang_chinese_t">중국어 (번체자)</Text>
	<Text name="msg_lang_chinese_s">중국어 (간체자)</Text>
	<Text name="msg_lpcm">Linear PCM</Text>
	<Text name="msg_display_on">표시</Text>
	<Text name="msg_display_off">표시하지 않음</Text>
	<Text name="msg_macaddress">MAC 어드레스</Text>
	<Text name="msg_ipaddress">IP 어드레스</Text>
	<Text name="msg_atrac_not_activated_set_pls">ATRAC이 활성화되어 있지 않습니다.
[설정]의 [시스템 설정]에서 ATRAC을 활성화해 주십시오.</Text>
	<Text name="msg_backup">백업</Text>
	<Text name="msg_restore">복원</Text>
	<Text name="msg_audio_device_setting">음성 기기 설정</Text>
	<Text name="msg_print">인쇄</Text>
	<Text name="msg_manufacturer">제조업체</Text>
	<Text name="msg_10min">10분 후</Text>
	<Text name="msg_20min">20분 후</Text>
	<Text name="msg_30min">30분 후</Text>
	<Text name="msg_remain_time">남은 시간</Text>
	<Text name="msg_others">기타</Text>
	<Text name="msg_level_1">레벨 1</Text>
	<Text name="msg_level_2">레벨 2</Text>
	<Text name="msg_level_3">레벨 3</Text>
	<Text name="msg_level_4">레벨 4</Text>
	<Text name="msg_level_5">레벨 5</Text>
	<Text name="msg_level_6">레벨 6</Text>
	<Text name="msg_level_7">레벨 7</Text>
	<Text name="msg_level_8">레벨 8</Text>
	<Text name="msg_level_9">레벨 9</Text>
	<Text name="msg_level_10">레벨 10</Text>
	<Text name="msg_level_11">레벨 11</Text>
	<Text name="msg_gameetc_pc">사용연령제한</Text>
	<Text name="msg_netservice">PlayStation®Network</Text>
	<Text name="msg_error_server_connect_timeout">서버에의 접속이 제한시간 내에 처리되지 않았습니다.</Text>
	<Text name="msg_cannot_operate_in_demonstration_mode">이 조작은 데모 모드에서는 실행할 수 없습니다.</Text>
	<Text name="msg_tool_install_file"><![CDATA[★ Install Package Files]]></Text>
	<Text name="msg_tool_app_home_ps3_game"><![CDATA[★ /app_home/PS3_GAME/]]></Text>
	<Text name="msg_tool_title_store_preview">Title Store Preview</Text>
	<Text name="msg_tool_title_store_preview_ingame"><![CDATA[★ Title Store Preview (inGame)]]></Text>
	<Text name="msg_tool_title_store_preview_store"><![CDATA[★ Title Store Preview (Store)]]></Text>
	<Text name="msg_tool_lock"><![CDATA[★ Lock]]></Text>
	<Text name="msg_tool_unlock"><![CDATA[★ Unlock]]></Text>
	<Text name="msg_tool_check"><![CDATA[★ Check]]></Text>
	<Text name="msg_tool_cancel_purchase"><![CDATA[★ Cancel Purchase]]></Text>
	<Text name="msg_tool_del"><![CDATA[★ Delete]]></Text>
	<Text name="msg_tool_import"><![CDATA[★ Import]]></Text>
	<Text name="msg_tool_export"><![CDATA[★ Export]]></Text>
	<Text name="msg_tool_quick_sign_up"><![CDATA[★ Quick Sign Up]]></Text>
	<Text name="msg_tool_performance_bar"><![CDATA[★ Performance Bar]]></Text>
	<Text name="msg_tool_no_memory_limit"><![CDATA[★ No Memory Limit]]></Text>
	<Text name="msg_tool_quick_preview"><![CDATA[★ Quick Preview]]></Text>
	<Text name="msg_tool_owner_info"><![CDATA[★ Owner Information]]></Text>
	<Text name="msg_no_trophy">There are no trophies.</Text>
	<Text name="msg_bdu_software">Software</Text>
	<Text name="msg_digitalcamera_image">디지털 카메라 이미지</Text>
	<Text name="msg_del_image_ask">이미지를 삭제합니다.
계속하시겠습니까?</Text>
	<Text name="msg_del_images_ask">선택한 이미지를 삭제합니다.
계속하시겠습니까?</Text>
	<Text name="msg_del_camerafolder_ask">폴더와 폴더 내의 모든 이미지를 삭제합니다.
보호된 이미지도 삭제됩니다.
계속하시겠습니까?</Text>
	<Text name="msg_del_image_protected_ask">이 이미지는 보호되어 있습니다.
정말 삭제하시겠습니까?</Text>
	<Text name="msg_del_imagefolder_ask">폴더와 폴더 내의 모든 이미지를 삭제합니다.
계속하시겠습니까?</Text>
	<Text name="msg_error_del_imagefolder">폴더 삭제에 실패했습니다.
폴더 내에 이미지 데이터 이외의 데이터가 있습니다.</Text>
	<Text name="msg_del_image_select">삭제할 이미지를 선택해 주십시오.</Text>
	<Text name="msg_copy_image_select">복사할 이미지를 선택해 주십시오.</Text>
	<Text name="msg_error_no_image_copy">복사 가능한 이미지가 없습니다.</Text>
	<Text name="msg_error_no_image">이미지가 없습니다.</Text>
	<Text name="msg_mmyyyy_jan">%1년 1월</Text>
	<Text name="msg_mmyyyy_feb">%1년 2월</Text>
	<Text name="msg_mmyyyy_mar">%1년 3월</Text>
	<Text name="msg_mmyyyy_apr">%1년 4월</Text>
	<Text name="msg_mmyyyy_may">%1년 5월</Text>
	<Text name="msg_mmyyyy_jun">%1년 6월</Text>
	<Text name="msg_mmyyyy_jul">%1년 7월</Text>
	<Text name="msg_mmyyyy_aug">%1년 8월</Text>
	<Text name="msg_mmyyyy_sep">%1년 9월</Text>
	<Text name="msg_mmyyyy_oct">%1년 10월</Text>
	<Text name="msg_mmyyyy_nov">%1년 11월</Text>
	<Text name="msg_mmyyyy_dec">%1년 12월</Text>
	<Text name="msg_yyyy">%1년</Text>
	<Text name="msg_slideshow_type1">슬라이드</Text>
	<Text name="msg_slideshow_type2">포트레이트</Text>
	<Text name="msg_slideshow_type3">사진 앨범</Text>
	<Text name="msg_slideshow_type4">사진 앨범 2</Text>
	<Text name="msg_piccto_explanation"><![CDATA[추억의 공간에서 즐겨 보세요.
PS3™로 가져온 사진으로 멋진 사진 앨범을 간단히!
미소짓는 사진만 모아서 보거나 음악을 들으면서 슬라이드 쇼를 즐길 수도 있고, 마음에 드는 사진을 포토 프레임에 넣어 꾸미는 등 소중한 추억을 다채롭게 즐기실 수 있습니다.]]></Text>
	<Text name="msg_piccto_explanation_sd"><![CDATA[추억의 공간에서 즐겨 보세요.
PS3™로 가져온 사진으로 멋진 사진 앨범을 간단히!]]></Text>
	<Text name="msg_cddbdata_getting">CD 정보를 취득중입니다.
잠시 기다려 주십시오.</Text>
	<Text name="msg_cddbdata_pluralfound_select">복수의 CD 정보가 검색되었습니다.
해당하는 CD 정보를 선택해 주십시오.</Text>
	<Text name="msg_cddbdata_send">CD 정보 송신</Text>
	<Text name="msg_cddbdata_sending">CD 정보를 송신중입니다.
잠시 기다려 주십시오.</Text>
	<Text name="msg_select_import">선택하여 가져오기</Text>
	<Text name="msg_select_import_pls">가져올 트랙을 선택해 주십시오.</Text>
	<Text name="msg_copy_track_select">복사할 트랙을 선택해 주십시오.</Text>
	<Text name="msg_del_track_protected_ask">이 트랙은 보호되어 있습니다.
정말 삭제하시겠습니까?</Text>
	<Text name="msg_del_folder_track_protected_ask">폴더와 폴더 내의 모든 트랙을 삭제합니다.
보호된 트랙도 삭제됩니다.
계속하시겠습니까?</Text>
	<Text name="msg_cannot_copy_protected_truck">저작권 보호된 트랙은 복사되지 않습니다.</Text>
	<Text name="msg_copied_except_copyright_protected_track">복사를 완료했습니다.
저작권 보호된 트랙은 복사되지 않았습니다.</Text>
	<Text name="msg_del_track_select">삭제할 트랙을 선택해 주십시오.</Text>
	<Text name="msg_del_track_ask">트랙을 삭제합니다.
계속하시겠습니까?</Text>
	<Text name="msg_del_tracks_ask">선택한 트랙을 삭제합니다.
계속하시겠습니까?</Text>
	<Text name="msg_del_trackfolder_ask">폴더와 폴더 내의 모든 트랙을 삭제합니다.
계속하시겠습니까?</Text>
	<Text name="msg_error_del_trackfolder_different">폴더 삭제에 실패했습니다.
폴더 내에 음악 데이터 이외의 데이터가 있습니다.</Text>
	<Text name="msg_importing">가져오기 중입니다.
잠시 기다려 주십시오.</Text>
	<Text name="msg_import_cancel_ask">가져오기를 취소하시겠습니까?</Text>
	<Text name="msg_imported">가져오기를 완료했습니다.</Text>
	<Text name="msg_error_import">가져오기에 실패했습니다.</Text>
	<Text name="msg_error_track_over"><![CDATA[저장 가능한 최대 트랙 수를 초과하였으므로 가져오기를 중단했습니다.]]></Text>
	<Text name="msg_error_no_trackfolder_copy">복사할 수 있는 트랙이 없습니다.</Text>
	<Text name="msg_error_copyright_track">저작권 보호 정보가 올바르지 않습니다.</Text>
	<Text name="msg_changedinfo_save_music_ask">변경한 정보를 저장하시겠습니까?
변경 내용은 폴더 내의 모든 트랙에 반영됩니다.</Text>
	<Text name="msg_error_no_track">트랙이 없습니다.</Text>
	<Text name="msg_error_no_nexttrack">다음 트랙이 없습니다.</Text>
	<Text name="msg_error_no_prevtrack">이전 트랙이 없습니다.</Text>
	<Text name="msg_track_number_value">트랙 %1</Text>
	<Text name="msg_digitalcamera_video">디지털 카메라 동영상</Text>
	<Text name="msg_psstore_video_offline_explanation_sd">PS3™, PS Vita 및 PSP™로 즐기실 수 있는 고화질 비디오 콘텐츠를 간편하게 다운로드할 수 있습니다.
지금 바로 PlayStation®Store에 방문하세요!</Text>
	<Text name="msg_psstore_video_offline_explanation_hd">PS3™, PS Vita 및 PSP™로 즐기실 수 있는 고화질 비디오 콘텐츠를 간편하게 다운로드할 수 있습니다.
지금 바로 PlayStation®Store에 방문하세요!</Text>
	<Text name="msg_error_no_title">타이틀이 없습니다.</Text>
	<Text name="msg_error_title_over">저장할 수 있는 최대 타이틀 수를 초과하였습니다.</Text>
	<Text name="msg_copy_title_select">복사할 타이틀을 선택해 주십시오.</Text>
	<Text name="msg_copy_titlefolder2">저작권 보호된 타이틀은 복사되지 않습니다.</Text>
	<Text name="msg_error_no_title_copy">복사할 수 있는 타이틀이 없습니다.</Text>
	<Text name="msg_error_magicgate_device_required">이 조작을 실행하려면 저작권 보호 기능에 대응하는 USB 기기가 필요합니다.</Text>
	<Text name="msg_copied_except_copyright_protected_title">복사를 완료했습니다.
저작권 보호된 타이틀은 복사되지 않았습니다.</Text>
	<Text name="msg_title_number_value">타이틀 %1</Text>
	<Text name="msg_smove_destination_select">이동할 위치를 선택해 주십시오.</Text>
	<Text name="msg_smoving">이동중입니다.
잠시 기다려 주십시오.</Text>
	<Text name="msg_smove_cancel_ask">이동을 취소하시겠습니까?</Text>
	<Text name="msg_smoved">이동을 완료했습니다.</Text>
	<Text name="msg_error_smove">이동에 실패했습니다.</Text>
	<Text name="msg_error_move_mspro">이 타이틀을 이동하려면 Memory Stick PRO™가 필요합니다.</Text>
	<Text name="msg_del_title_select">삭제할 타이틀을 선택해 주십시오.</Text>
	<Text name="msg_del_title_ask">타이틀을 삭제합니다.
계속하시겠습니까?</Text>
	<Text name="msg_del_titles_ask">선택한 타이틀을 삭제합니다.
계속하시겠습니까?</Text>
	<Text name="msg_del_titlefolder_ask">폴더와 폴더 내의 모든 타이틀을 삭제합니다.
계속하시겠습니까?</Text>
	<Text name="msg_del_camerafolder_video_ask">폴더와 폴더 내의 모든 타이틀을 삭제합니다.
보호된 타이틀도 삭제됩니다.
계속하시겠습니까?</Text>
	<Text name="msg_del_title_protected_ask">이 타이틀은 보호되어 있습니다.
정말 삭제하시겠습니까?</Text>
	<Text name="msg_error_del_movie_folder">폴더의 삭제에 실패했습니다.
폴더 내에 동영상 이외의 데이터가 있습니다.</Text>
	<Text name="msg_error_smove_prohibit">이 타이틀은 이동이 금지되어 있습니다.</Text>
	<Text name="msg_corrupted_copyright"><![CDATA[저작권 보호 정보가 손상되어 있으므로 복구합니다.]]></Text>
	<Text name="msg_error_corrupted_copyright">저작권 보호 정보의 복구에 실패했습니다.</Text>
	<Text name="msg_error_no_execute">이 조작은 실행할 수 없습니다.</Text>
	<Text name="msg_video_editor_and_upload"><![CDATA[비디오 편집 & 업로드]]></Text>
	<Text name="msg_video_editor_explanation">원하시는 비디오 콘텐츠를 편집하고 공유 사이트에 업로드하여 친구에게 소개할 수 있습니다.</Text>
	<Text name="msg_create_new_video">새 비디오 작성</Text>
	<Text name="msg_del_content_ask">콘텐츠를 삭제합니다.
계속하시겠습니까?</Text>
	<Text name="msg_error_create_content_number_over">작성할 수 있는 최대 콘텐츠의 수를 초과하였습니다.</Text>
	<Text name="msg_backup_data_utility">백업 데이터 관리</Text>
	<Text name="msg_bd_data_utility">BD 데이터 유틸리티</Text>
	<Text name="msg_common_cache_data">공통 캐시 데이터</Text>
	<Text name="msg_bd_data_delete_ask">BD 데이터를 삭제합니다.
계속하시겠습니까?</Text>
	<Text name="msg_service_coming_soon">이 서비스는 가까운 시일 내에 개시할 예정입니다.</Text>
	<Text name="msg_service_app_install_folder">내 채널</Text>
	<Text name="msg_vita_application_utility">PS Vita 애플리케이션 관리</Text>
	<Text name="msg_applications_vita">애플리케이션 (PS Vita)</Text>
	<Text name="msg_applications_psp_other">애플리케이션 (PSP™/기타)</Text>
	<Text name="msg_applications_ps1">애플리케이션 (PS)</Text>
	<Text name="msg_applications_psm">애플리케이션 (PlayStation®Mobile)</Text>
	<Text name="msg_gamedata_utility">게임 데이터 유틸리티</Text>
	<Text name="msg_savedata_utility_ps3">저장 데이터 유틸리티 (PS3™)</Text>
	<Text name="msg_savedata_utility_ps2">저장 데이터 유틸리티 (PS2)</Text>
	<Text name="msg_savedata_utility_minis_psp">저장 데이터 유틸리티 (minis/PSP™)</Text>
	<Text name="msg_savedata_utility_psp_emu_psp">저장 데이터 유틸리티 (PSP™ Remaster/PSP™)</Text>
	<Text name="msg_savedata_utility_minis_psp_emu_psp">저장 데이터 유틸리티 (minis/PSP™ Remaster/PSP™)</Text>
	<Text name="msg_memory_card_utility">Memory Card 유틸리티</Text>
	<Text name="msg_content_pc">사용연령제한 콘텐츠</Text>
	<Text name="msg_ps1_gamedisc">PlayStation® 규격 디스크</Text>
	<Text name="msg_ps2_gamedisc">PlayStation®2 규격 디스크</Text>
	<Text name="msg_ps2_format_software">PlayStation®2 규격 소프트웨어</Text>
	<Text name="msg_playstation">PlayStation®</Text>
	<Text name="msg_playstation2">PlayStation®2</Text>
	<Text name="msg_playstation3">PlayStation®3</Text>
	<Text name="msg_minis">minis</Text>
	<Text name="msg_psp_emu">PSP™ Remaster</Text>
	<Text name="msg_pc_engine">PCEngine</Text>
	<Text name="msg_neogeo">NEOGEO</Text>
	<Text name="msg_cannot_start_unless_install_install_ask"><![CDATA[이 게임은 본체 스토리지에 설치하지 않으면 기동할 수 없습니다.
설치를 시작하시겠습니까?]]></Text>
	<Text name="msg_psstore_game_offline_explanation_sd">PlayStation®Store에서는 최신 무료 체험판이나 홍보 영상을 비롯하여, PS3™용 게임 및 게임 내에서 사용할 수 있는 추가 아이템 등을 다운로드하여 즐기실 수 있습니다.
지금 바로 PlayStation®Store에 방문하세요!</Text>
	<Text name="msg_psstore_game_offline_explanation_hd">PlayStation®Store에서는 최신 무료 체험판이나 홍보 영상을 비롯하여, PS3™용 게임 및 게임 내에서 사용할 수 있는 추가 아이템 등을 다운로드하여 즐기실 수 있습니다.
지금 바로 PlayStation®Store에 방문하세요!</Text>
	<Text name="msg_disc_benefit">디스크 특전</Text>
	<Text name="msg_select_receive_disc_benefit"><![CDATA[이 디스크의 특전을 받으시려면 여기를 선택해 주십시오.]]></Text>
	<Text name="msg_only_for_psp_need_copy_ask">이 콘텐츠는 PSP™에서 이용하실 수 있습니다.
PSP™에 복사하시겠습니까?</Text>
	<Text name="msg_error_cannot_use_content_download_again_copy_can_use"><![CDATA[이 콘텐츠는 이용하실 수 없습니다.
이 콘텐츠를 구매한 계정으로 로그인하여 [PlayStation®Network] > [PlayStation®Store]의 [다운로드 리스트]에서 이 콘텐츠를 재다운로드해 주십시오.
다운로드 후에 이 콘텐츠에 대응하는 기기에 복사하면 이용하실 수 있습니다.]]></Text>
	<Text name="msg_when_use_content_on_vita_hint">PS Vita를 이용하시는 경우 PS Vita를 USB 케이블로 연결한 후 PS Vita에서 [콘텐츠 관리]를 기동해 주십시오.</Text>
	<Text name="msg_error_cannot_play_ps2_format">본 기기는 PlayStation®2 규격 소프트웨어에는 대응하지 않습니다.</Text>
	<Text name="msg_error_game_wrong_region">이 소프트웨어는 지역번호제한에 의해 기동할 수 없습니다.</Text>
	<Text name="msg_error_gamedisc_cannot_start">기동할 수 없는 디스크입니다.</Text>
	<Text name="msg_error_game_start_failure">기동에 실패했습니다.</Text>
	<Text name="msg_current_systemsoftware_update_ask"><![CDATA[사용하시는 PS3™의 시스템 소프트웨어는 버전 %1입니다.
기동하려면 %2 이상으로 업데이트해야 합니다.
지금 업데이트하시겠습니까?]]></Text>
	<Text name="msg_systemsoftware_update_ask">이용하시기 전에 시스템 소프트웨어를 업데이트해 주십시오.</Text>
	<Text name="msg_game_start">기동</Text>
	<Text name="msg_about_game">이 게임에 대하여</Text>
	<Text name="msg_about_game_ps3_content">Library programs ©Sony Computer Entertainment Inc. Licensed for play on the PlayStation®3 Computer Entertainment System or authorized PlayStation®3 format systems. For full terms and conditions see the user's manual. This product is authorized and produced under license from Sony Computer Entertainment Inc. Use is subject to the copyright laws and the terms and conditions of the user's license.</Text>
	<Text name="msg_game_update_history">갱신 이력</Text>
	<Text name="msg_purchase">구매</Text>
	<Text name="msg_savedata_auto_upload">저장 데이터 자동 업로드</Text>
	<Text name="msg_installgame_delete_ask">설치된 게임을 삭제합니다.
계속하시겠습니까?</Text>
	<Text name="msg_error_no_savedata">저장 데이터가 없습니다.</Text>
	<Text name="msg_info_detail">상세 정보</Text>
	<Text name="msg_protection">이용 조건</Text>
	<Text name="msg_copy_prohibited">복사 금지</Text>
	<Text name="msg_error_history_auto_upload">에러 이력 (자동 업로드)</Text>
	<Text name="msg_online_storage">온라인 스토리지</Text>
	<Text name="msg_online_storage_explanation"><![CDATA[저장 데이터를 온라인 상에 저장합니다.
친구의 PS3™에 다운로드하여 하던 게임을 계속해서 즐기거나 백업으로 이용하는 등 게임 생활의 장이 한결 폭넓어집니다.]]></Text>
	<Text name="msg_to_save_data_select_copy_option">온라인 스토리지에 저장 데이터를 저장하시려면 저장할 데이터를 선택한 후 옵션 메뉴에서 [복사]를 실행해 주십시오.</Text>
	<Text name="msg_save_data_copy_prohibited_upload_explanation"><![CDATA[이 저장 데이터는 온라인 스토리지에서 다운로드할 수 있는 빈도가 제한되어 있습니다.
이전 조작(온라인 스토리지에 업로드 또는 온라인 스토리지에서 다운로드)으로부터 %1 시간이 경과해야만 다운로드할 수 있습니다.
온라인 스토리지로의 업로드는 언제든지 가능합니다.]]></Text>
	<Text name="msg_error_online_storage_full">온라인 스토리지의 빈 용량이 부족합니다.
복사하시려면 %1 이상이 필요합니다.</Text>
	<Text name="msg_error_save_data_copy_prohibited_download">현재 이 저장 데이터는 다운로드할 수 없습니다.
다운로드는 %1 시간에 한 번만 할 수 있습니다.

다음 다운로드 가능 일시:
%2</Text>
	<Text name="msg_vmc_ps1">가상 Memory Card (PS)</Text>
	<Text name="msg_vmc_ps2">가상 Memory Card (PS2)</Text>
	<Text name="msg_free_space_vmc_ps1">%1 / 120 KB</Text>
	<Text name="msg_free_space_vmc_ps2">%1 / 7998 KB</Text>
	<Text name="msg_category">종류</Text>
	<Text name="msg_savedata">저장 데이터</Text>
	<Text name="msg_savedata_ps1">저장 데이터 (PlayStation®)</Text>
	<Text name="msg_savedata_ps2">저장 데이터 (PlayStation®2)</Text>
	<Text name="msg_application_ps2">애플리케이션 (PlayStation®2)</Text>
	<Text name="msg_application_pocketstation">애플리케이션 (PocketStation™)</Text>
	<Text name="msg_setting_file_ps2">설정 파일 (PlayStation®2)</Text>
	<Text name="msg_system_driver_ps2">시스템 드라이버 (PlayStation®2)</Text>
	<Text name="msg_unknown_data">미분류</Text>
	<Text name="msg_vmc">가상 Memory Card</Text>
	<Text name="msg_error_no_vmc">가상 Memory Card가 없습니다.</Text>
	<Text name="msg_free_space_vmc_ps1_w_title">빈 용량 : %1 / 120 KB</Text>
	<Text name="msg_free_space_vmc_ps2_w_title">빈 용량 : %1 / 7998 KB</Text>
	<Text name="msg_pocketstation">PocketStation™</Text>
	<Text name="msg_created_date_time">작성 일시</Text>
	<Text name="msg_error_mc_no_access">Memory Card에 액세스할 수 없습니다.</Text>
	<Text name="msg_error_savedata_cannot_copy">이 저장 데이터는 복사가 금지되어 있습니다.</Text>
	<Text name="msg_error_no_gamedata">게임 데이터가 없습니다.</Text>
	<Text name="msg_update_quit_software_update">최신 업데이트 데이터가 검색되었습니다.
이 소프트웨어를 종료하고 업데이트를 시작합니다.</Text>
	<Text name="msg_wait_donot_turn_off">잠시 기다려 주십시오.
전원을 끄지 마십시오.</Text>
	<Text name="msg_playmode">재생 모드</Text>
	<Text name="msg_play_track_select">재생할 트랙을 선택해 주십시오.</Text>
	<Text name="msg_no_data">데이터가 없습니다.</Text>
	<Text name="msg_error_service_stop">이 서비스는 종료되었습니다.</Text>
	<Text name="msg_error_account_service">이 계정에서의 이 서비스 이용은 정지되었습니다.</Text>
	<Text name="msg_browser">인터넷 브라우저</Text>
	<Text name="msg_ps3_portal">PlayStation®Store</Text>
	<Text name="msg_psp_connection">리모트 플레이</Text>
	<Text name="msg_remoteplay_explanation"><![CDATA[리모트 플레이에 대응하는 기기(PS Vita 및 PSP™ 등)에서 네트워크를 경유하여 본 기기를 원격 조작할 수 있습니다. [설정] > [리모트 플레이 설정] > [기기 등록]에서 리모트 플레이 기기를 등록하신 후 이용해 주십시오.]]></Text>
	<Text name="msg_onlinemanual">사용자 가이드</Text>
	<Text name="msg_file">파일</Text>
	<Text name="msg_open">열기</Text>
	<Text name="msg_internet_search">인터넷 검색</Text>
	<Text name="msg_download_cancel_ask">다운로드를 취소하시겠습니까?</Text>
	<Text name="msg_error_server_transaction_failure">서버와의 통신에 실패했습니다.</Text>
	<Text name="msg_no_file">파일이 없습니다.</Text>
	<Text name="msg_content_not_support_remoteplay">리모트 플레이 중에는 이 콘텐츠를 이용하실 수 없습니다.</Text>
	<Text name="msg_error_cannot_operate_remoteplay">리모트 플레이 중에는 이 조작을 실행할 수 없습니다.</Text>
	<Text name="msg_error_cannot_start_can_play_follow_device">기동할 수 없습니다.
리모트 플레이 중에는 아래의 기기에서만 이 콘텐츠를 기동할 수 있습니다.</Text>
	<Text name="msg_error_need_update_psp">PSP™의 시스템 소프트웨어를 업데이트해야 합니다.
업데이트 방법에 대해서는 PSP™의 사용설명서를 참조해 주십시오.</Text>
	<Text name="msg_error_no_signup_ask">Sony Entertainment Network에 등록해야 합니다.
등록하시겠습니까?</Text>
	<Text name="msg_download_control">다운로드 관리</Text>
	<Text name="msg_no_download_content">다운로드 중인 콘텐츠가 없습니다.</Text>
	<Text name="msg_variable_downloading">%1 %% 다운로드 중</Text>
	<Text name="msg_variable_download_error">%1 %% 다운로드 에러</Text>
	<Text name="msg_variable_download_waiting">%1 %% 다운로드 대기중</Text>
	<Text name="msg_variable_download_pausing">%1%% 다운로드 일시 정지중</Text>
	<Text name="msg_pause_all">모두 일시 정지</Text>
	<Text name="msg_resume_all">모두 재개</Text>
	<Text name="msg_progress">진행 상황</Text>
	<Text name="msg_resume">재개</Text>
	<Text name="msg_download_restart">다운로드 재개</Text>
	<Text name="msg_download_cancel">다운로드 취소</Text>
	<Text name="msg_install">설치</Text>
	<Text name="msg_download_content_was_deleted">콘텐츠가 서버에서 삭제되었습니다.</Text>
	<Text name="msg_need_app_software_download_ask">이 기능을 이용하시려면 소프트웨어를 다운로드해야 합니다.
다운로드하시겠습니까?</Text>
	<Text name="msg_cellbrowser_foldingathome">Folding@home™</Text>
	<Text name="msg_auto_start">자동 기동</Text>
	<Text name="msg_title_lwp">Life with PlayStation®</Text>
	<Text name="msg_psstore_explanation_sd">PlayStation®Store에서는 이곳만의 독점 게임과 무료로 제공되는 PS3™ 체험판, 그리고 추가 콘텐츠와 동영상을 만나보실 수 있습니다.

지금 확인해 보십시오!</Text>
	<Text name="msg_psstore_explanation_hd">무료*로 접속 가능한 PlayStation®Store는 이곳에서만 다운로드 가능한 새로운 PS3™ 게임, 무료 체험판과 추가 콘텐츠, 그리고 고화질의 동영상을 다운로드 할 수 있는 유일한 공간입니다.

지금 PlayStation®Store에 접속해 PS3™를 낱낱이 즐겨 보십시오.

* 광대역 인터넷 연결이 필요합니다.</Text>
	<Text name="msg_reg_explanation_sd"><![CDATA[무료*로 제공되는 온라인 대전을 즐기고, 게임, 확장팩과 독점 컨텐츠를 다운로드하고 친구들과 대화하며 서로의 트로피를 비교해 보십시오.
지금 계정을 등록하시면 즐거움이 넘치는 세계가 열립니다!
* 광대역 인터넷 연결이 필요합니다.]]></Text>
	<Text name="msg_reg_explanation_hd"><![CDATA[즐거움과 커뮤니케이션의 모든 것을 PlayStation®Network에서 만나보실 수 있습니다.
무료*로 제공되는 온라인 대전과 새로 출시되는 게임, 최고의 게임들의 확장팩을 다운로드하고 트레일러를 감상하며 독점 컨텐츠를 즐기고 친구들과 대화하고 서로의 트로피도 비교해 보십시오.

지금 등록하세요. 간단하고 무료입니다!

* 광대역 인터넷 연결이 필요합니다.]]></Text>
	<Text name="msg_account_manage">계정 관리</Text>
	<Text name="msg_can_change_psn_account_psstore_setteing">계정 및 PlayStation®Store에서의 구매에 관한 설정을 관리할 수 있습니다.</Text>
	<Text name="msg_your_channel">What's New</Text>
	<Text name="msg_your_channel_offline_explanation_hd">"What's New"는 PlayStation®의 최신 정보를 전해드리는 기능입니다. 또한 최근에 플레이한 게임이 3개까지 표시되어 관련된 정보를 보거나 손쉽게 게임을 시작할 수 있습니다.

지금 바로 PlayStation®Network*에 무료 회원 등록하시고, "What's New"와 다채로운 컨텐츠를 즐겨보세요!

* 인터넷 접속이 필요합니다.</Text>
	<Text name="msg_your_channel_offline_explanation_sd">"What's New"는 PlayStation®의 최신 정보를 전해드리는 기능입니다. 또한 최근에 플레이한 게임을 손쉽게 시작할 수 있습니다. 지금 바로 PlayStation®Network*에 무료 회원 등록하시고 다채로운 컨텐츠를 즐겨보세요!

* 인터넷 접속이 필요합니다.</Text>
	<Text name="msg_your_channel_caution_launching_website">인터넷 웹 사이트로 이동합니다.</Text>
	<Text name="msg_trophy_collection"><![CDATA[트로피 컬렉션]]></Text>
	<Text name="msg_trophy_count"><![CDATA[트로피 수]]></Text>
	<Text name="msg_gain_date">획득일시</Text>
	<Text name="msg_no_trophy_explanation"><![CDATA[트로피가 없습니다.
트로피에 대응하는 게임을 플레이하여 트로피를 획득하면 여기에 트로피가 표시됩니다.]]></Text>
	<Text name="msg_compare_trophy"><![CDATA[트로피 비교]]></Text>
	<Text name="msg_trophy_grade">그레이드</Text>
	<Text name="msg_trophy_platinum">플래티넘</Text>
	<Text name="msg_trophy_gold">골드</Text>
	<Text name="msg_trophy_silver">실버</Text>
	<Text name="msg_trophy_bronze">브론즈</Text>
	<Text name="msg_sync_with_server">서버와 동기화</Text>
	<Text name="msg_switch_mode">모드 전환</Text>
	<Text name="msg_online_mode">온라인 모드</Text>
	<Text name="msg_online_mode_trophy_explanation"><![CDATA[온라인 모드
서버에 저장된 트로피 정보를 볼 수 있습니다.]]></Text>
	<Text name="msg_offline_mode">오프라인 모드</Text>
	<Text name="msg_offline_mode_trophy_explanation"><![CDATA[오프라인 모드
본 기기에 저장된 트로피 정보를 볼 수 있습니다.]]></Text>
	<Text name="msg_trophy_base_addon">본편/추가 콘텐츠</Text>
	<Text name="msg_hidden_trophy_name"><![CDATA[숨겨진 트로피]]></Text>
	<Text name="msg_original_f">오리지널</Text>
	<Text name="msg_trophy_grade_f">그레이드</Text>
	<Text name="msg_trophy_earned_f">획득 일시 ▲</Text>
	<Text name="msg_trophy_earned_r">획득 일시 ▼</Text>
	<Text name="msg_privacy_settings">프라이버시 설정</Text>
	<Text name="msg_ps_plus_psn">PlayStation®Plus</Text>
	<Text name="msg_health_warning_psn">건강상 유의사항</Text>
	<Text name="msg_psp_exclusive_install_ask">이 콘텐츠는 PSP™ 전용입니다.
PSP™에 설치하시겠습니까?</Text>
	<Text name="msg_bonus_digital_copy">Digital Copy</Text>
	<Text name="msg_bonus_digital_copy_explanation">이 콘텐츠는 PlayStation®Network에 로그인한 후 본 기기의 본체 스토리지에 복사하여 이용하실 수 있습니다.</Text>
	<Text name="msg_error_service_not_available_region">이 서비스는 고객님의 국가/지역에서는 이용하실 수 없습니다.</Text>
	<Text name="msg_sigining_in2">로그인 중...</Text>
	<Text name="msg_auto_signin_off">자동 로그인 끄기</Text>
	<Text name="msg_auto_signin">자동 로그인</Text>
	<Text name="msg_signout">로그아웃</Text>
	<Text name="msg_error_no_execute_psn_maintenance_partially">이 조작을 실행할 수 없습니다.
현재, Sony Entertainment Network는 보수중입니다.</Text>
	<Text name="msg_error_no_player">플레이어가 검색되지 않습니다.</Text>
	<Text name="msg_signin">로그인</Text>
	<Text name="msg_ignore_list">차단 리스트</Text>
	<Text name="msg_friend_register">친구 등록</Text>
	<Text name="msg_play_with">함께 게임한 플레이어</Text>
	<Text name="msg_av_chatroom">음성/영상 대화방</Text>
	<Text name="msg_game_chatroom">게임 대화방</Text>
	<Text name="msg_msg_box">메시지함</Text>
	<Text name="msg_last_signin_minute_ago">최근 로그인: %1 분 전</Text>
	<Text name="msg_last_signin_hour_ago">최근 로그인: %1 시간 전</Text>
	<Text name="msg_last_signin_day_ago">최근 로그인: %1 일 전</Text>
	<Text name="msg_last_signin_month_ago">최근 로그인: %1 개월 전</Text>
	<Text name="msg_last_signin_more_than_2year_ago">최근 로그인: 2 년 이상 이전</Text>
	<Text name="msg_to">받는 사람</Text>
	<Text name="msg_sent">전송을 완료했습니다.</Text>
	<Text name="msg_registered">등록을 완료했습니다.</Text>
	<Text name="msg_error_registered_number_over">등록할 수 있는 최대 인원을 초과하였습니다.</Text>
	<Text name="msg_error_cannot_register_myself">본인은 등록할 수 없습니다.</Text>
	<Text name="msg_accept_friend_register_ask">친구로 등록하시겠습니까?</Text>
	<Text name="msg_register_request">친구 요청</Text>
	<Text name="msg_asking_to_add">친구 요청중입니다.</Text>
	<Text name="msg_asked_to_add">친구 요청이 왔습니다.</Text>
	<Text name="msg_msg_list">메시지 목록</Text>
	<Text name="msg_start_new_chat">새로운 대화 시작</Text>
	<Text name="msg_new_msg">메시지 작성</Text>
	<Text name="msg_error_no_msg">메시지가 없습니다.</Text>
	<Text name="msg_status_f">상태</Text>
	<Text name="msg_name_f">이름</Text>
	<Text name="msg_online_id">온라인 ID</Text>
	<Text name="msg_online_name">온라인 네임</Text>
	<Text name="msg_about_me">자기소개</Text>
	<Text name="msg_my_lang">자주 사용하는 언어</Text>
	<Text name="msg_received_msg_count">받은 메시지</Text>
	<Text name="msg_unread_msg_count">읽지 않은 메시지</Text>
	<Text name="msg_protect_msg_count">보호된 메시지</Text>
	<Text name="msg_sent_msg_count">보낸 메시지</Text>
	<Text name="msg_received_msg_count_with_variable">받은 메시지 %1</Text>
	<Text name="msg_sent_msg_count_with_variable">보낸 메시지 %1</Text>
	<Text name="msg_from">보낸 사람</Text>
	<Text name="msg_received_datetime">받은 시간</Text>
	<Text name="msg_sent_datetime">보낸 시간</Text>
	<Text name="msg_reply_to_friend_register">친구 요청에 응답</Text>
	<Text name="msg_del_addingfriend_ask"><![CDATA[친구 요청중인 친구를 삭제합니다.
삭제하면 상대방으로부터도 삭제됩니다.
계속하시겠습니까?]]></Text>
	<Text name="msg_del_friend_ask"><![CDATA[친구를 삭제합니다.
삭제하면 상대방으로부터도 삭제됩니다.
계속하시겠습니까?]]></Text>
	<Text name="msg_status">상태</Text>
	<Text name="msg_profile">프로필</Text>
	<Text name="msg_online">온라인</Text>
	<Text name="msg_afk">자리 비움</Text>
	<Text name="msg_add_ignore_list">차단 리스트에 등록</Text>
	<Text name="msg_game_title">게임 타이틀</Text>
	<Text name="msg_information">정보</Text>
	<Text name="msg_played_date_hour">게임한 일시</Text>
	<Text name="msg_add_ignore_list_ask"><![CDATA[차단 리스트에 등록하면 상대방으로부터의 메시지가 도착하지 않게 됩니다.
계속하시겠습니까?]]></Text>
	<Text name="msg_adding">등록중입니다.
잠시 기다려 주십시오.</Text>
	<Text name="msg_del_from_ignore_list">차단 리스트에서 삭제</Text>
	<Text name="msg_del_ignore_list_ask">차단 리스트에서 삭제합니다.
계속하시겠습니까?</Text>
	<Text name="msg_error_not_registered">아무도 등록되어 있지 않습니다.</Text>
	<Text name="msg_error_try_again_later">에러가 발생했습니다.
잠시 후 다시 시도해 주십시오.</Text>
	<Text name="msg_send_grief_report">신고하기</Text>
	<Text name="msg_received_box">받은 메시지함</Text>
	<Text name="msg_sent_box">보낸 메시지함</Text>
	<Text name="msg_list">목록</Text>
	<Text name="msg_protect">보호</Text>
	<Text name="msg_unprotected">보호 해제</Text>
	<Text name="msg_edit">편집</Text>
	<Text name="msg_attach_image_select">첨부할 이미지를 선택해 주십시오.</Text>
	<Text name="msg_attach_cancel_ask">첨부를 취소하시겠습니까?</Text>
	<Text name="msg_dell_msg_all_ask">모든 메시지를 삭제하시겠습니까?
보호된 메시지는 삭제되지 않습니다.</Text>
	<Text name="msg_del_msgl_ask">메시지를 삭제합니다.
계속하시겠습니까?</Text>
	<Text name="msg_dell_msg_all_ask2">모든 메시지를 삭제하시겠습니까?</Text>
	<Text name="msg_voice_text_chatroom">음성/텍스트 대화방</Text>
	<Text name="msg_text_chatroom">텍스트 대화방</Text>
	<Text name="msg_mic_on">마이크 켜기</Text>
	<Text name="msg_mic_off">마이크 끄기</Text>
	<Text name="msg_chat_volume">대화 음량</Text>
	<Text name="msg_camera_on">카메라 켜기</Text>
	<Text name="msg_camera_off">카메라 끄기</Text>
	<Text name="msg_chat_screen_on">대화 화면 표시</Text>
	<Text name="msg_chat_screen_off">대화 화면 비표시</Text>
	<Text name="msg_invite_friend">친구 초대</Text>
	<Text name="msg_new_msg_all">전원에게 메시지 작성</Text>
	<Text name="msg_quit">나가기</Text>
	<Text name="msg_cancel2">취소</Text>
	<Text name="msg_invite_chat">대화 초대</Text>
	<Text name="msg_participants_list">참가자 목록</Text>
	<Text name="msg_invite_game">게임 초대</Text>
	<Text name="msg_error_add">등록에 실패했습니다.</Text>
	<Text name="msg_error_attach_size_over">첨부할 수 있는 최대 파일 크기를 넘었습니다.</Text>
	<Text name="msg_error_attach_deleted">첨부 파일은 이미 삭제되었습니다.</Text>
	<Text name="msg_error_player_added">이 플레이어는 이미 등록되어 있습니다.</Text>
	<Text name="msg_protect_msg_over">보호할 수 있는 최대 메시지 수를 초과하였습니다.
보호할 수 있는 메시지는 50 건까지입니다.</Text>
	<Text name="msg_error_cannot_operate_signin_pls">이 조작을 실행할 수 없습니다.
로그인해 주십시오.</Text>
	<Text name="msg_error_cannot_creat_message">메시지를 작성할 수 없습니다.</Text>
	<Text name="msg_error_ignore_list_friend">친구는 차단 리스트에 등록할 수 없습니다.
차단 리스트에 등록하기 전에 친구를 삭제해 주십시오.</Text>
	<Text name="msg_version">버전</Text>
	<Text name="msg_new_user_create">새 유저 작성</Text>
	<Text name="msg_logout_ask">로그아웃하시겠습니까?</Text>
	<Text name="msg_login_ask">선택한 유저로 로그인하시겠습니까?
현재 로그인하고 있는 유저는 로그아웃됩니다.</Text>
	<Text name="msg_username_create">유저명을 입력해 주십시오.</Text>
	<Text name="msg_error_max_num_users_reached">더 이상 유저를 작성할 수 없습니다.
유저는 16 명까지 작성할 수 있습니다.</Text>
	<Text name="msg_error_other_username_create_pls">이미 등록되어 있습니다.
다른 유저명을 입력해 주십시오.</Text>
	<Text name="msg_error_new_user_create">유저 작성에 실패했습니다.</Text>
	<Text name="msg_user_del_2nd_ask">정말 유저를 삭제하시겠습니까?</Text>
	<Text name="msg_auto_login_set"><![CDATA[앞으로는 PS3™를 기동할 때 "%1"님으로 자동 로그인됩니다.]]></Text>
	<Text name="msg_username">유저</Text>
	<Text name="msg_username_num">유저%1</Text>
	<Text name="msg_auto_login">자동 로그인</Text>
	<Text name="msg_logout">로그아웃</Text>
	<Text name="msg_user_del_ask"><![CDATA[유저를 삭제하면 PlayStation®3 규격 소프트웨어의 저장 데이터, 메시지, 트로피 등도 삭제됩니다.
계속하시겠습니까?]]></Text>
	<Text name="msg_error_character">아래의 문자는 입력할 수 없습니다.
%1</Text>
	<Text name="msg_health_warning_detail_scee_1">Seizures induced by light stimulation (Photosensitive Epilepsy)

</Text>
	<Text name="msg_health_warning_detail_scee_2">If you have an epileptic condition or have had seizures, consult your doctor prior to playing. Some individuals may experience eye soreness, altered vision, migraine, muscle twitching, convulsion, blackout, loss of awareness or disorientation when exposed to flashing or flickering lights or other light stimulation on a television screen or while playing video games. If you experience any of the above symptoms while playing, discontinue use immediately and consult your doctor.

</Text>
	<Text name="msg_health_warning_detail_scee_3">Stop playing immediately when you experience the following symptoms:
</Text>
	<Text name="msg_health_warning_detail_scee_4">In addition to the above symptoms, whilst playing if you have a headache, dizziness, nausea, fatigue, similar symptoms to motion sickness, or if you feel a discomfort or pain in any body part such as eyes, ears, hands, arms, feet, discontinue use immediately. If the condition persists, seek medical attention.



</Text>
	<Text name="msg_health_warning_detail_scee_5">3D images

</Text>
	<Text name="msg_health_warning_detail_scee_6">Some people may experience discomfort (such as eye strain, eye fatigue, or nausea) while watching 3D video images or playing stereoscopic 3D games on 3D televisions. If you experience such discomfort you should immediately discontinue use of your television until the discomfort subsides.
</Text>
	<Text name="msg_health_warning_detail_scee_7">Generally we recommend that you avoid prolonged use of your PlayStation®3 system and take 15 minutes breaks during each hour of play. However, when playing stereoscopic 3D games or watching 3D video, the length and frequency of necessary breaks may vary from person to person - please take breaks that are long enough to allow any feelings of discomfort to subside. If symptoms persist, consult your doctor.
</Text>
	<Text name="msg_health_warning_detail_scee_8">The vision of young children (especially those under six years old) is still under development. Consult with your child's doctor or optometrist before allowing young children to watch 3D video images or play stereoscopic 3D games. Adults should supervise young children to ensure they follow the recommendations listed above.



</Text>
	<Text name="msg_health_warning_detail_scee_9">Notes on safety when using the DUALSHOCK™3 Wireless Controller

</Text>
	<Text name="msg_health_warning_detail_scee_10">Do not use the vibration function if you have any ailment or injury to the bones, joints or muscles of your hands or arms. If you have an ailment or an injury, do not play such titles using the DUALSHOCK™3 Wireless Controller unless you have set the vibration function to [Off].



</Text>
	<Text name="msg_health_warning_detail_scee_11">・Use in a well-lit area and keep a safe distance from the TV screen.
・Avoid prolonged use of the PS3™ system. Take a 15-minute break during each hour of play.
・Avoid playing when you are tired or need sleep.
</Text>
	<Text name="msg_health_warning_detail_scee_12">・Stop using the system immediately if you begin to feel tired or if you experience discomfort or pain in your hands or arms while operating the Wireless Controller. If the condition persists, consult a doctor.
</Text>
	<Text name="msg_health_warning_detail_scee_13">・If you experience any of the following health problems, discontinue use of the system immediately. If symptoms persist, consult a doctor.
- Dizziness, nausea, fatigue or symptoms similar to motion sickness
- Discomfort or pain in a part of the body, such as eyes, ears, hands or arms</Text>
	<Text name="msg_health_warning_detail_scea_1">Photosensitivity/Epilepsy/Seizures

</Text>
	<Text name="msg_health_warning_detail_scea_2">A very small percentage of individuals may experience epileptic seizures or blackouts when exposed to certain light patterns or flashing lights. Exposure to certain patterns or backgrounds on a television screen or when playing video games may trigger epileptic seizures or blackouts in these individuals. These conditions may trigger previously undetected epileptic symptoms or seizures in persons who have no history of prior seizures or epilepsy. If you, or anyone in your family, has an epileptic condition or has had seizures of any kind, consult your doctor before playing.

</Text>
	<Text name="msg_health_warning_detail_scea_3">IMMEDIATELY DISCONTINUE use and consult your doctor before resuming gameplay if you or your child experience any of the following health problems or symptoms:
・dizziness,
・altered vision,
・eye or muscle twitches,
・loss of awareness,
・disorientation,
・seizures, or
・any involuntary movement or convulsion.
RESUME GAMEPLAY ONLY ON APPROVAL OF YOUR DOCTOR.

</Text>
	<Text name="msg_health_warning_detail_scea_4">Use and handling of video games to reduce the likelihood of a seizure
・Use in a well-lit area and keep as far away as possible from the television screen.
・Avoid large screen televisions. Use the smallest television screen available.
・Avoid prolonged use of the PS3™ system. Take a 15-minute break during each hour of play.
・Avoid playing when you are tired or need sleep.



</Text>
	<Text name="msg_health_warning_detail_scea_5">3D images

</Text>
	<Text name="msg_health_warning_detail_scea_6">Some people may experience discomfort (such as eye strain, eye fatigue, or nausea) while watching 3D video images or playing stereoscopic 3D games on 3D televisions. If you experience such discomfort you should immediately discontinue use of your television until the discomfort subsides.
</Text>
	<Text name="msg_health_warning_detail_scea_7">SCE recommends that all viewers take regular breaks while watching 3D video, or playing stereoscopic 3D games. The length and frequency of necessary breaks may vary from person to person - please take breaks that are long enough to allow any feelings of discomfort to subside. If symptoms persist, consult your doctor.
</Text>
	<Text name="msg_health_warning_detail_scea_8">The vision of young children (especially those under six years old) is still under development. SCE recommends that you consult with a doctor (such as a pediatrician or eye doctor) before allowing a young child to watch 3D video images or play stereoscopic 3D games. Adults should supervise young children to ensure they follow the recommendations listed above. When using any 3D enabled device with your PlayStation®3 system you should read the instruction manual for that device and check www.us.playstation.com/support/3D for updated information.



</Text>
	<Text name="msg_health_warning_detail_scea_9">Notes on safety when using the DUALSHOCK™3 Wireless Controller

</Text>
	<Text name="msg_health_warning_detail_scea_10">・Stop using the system immediately if you begin to feel tired or if you experience discomfort or pain in your hands or arms while operating the DUALSHOCK™3 Wireless Controller. If the condition persists, consult a doctor.
・The vibration function of the DUALSHOCK™3 Wireless Controller can aggravate injuries. Do not use the vibration function if you have any ailment or injury to the bones, joints or muscles of your hands or arms. If you have an ailment or an injury, do not play software titles that contain the vibration function using the DUALSHOCK™3 Wireless Controller unless you have set the vibration function to [Off].
</Text>
	<Text name="msg_health_warning_detail_scea_11">・Avoid prolonged use of the DUALSHOCK™3 Wireless Controller. Take a break at about 30-minute intervals.
・Note that some software titles set the vibration function to [On] by default. To disable the vibration function, press the PS button of the controller, and then select [Controller Settings]→ [Vibration Function]→[Off].



</Text>
	<Text name="msg_health_warning_detail_scea_12">・Use in a well-lit area and keep as far away as possible from the television screen.
・Avoid prolonged use of the PS3™ system and wireless controller.
</Text>
	<Text name="msg_health_warning_detail_scea_13">・Stop using the system immediately if you begin to feel tired or if you experience discomfort or pain in your hands or arms while operating the wireless controller. If the condition persists, consult a doctor.
</Text>
	<Text name="msg_health_warning_detail_scea_14">・If you experience any of the following health problems, discontinue use of the system immediately. If symptoms persist, consult with your doctor.
- Dizziness, nausea, fatigue or symptoms similar to motion sickness
- Discomfort or pain in a part of the body, such as eyes, ears, hands or arms</Text>
	<Text name="msg_health_warning_detail_scej_1">光の刺激によって引き起こされる発作について

</Text>
	<Text name="msg_health_warning_detail_scej_2">点滅を繰り返す画面や、その他の光の刺激によって、まれに、目の痛み、視覚異常、偏頭痛、けいれんや意識障害（失神など）などの症状（光感受性発作）が起きることがあります。こうした症状のある方は、事前に必ず医師に相談してください。

</Text>
	<Text name="msg_health_warning_detail_scej_3">こんなときはすぐに使用を中止する
</Text>
	<Text name="msg_health_warning_detail_scej_4"><![CDATA[上記の症状に加え、頭痛、めまい、吐き気、疲労感、乗り物酔いに似た症状などを感じたときや、目、耳、手、腕、足など、身体の一部に不快感や痛みを感じたときは、すぐに使用を中止してください。使用を中止しても治らないときは、医師の診察を受けてください。



]]></Text>
	<Text name="msg_health_warning_detail_scej_5">3D映像、3D立体視ゲームについて

</Text>
	<Text name="msg_health_warning_detail_scej_6">3D映像の視聴中や3D対応テレビでの3D立体視ゲームのプレイ中に、目の疲労、気分が悪くなるなどの不快な症状が出ることがあります。不快な症状が出たときは、直ちにテレビのご利用を中止し、回復するまでご利用をお控えください。
3D映像を視聴したり、3D立体視ゲームをプレイしたりするときは、定期的に休憩をとることをおすすめします。必要な休憩の長さや頻度は個人によって異なりますので、ご自身でご判断ください。不快な症状が回復するまで、十分に休憩をとってください。もし症状が続く場合は、医師にご相談ください。
</Text>
	<Text name="msg_health_warning_detail_scej_7"><![CDATA[なお、お子さま(特に6歳未満の子)の視覚は発達段階にあります。お子さまが3D映像を視聴したり、3D立体視ゲームをプレイしたりする前に、小児科や眼科などの医師にご相談いただくことをおすすめします。大人のかたは、お子さまが上記注意点を守るよう監督してください。
最新情報については、ホームページ(http://www.jp.playstation.com/support/)をご覧ください。



]]></Text>
	<Text name="msg_health_warning_detail_scej_8">コントローラの振動機能に対応したソフトウェアについて

</Text>
	<Text name="msg_health_warning_detail_scej_9">振動障害のある方は、バイブレーション（振動）機能を使用しないでください。



</Text>
	<Text name="msg_health_warning_detail_scej_10">・使用するときは部屋を明るくし、できるだけ画面から離れてください。
・疲れているときや睡眠不足のときは、使用を避けてください。
</Text>
	<Text name="msg_health_warning_detail_scej_11">・使用するときは健康のため、1時間ごとに15分程度の休憩を取ってください。
・使用中に体調が悪くなったら、すぐに使用をやめてください。</Text>
	<Text name="msg_health_warning_detail_sceasia_1"><![CDATA[빛의 자극으로 인하여 일어나는 발작에 대하여

]]></Text>
	<Text name="msg_health_warning_detail_sceasia_2"><![CDATA[깜빡이는 화면이나 그 외 빛의 자극에 의해, 아주 드물게 눈이 아프거나 시력이상, 편두 통, 경련 및 의식장애(실신 등) 등의 증상(광과민성 발작)이 일어나는 경우가 있습니다. 이런 증상이 있는 분은 사전에 반드시 의사와 상담해 주십시오.]]></Text>
	<Text name="msg_health_warning_detail_sceasia_3">

이런 경우에는 즉시 사용을 중지해 주십시오
</Text>
	<Text name="msg_health_warning_detail_sceasia_4"><![CDATA[위의 증상에 더하여 두통, 현기증, 구역질, 피로감, 멀미와 비슷한 증상 등을 느끼거나 눈, 귀, 손, 팔, 등 신체의 일부에 불쾌감이나 통증을 느낄 때 는 즉시 사용을 중단해 주십시 오. 사용을 중단해도 나아지지 않는 경우에는 의사의 진찰을 받으십시오.



]]></Text>
	<Text name="msg_health_warning_detail_sceasia_5">3D 영상, 3D 입체 게임에 대하여

</Text>
	<Text name="msg_health_warning_detail_sceasia_6"><![CDATA[3D 영상 시청 중이나 3D 대응 TV에서 3D 입체 게임을 플레이하는 중에 눈의 긴장 및 피로, 구토 증상 등이 나타나는 경우가 있습니다. 불쾌한 증상을 느낀 경우에는 즉시 TV 이용을 중지하고 회복이 될 때까지 이용을 삼가 주십시오. 3D 영상을 시청하거나 3D 입체 게임을 플레이하실 때는 정 적으로 휴식을 취하시기를 권장합니다. 필요한 휴식 시간 및 빈도는 개인에 따라 다릅니다. 불쾌한 증상이 회복될 때까지 충분히 휴식해 주십시오. 약 증상이 계속되는 경우에는 의사와 상담해 주십시오. 또한 어린이(특히 6세 미만)의 시각은 아직 발달 단계에 있습니다. 자녀분이 3D 입체 게임을 플레이하기 전에 소아과나 안과 등의 의사와 상담하시기를 권합니다. 보호자께서는 어린이가 위의 주의사항을 지킬 수 있도록 감독해 주십시오.
]]></Text>
	<Text name="msg_health_warning_detail_sceasia_7">최신정보에 대해서는 아래의 URL을 참조해 주십시오.
</Text>
	<Text name="msg_health_warning_detail_sceasia_8">http://www.playstation.co.kr/info/



</Text>
	<Text name="msg_health_warning_detail_sceasia_9">컨트롤러의 진동 기능에 대응하는 소프트웨어에 대하여

</Text>
	<Text name="msg_health_warning_detail_sceasia_10"><![CDATA[・사용 중 피곤하거나 팔과 손목에 통증이 오는 등 신체 일부에 불쾌감이나 통증을 느꼈 을 때는 즉시 제품의 사용을 중단하고 휴식을 취해 주십 오. 시간이 지나도 불쾌감이 나 통증이 지속될 경우에는 의사의 진찰을 받아주십시오.
]]></Text>
	<Text name="msg_health_warning_detail_sceasia_11"><![CDATA[・DUALSHOCK™3 무선 컨트롤러를 장시간 연속으로 사용하지 마시고 30분 간격으로 휴 식을 취해 주십시오.
・신체상 진동장해가 있는 분은 진동 기능을 사용하지 마십시오.



]]></Text>
	<Text name="msg_health_warning_detail_sceasia_12"><![CDATA[・사용하실 때는 방을 밝게 하고 되도록 화면에서 떨어져 주십시오.
・피곤할 때나 수면이 부족할 때는 사용을 삼가주십시오.
]]></Text>
	<Text name="msg_health_warning_detail_sceasia_13">・사용하실 때는 건강을 위해 1시간마다 15분씩 휴식을 취해 주십시오.
</Text>
	<Text name="msg_health_warning_detail_sceasia_14">・사용중에 몸 상태가 나빠지면 즉시 사용을 중단해 주십시오.</Text>
</TextLang>
