﻿<?xml version="1.0" encoding="utf-8"?>
<!-- This XML was generated by Rcomage v1.1.1 -->
<TextLang>
	<Text name="msg_setting">Definições</Text>
	<Text name="msg_photo">Fotografia</Text>
	<Text name="msg_music">Música</Text>
	<Text name="msg_video">Vídeo</Text>
	<Text name="msg_game">Jogo</Text>
	<Text name="msg_net">Rede</Text>
	<Text name="msg_friend">Amigos</Text>
	<Text name="msg_user">Utilizadores</Text>
	<Text name="msg_login">Efectuar o login</Text>
	<Text name="msg_tv">TV</Text>
	<Text name="msg_tv_video_service">Serviços de TV/Vídeo</Text>
	<Text name="msg_psn">PlayStation®
Network</Text>
	<Text name="msg_power_off_console2">Desligue</Text>
	<Text name="msg_photo_gallery">Photo Gallery</Text>
	<Text name="msg_untitled">Desconhecido</Text>
	<Text name="msg_new_vmc">Criar novo Memory Card interno</Text>
	<Text name="msg_signup">Inscrever-se</Text>
	<Text name="msg_playstation_home">PlayStation®Home</Text>
	<Text name="msg_start_new_chat2">Iniciar nova conversação</Text>
	<Text name="msg_ms">Memory Stick™</Text>
	<Text name="msg_sd">SD Memory Card</Text>
	<Text name="msg_cf">CompactFlash®</Text>
	<Text name="msg_bd_rom">BD-ROM</Text>
	<Text name="msg_bd_r">BD-R</Text>
	<Text name="msg_bd_re">BD-RE</Text>
	<Text name="msg_dvdr">DVD-R</Text>
	<Text name="msg_dvdplusr">DVD+R</Text>
	<Text name="msg_dvdrw">DVD-RW</Text>
	<Text name="msg_dvdplusrw">DVD+RW</Text>
	<Text name="msg_dvdrom">DVD-ROM</Text>
	<Text name="msg_dvdvideo">DVD Video</Text>
	<Text name="msg_dvdvr">DVD-VR</Text>
	<Text name="msg_dvdplusvr">DVD+VR</Text>
	<Text name="msg_avchd">AVCHD</Text>
	<Text name="msg_avcrec">AVCREC</Text>
	<Text name="msg_bdmv">BDMV</Text>
	<Text name="msg_bdav">BDAV</Text>
	<Text name="msg_cdaudio">áudio CD</Text>
	<Text name="msg_cddata">Disco de dados</Text>
	<Text name="msg_sacd">Super Audio CD</Text>
	<Text name="msg_mc_ps1">Memory Card (PS)</Text>
	<Text name="msg_mc_ps2">Memory Card (PS2)</Text>
	<Text name="msg_disc">Disco</Text>
	<Text name="msg_dsd_disc">Disco DSD</Text>
	<Text name="msg_psp">PSP™ (PlayStation®Portable)</Text>
	<Text name="msg_psp_bracket">PSP™ (PlayStation®Portable) %1</Text>
	<Text name="msg_vita_abbreviated">Sistema PS Vita</Text>
	<Text name="msg_psp_name">Nome escolhido</Text>
	<Text name="msg_usb">Dispositivo USB</Text>
	<Text name="msg_usb_id">Dispositivo USB (%1)</Text>
	<Text name="msg_digitalcamera">Câmara digital</Text>
	<Text name="msg_digitalcamera_id">Câmara digital (%1)</Text>
	<Text name="msg_walkman">ATRAC Audio Device</Text>
	<Text name="msg_walkman_id">ATRAC Audio Device (%1)</Text>
	<Text name="msg_cancel">Cancelar</Text>
	<Text name="msg_ok">OK</Text>
	<Text name="msg_fix">OK</Text>
	<Text name="msg_yes">Sim</Text>
	<Text name="msg_no">Não</Text>
	<Text name="msg_on">Ligado</Text>
	<Text name="msg_off">Desligado</Text>
	<Text name="msg_nrml">Normal</Text>
	<Text name="msg_normal">Normal</Text>
	<Text name="msg_plus1">+1</Text>
	<Text name="msg_plus2">+2</Text>
	<Text name="msg_plus3">+3</Text>
	<Text name="msg_plus4">+4</Text>
	<Text name="msg_minus1">-1</Text>
	<Text name="msg_minus2">-2</Text>
	<Text name="msg_minus3">-3</Text>
	<Text name="msg_minus4">-4</Text>
	<Text name="msg_1">1</Text>
	<Text name="msg_2">2</Text>
	<Text name="msg_3">3</Text>
	<Text name="msg_4">4</Text>
	<Text name="msg_5">5</Text>
	<Text name="msg_percent">%1%%</Text>
	<Text name="msg_image_count_value">%1 imagem</Text>
	<Text name="msg_images_count_value">%1 imagens</Text>
	<Text name="msg_track_count_value">%1 faixa</Text>
	<Text name="msg_tracks_count_value">%1 faixas</Text>
	<Text name="msg_title_count_value">%1 título</Text>
	<Text name="msg_titles_count_value">%1 títulos</Text>
	<Text name="msg_savedata_count_value">%1 Gravação</Text>
	<Text name="msg_savedatas_count_value">%1 Gravações</Text>
	<Text name="msg_time_num1">%1:%2:%3</Text>
	<Text name="msg_time_num2">%1:%2'%3''</Text>
	<Text name="msg_time_num3">%1'%2''</Text>
	<Text name="msg_datetime_num1">%1/%2/%3  %4:%5</Text>
	<Text name="msg_am">AM</Text>
	<Text name="msg_pm">PM</Text>
	<Text name="msg_time_hour_num2">%1:%2'</Text>
	<Text name="msg_day_plural">%1 dias</Text>
	<Text name="msg_sort">Ordenar por</Text>
	<Text name="msg_importeddate_f">Data da importação ▲</Text>
	<Text name="msg_importeddate_r">Data da importação ▼</Text>
	<Text name="msg_shootdate_f">Data do filme ▲</Text>
	<Text name="msg_shootdate_r">Data do filme ▼</Text>
	<Text name="msg_sale_year_f">Ano de publicação ▲</Text>
	<Text name="msg_sale_year_r">Ano de publicação ▼</Text>
	<Text name="msg_created_date_time_f">Data da criação ▲</Text>
	<Text name="msg_created_date_time_r">Data da criação ▼</Text>
	<Text name="msg_updated_date_f">Data da actualização ▲</Text>
	<Text name="msg_updated_date_r">Data da actualização ▼</Text>
	<Text name="msg_format_f">Formatar</Text>
	<Text name="msg_imagename_f">Nome da imagem</Text>
	<Text name="msg_albumname_f">Nome do álbum</Text>
	<Text name="msg_genre_f">Nome do género</Text>
	<Text name="msg_artist_f">Nome do artista</Text>
	<Text name="msg_track_f">Nome da faixa</Text>
	<Text name="msg_title_f">Nome do título</Text>
	<Text name="msg_subtitle_f">Subtítulo</Text>
	<Text name="msg_start_date_f">Recém-jogado</Text>
	<Text name="msg_folder_class">Conteúdo de grupo</Text>
	<Text name="msg_all">Todas</Text>
	<Text name="msg_year_folder">Por Ano</Text>
	<Text name="msg_month_folder">Por Mês</Text>
	<Text name="msg_album_folder">Por álbum</Text>
	<Text name="msg_genre_folder">Por Género</Text>
	<Text name="msg_artist_folder">Por srtista</Text>
	<Text name="msg_sale_year_folder">Por ano de publicação</Text>
	<Text name="msg_track_folder">Por faixa</Text>
	<Text name="msg_title_folder">Por título</Text>
	<Text name="msg_format_folder">Por formato</Text>
	<Text name="msg_copy">Copiar</Text>
	<Text name="msg_copy_plural">Copiar vários</Text>
	<Text name="msg_del">Eliminar</Text>
	<Text name="msg_del_plural">Eliminar vários</Text>
	<Text name="msg_slideshow">Apresentação</Text>
	<Text name="msg_display_all">Apresentar todos</Text>
	<Text name="msg_cddbdata_get">Obter Informação do CD</Text>
	<Text name="msg_import">Importar</Text>
	<Text name="msg_titlelist">Lista de títulos</Text>
	<Text name="msg_play">Reproduzir</Text>
	<Text name="msg_play_begin">Reproduzir desde o Início</Text>
	<Text name="msg_smove">Mudar</Text>
	<Text name="msg_disc_eject">Remover disco</Text>
	<Text name="msg_info">Informação</Text>
	<Text name="msg_repeat">Repetir</Text>
	<Text name="msg_shuffle">Aleatório</Text>
	<Text name="msg_pause">Pausa</Text>
	<Text name="msg_display">Visualização</Text>
	<Text name="msg_volume_control">Controlo de volume</Text>
	<Text name="msg_plus">+</Text>
	<Text name="msg_minus">-</Text>
	<Text name="msg_slideshow_with_icon">Apresentação </Text>
	<Text name="msg_fix_with_icon">OK </Text>
	<Text name="msg_folder_class_with_icon">Conteúdo de grupo </Text>
	<Text name="msg_option_with_icon">: Opções</Text>
	<Text name="msg_help_start">: Iniciar</Text>
	<Text name="msg_copy_psplus_with_icon">Copiar </Text>
	<Text name="msg_copy_plural_psplus_with_icon">Copiar vários </Text>
	<Text name="msg_savedata_auto_upload_psplus_with_icon">Carregamento automático dos dados guardados </Text>
	<Text name="msg_icon_start"></Text>
	<Text name="msg_info_none">-</Text>
	<Text name="msg_format">Formato</Text>
	<Text name="msg_size">Tamanho</Text>
	<Text name="msg_space">Espaço livre</Text>
	<Text name="msg_shoot_date">Filmado</Text>
	<Text name="msg_updated_date">Actualizado</Text>
	<Text name="msg_corrupted_data">Dados corrompidos</Text>
	<Text name="msg_unsupported_data">Dados incompatíveis</Text>
	<Text name="msg_folder">Pasta</Text>
	<Text name="msg_resolution">Resolução</Text>
	<Text name="msg_multiply">%1 x %2</Text>
	<Text name="msg_image">Imagem</Text>
	<Text name="msg_image_count">Imagens</Text>
	<Text name="msg_camera">Dispositivo de Filmar</Text>
	<Text name="msg_album">Álbum</Text>
	<Text name="msg_genre">Género</Text>
	<Text name="msg_artist">Artista</Text>
	<Text name="msg_imported_size">Tamanho Após Importação</Text>
	<Text name="msg_size_counting">A contar...</Text>
	<Text name="msg_sale_year">Publicado</Text>
	<Text name="msg_play_time">Duração</Text>
	<Text name="msg_comment">Comentário</Text>
	<Text name="msg_samplingfrequency">Frequência da Amostra</Text>
	<Text name="msg_disc_number">Número do Disco</Text>
	<Text name="msg_track_count">Faixas</Text>
	<Text name="msg_track_number">Número da Faixa</Text>
	<Text name="msg_track">Faixa</Text>
	<Text name="msg_bpm">BPM</Text>
	<Text name="msg_codec">Codec</Text>
	<Text name="msg_lastplay_datetime">Última Reprodução</Text>
	<Text name="msg_ch">Canal</Text>
	<Text name="msg_various_artists">Vários Artistas</Text>
	<Text name="msg_imported_date">Importado</Text>
	<Text name="msg_created_date">Filmado</Text>
	<Text name="msg_start_date">Início em</Text>
	<Text name="msg_expiration_date">Expira</Text>
	<Text name="msg_remaining_time">Horas Restantes</Text>
	<Text name="msg_play_count">Vezes reproduzido</Text>
	<Text name="msg_file_number">Número do ficheiro</Text>
	<Text name="msg_title">Título</Text>
	<Text name="msg_subtitle">Subtítulo</Text>
	<Text name="msg_disc_type">Tipo de Disco</Text>
	<Text name="msg_disc_protect">Bloqueio por palavra-passe</Text>
	<Text name="msg_title_count">Títulos</Text>
	<Text name="msg_video_codec">Codec de vídeo</Text>
	<Text name="msg_audio_codec">Codec de áudio</Text>
	<Text name="msg_file_type">Tipo de ficheiro</Text>
	<Text name="msg_mediaserver">Servidor multimédia</Text>
	<Text name="msg_dlna_date_time">Dia e hora</Text>
	<Text name="msg_produced_date">Produzido</Text>
	<Text name="msg_info_valid_from">Início em</Text>
	<Text name="msg_info_valid_to">Expira</Text>
	<Text name="msg_magicgate">MagicGate™</Text>
	<Text name="msg_mg_supported">Suportado</Text>
	<Text name="msg_mg_not_supported">Não Suportado</Text>
	<Text name="msg_info_unknown">Desconhecido</Text>
	<Text name="msg_savedata_count">Gravações</Text>
	<Text name="msg_model">Modelo</Text>
	<Text name="msg_can_play_only_for_variable_hours">(Note que o conteúdo só pode ser reproduzido novamente dentro de %1 horas depois da primeira reprodução.)</Text>
	<Text name="msg_can_play_only_for_variable_hours_game">(Note que o conteúdo só pode ser reproduzido novamente dentro de %1 minutos depois da primeira inicialização.)</Text>
	<Text name="msg_video_description">Descrição</Text>
	<Text name="msg_copyright">Informação de Direitos de Autor</Text>
	<Text name="msg_owner">Comprador</Text>
	<Text name="msg_all_use_content_delete_cannot_use">Este conteúdo pode ser utilizado por outros utilizadores que não os compradores do conteúdo. No entanto, se todos os compradores forem eliminados, já não poderá utilizar o conteúdo.</Text>
	<Text name="msg_need_save_psn_pw_other_owner_use_content">Este conteúdo pode ser utilizado por outros utilizadores que não os compradores do conteúdo. Porém, a palavra-passe da Sony Entertainment Network do comprador deverá ser guardada no sistema para outros utilizadores utilizarem o conteúdo.</Text>
	<Text name="msg_jpeg">JPEG</Text>
	<Text name="msg_gif">GIF</Text>
	<Text name="msg_png">PNG</Text>
	<Text name="msg_tiff">TIFF</Text>
	<Text name="msg_bmp">BMP</Text>
	<Text name="msg_mpo">MPO (MP Format)</Text>
	<Text name="msg_aac_kbps">AAC %1 kbps</Text>
	<Text name="msg_mp3_kpbs">MP3 %1 kbps</Text>
	<Text name="msg_atrac_kbps">ATRAC %1 kbps</Text>
	<Text name="msg_wma_kbps">WMA %1 kbps</Text>
	<Text name="msg_lpcm_bit_ch">PCM Linear  %1 bit  Can. %2</Text>
	<Text name="msg_non_lpcm">Non-linear PCM %1 kbps</Text>
	<Text name="msg_dsd_ch">DSD %1 canais</Text>
	<Text name="msg_dolby">Dolby Digital</Text>
	<Text name="msg_mpeg1">MPEG-1</Text>
	<Text name="msg_mpeg2">MPEG-2</Text>
	<Text name="msg_mpeg2_ts">MPEG-2 TS</Text>
	<Text name="msg_mpeg4">MPEG-4</Text>
	<Text name="msg_mpeg_layer1">MPEG Layer 1</Text>
	<Text name="msg_mpeg_layer2">MPEG Layer 2</Text>
	<Text name="msg_mpeg_layer3">MPEG Layer 3</Text>
	<Text name="msg_avc">AVC</Text>
	<Text name="msg_motion_jpeg">Motion JPEG</Text>
	<Text name="msg_divx">DivX®</Text>
	<Text name="msg_wmv">VC-1 (WMV)</Text>
	<Text name="msg_mpeg1_mbps">MPEG-1 %1 Mbps</Text>
	<Text name="msg_mpeg2_mbps">MPEG-2 %1 Mbps</Text>
	<Text name="msg_mpeg2_ts_mbps">MPEG-2 TS %1 Mbps</Text>
	<Text name="msg_mpeg4_mbps">MPEG-4 %1 Mbps</Text>
	<Text name="msg_avc_kbps">AVC %1 kbps</Text>
	<Text name="msg_khz">%1 kHz</Text>
	<Text name="msg_kbps">%1 kbps</Text>
	<Text name="msg_mbps">%1 Mbps</Text>
	<Text name="msg_ch_2">Can.2</Text>
	<Text name="msg_multi_ch">Multicanais</Text>
	<Text name="msg_power_off_console">Desligue o sistema</Text>
	<Text name="msg_turnoff_system_ask">Pretende desligar o sistema?</Text>
	<Text name="msg_after_background_download_auto_turn_off">Desligar sistema automaticamente após transferência em segundo plano</Text>
	<Text name="msg_slot_assign">Atribuir ranhuras</Text>
	<Text name="msg_slot1">Ranhura 1</Text>
	<Text name="msg_slot2">Ranhura 2</Text>
	<Text name="msg_eject">Remover</Text>
	<Text name="msg_user_name">Nome de Utilizador</Text>
	<Text name="msg_need_quit_to_operate_ask">Para realizar esta operação, deverá fechar [%1].
Pretende fechar o software agora?</Text>
	<Text name="msg_error_hdd_full_perform_operation">Não há espaço livre suficiente no armazenamento do sistema.
Para realizar esta operação, necessita de, pelo menos, mais %1 de espaço livre.</Text>
	<Text name="msg_content_already_copied">Este conteúdo pode já ter sido copiado.</Text>
	<Text name="msg_save_newly">Grave novo</Text>
	<Text name="msg_original_content">Conteúdo actual</Text>
	<Text name="msg_new_content">Novo conteúdo</Text>
	<Text name="msg_save_destination_select">Seleccione o destino.</Text>
	<Text name="msg_error_no_storagemedia">Ligue os suportes de armazenamento no destino seleccionado para guardar.</Text>
	<Text name="msg_ps3_photo">Armazenamento do sistema (Foto)</Text>
	<Text name="msg_ps3_video">Armazenamento do sistema (vídeo)</Text>
	<Text name="msg_ps3_music">Armazenamento do sistema (Música)</Text>
	<Text name="msg_folder_name">Nome da Pasta</Text>
	<Text name="msg_same_name_file">Já existe um ficheiro com o mesmo nome no destino seleccionado para guardar.</Text>
	<Text name="msg_different_name_save">Renomear e Guardar</Text>
	<Text name="msg_overwrite_save">Gravar por cima e guardar</Text>
	<Text name="msg_save_no">Não guardar</Text>
	<Text name="msg_save_yes">Guardar</Text>
	<Text name="msg_apply_all">Aplicar a todos</Text>
	<Text name="msg_select_all">Seleccionar todos</Text>
	<Text name="msg_deselect_all">Eliminar todos</Text>
	<Text name="msg_copying">A copiar...
Por favor, aguarde.</Text>
	<Text name="msg_copied">Cópia concluída.</Text>
	<Text name="msg_copy_incomplete_ms_ask">Não existe espaço livre suficiente no Memory Stick™. Não é possível concluir a operação de cópia com sucesso.
Deseja continuar?</Text>
	<Text name="msg_copy_incomplete_sd_ask">Não existe espaço livre suficiente no SD Memory Card. Não é possível concluir a operação de cópia com sucesso.
Deseja continuar?</Text>
	<Text name="msg_copy_incomplete_cf_ask">Não existe espaço livre suficiente no CompactFlash®. Não é possível concluir a operação de cópia com sucesso.
Deseja continuar?</Text>
	<Text name="msg_copy_incomplete_usb_ask">Não existe espaço livre suficiente no dispositivo USB. Não é possível concluir a operação de cópia com sucesso.
Deseja continuar?</Text>
	<Text name="msg_copy_incomplete_hdd_ask">Não existe espaço livre suficiente no armazenamento do sistema. Não é possível concluir a operação de cópia com sucesso.
Deseja continuar?</Text>
	<Text name="msg_copy_incomplete">Não há espaço livre suficiente. A operação de cópia não foi concluída.</Text>
	<Text name="msg_completed_count">Concluído</Text>
	<Text name="msg_copy_cancel_ask">Deseja cancelar a  operação de cópia?</Text>
	<Text name="msg_error_content_over_copy">Foi atingido o número máximo de itens de conteúdo que podem ser guardados. A operação de cópia não foi concluída.</Text>
	<Text name="msg_copied_delete_content_saved_ps3_ask">Cópia concluída.
Pretende eliminar o conteúdo actual guardado no sistema PS3™?</Text>
	<Text name="msg_sure_to_delete_ask">Tem a certeza de que pretende eliminar?</Text>
	<Text name="msg_deleting">A eliminar...
Por favor, aguarde.</Text>
	<Text name="msg_deleted">Eliminação concluída.</Text>
	<Text name="msg_cannot_delete_folder_on_this_system">A pasta não pode ser eliminada utilizando este sistema.</Text>
	<Text name="msg_change_upfolder">Mudar para Pasta Acima</Text>
	<Text name="msg_create_newfolder">Criar Nova Pasta</Text>
	<Text name="msg_folder_name_new">Nova Pasta %1</Text>
	<Text name="msg_error_no_folder">Não existe pasta.</Text>
	<Text name="msg_wait">Por favor, aguarde...</Text>
	<Text name="msg_error">Ocorreu um erro.</Text>
	<Text name="msg_error_corrupted_data">Os dados estão corrompidos.</Text>
	<Text name="msg_error_unsupported_data">O tipo de dados não é compatível.</Text>
	<Text name="msg_error_copy">Ocorreu um erro durante a operação de cópia.</Text>
	<Text name="msg_error_del">Ocorreu um erro durante a operação de eliminação.</Text>
	<Text name="msg_error_no_name">Não foi introduzido nenhum nome.
Introduza um nome com pelo menos 1 caracter.</Text>
	<Text name="msg_error_ms_full">Não existe espaço livre suficiente no Memory Stick™.</Text>
	<Text name="msg_error_ms_locked">O Memory Stick™ está bloqueado.</Text>
	<Text name="msg_error_ms_no_access">Não é possível aceder ao Memory Stick™.</Text>
	<Text name="msg_error_ms_no_read">Não é possível ler este Memory Stick™.</Text>
	<Text name="msg_error_no_ms">Não está introduzido nenhum Memory Stick™.</Text>
	<Text name="msg_error_sd_full">Não existe espaço livre suficiente no SD Memory Card.</Text>
	<Text name="msg_error_sd_locked">O SD Memory Card está bloqueado.</Text>
	<Text name="msg_error_sd_no_access">Não é possível aceder ao SD Memory Card.</Text>
	<Text name="msg_error_sd_no_read">Não é possível ler o SD Memory Card.</Text>
	<Text name="msg_error_no_sd">Não está introduzido nenhum SD Memory Card.</Text>
	<Text name="msg_error_cf_full">Não existe espaço livre suficiente no CompactFlash®.</Text>
	<Text name="msg_error_cf_locked">O CompactFlash® está bloqueado.</Text>
	<Text name="msg_error_cf_no_access">Não é possível aceder ao CompactFlash®.</Text>
	<Text name="msg_error_cf_no_read">Não é possível ler o CompactFlash®.</Text>
	<Text name="msg_error_no_cf">Não está introduzido nenhum CompactFlash®.</Text>
	<Text name="msg_error_usb_full">Não existe espaço livre suficiente no dispositivo USB.</Text>
	<Text name="msg_error_usb_locked">O dispositivo USB está bloqueado.</Text>
	<Text name="msg_error_usb_no_access">Não é possível aceder ao dispositivo USB.</Text>
	<Text name="msg_error_usb_no_read">Não é possível ler o dispositivo USB.</Text>
	<Text name="msg_error_no_usb">Não está introduzido nenhum dispositivo USB.</Text>
	<Text name="msg_error_hdd_full">Não existe espaço livre suficiente no armazenamento do sistema.</Text>
	<Text name="msg_error_hdd_no_access">Não é possível aceder ao armazenamento do sistema.</Text>
	<Text name="msg_error_no_signin">Deve iniciar a sessão na PlayStation®Network.</Text>
	<Text name="msg_error_no_signup">Deve inscrever-se na Sony Entertainment Network.</Text>
	<Text name="msg_icon_image_select">Seleccione uma imagem para utilizar como ícone.</Text>
	<Text name="msg_icon_change_albumtrack_ask1">Ícones para todas as faixas do álbum serão alterados.
Deseja continuar?</Text>
	<Text name="msg_cannot_display_all_mediaserver">Existem demasiados servidores multimédia.
Alguns servidores de suporte não serão exibidos.</Text>
	<Text name="msg_scan_mediaserver">Pesquisar servidores multimédia</Text>
	<Text name="msg_not_allowed_access_confirm_pls">Não é permitido o acesso ao servidor multimédia. É possível que o nome do sistema para este sistema PS3™, "%1", não tenha sido registado.
Verifique as definições para o servidor multimédia.</Text>
	<Text name="msg_playlists">Listas de reprodução</Text>
	<Text name="msg_playlist_pane">Lista de reprodução</Text>
	<Text name="msg_create_new_playlist">Criar nova lista de reprodução</Text>
	<Text name="msg_to_add_content_playlist_select_edit">Para adicionar conteúdo a esta lista de reprodução, seleccione [Editar] do menu de opções.</Text>
	<Text name="msg_error_cannot_edit_playlist_no_track">Não existem faixas no armazenamento do sistema. Impossível editar a lista de reprodução.</Text>
	<Text name="msg_error_cannot_edit_playlist_no_image">Não existem imagens no armazenamento do sistema. Impossível editar a lista de reprodução.</Text>
	<Text name="msg_error_same_name_cannot_use">Esse nome já está a ser usado.
Introduza outro.</Text>
	<Text name="msg_error_no_content">Não existem ítens de conteúdo.</Text>
	<Text name="msg_add_to_playlist">Adicionar à lista de reprodução</Text>
	<Text name="msg_add_playlist">Adicionar</Text>
	<Text name="msg_add_all_playlist">Adicionar todos</Text>
	<Text name="msg_delete_playlist_ask">A lista de reprodução será eliminada.
Tem a certeza de que quer continuar?</Text>
	<Text name="msg_error_startdate_video">O conteúdo não está disponível antes da data de início.</Text>
	<Text name="msg_error_expired_video">O conteúdo expirou e já não está disponível.</Text>
	<Text name="msg_info_no_time_limit">Sem limite de tempo</Text>
	<Text name="msg_info__expired">Expirou</Text>
	<Text name="msg_expires_on_variable">Expira %1</Text>
	<Text name="msg_error_timelimited_video"><![CDATA[Este conteúdo tem um limite de tempo.
Para efectuar esta operação, vá a [Definições] > [Definições de data e hora] > [Data e hora], e seleccione [Configurar através da Internet] para definir a hora e o dia.]]></Text>
	<Text name="msg_can_play_variable_first_play_now_ask">Este conteúdo pode apenas ser reproduzido durante %1 horas após a primeira reprodução.
Pretende reproduzi-lo agora?</Text>
	<Text name="msg_del_content_cannot_dl_again_conf_psn">O conteúdo será eliminado, não sendo possível transferi-lo de novo.
Tem a certeza de que pretende continuar?</Text>
	<Text name="msg_to_enable_setting_enable_auto_login">As alterações que fez inabilitaram as seguintes definições.
%1

Para activar estas definições, deverá definir um Utilizador para efectuar o login automático em [Utilizadores]. Para informações sobre como definir a opção de efectuar o login automático, consulte o manual de instruções online.</Text>
	<Text name="msg_to_enable_setting_enable_auto_signin">As alterações que fez inabilitaram as seguintes definições.
%1

Para activar estas definições, deverá estar definido para início automático de sessão à PlayStation®Network. Para informações sobre como definir a opção de início automático de sessão, consulte o manual de instruções online.</Text>
	<Text name="msg_remoteplay_remote_start"><![CDATA[[Definições] > [Definições de reprodução remota] > [Início remoto]]]></Text>
	<Text name="msg_console_setting_auto_download"><![CDATA[[Definições] > [Definições de sistema] > [Actualização automática]]]></Text>
	<Text name="msg_lang_japan">Japonês</Text>
	<Text name="msg_lang_english">Inglês</Text>
	<Text name="msg_lang_french">Francês</Text>
	<Text name="msg_lang_spanish">Espanhol</Text>
	<Text name="msg_lang_german">Alemão</Text>
	<Text name="msg_lang_italian">Italiano</Text>
	<Text name="msg_lang_dutch">Holandês</Text>
	<Text name="msg_lang_portuguese">Português</Text>
	<Text name="msg_lang_russian">Russo</Text>
	<Text name="msg_lang_polish">Polaco</Text>
	<Text name="msg_lang_finnish">Finlandês</Text>
	<Text name="msg_lang_danish">Dinamarquês</Text>
	<Text name="msg_lang_norwegian">Norueguês</Text>
	<Text name="msg_lang_swedish">Sueco</Text>
	<Text name="msg_lang_turkish">Turco</Text>
	<Text name="msg_lang_korean">Coreano</Text>
	<Text name="msg_lang_chinese_t">Chinês tradicional</Text>
	<Text name="msg_lang_chinese_s">Chinês simplificado</Text>
	<Text name="msg_lpcm">PCM linear</Text>
	<Text name="msg_display_on">Apresentar</Text>
	<Text name="msg_display_off">Não Apresentar</Text>
	<Text name="msg_macaddress">Endereço MAC</Text>
	<Text name="msg_ipaddress">Endereço IP</Text>
	<Text name="msg_atrac_not_activated_set_pls"><![CDATA[ATRAC não está activado.
Vá para [Definições] > [Definições de sistema] e active ATRAC.]]></Text>
	<Text name="msg_backup">Fazer cópia de segurança</Text>
	<Text name="msg_restore">Restaurar</Text>
	<Text name="msg_audio_device_setting">Definições de dispositivos áudio</Text>
	<Text name="msg_print">Imprimir</Text>
	<Text name="msg_manufacturer">Fabricante</Text>
	<Text name="msg_10min">Após 10 minutos</Text>
	<Text name="msg_20min">Após 20 minutos</Text>
	<Text name="msg_30min">Após 30 minutos</Text>
	<Text name="msg_remain_time">Tempo restante</Text>
	<Text name="msg_others">Outros</Text>
	<Text name="msg_level_1">Nível 1</Text>
	<Text name="msg_level_2">Nível 2</Text>
	<Text name="msg_level_3">Nível 3</Text>
	<Text name="msg_level_4">Nível 4</Text>
	<Text name="msg_level_5">Nível 5</Text>
	<Text name="msg_level_6">Nível 6</Text>
	<Text name="msg_level_7">Nível 7</Text>
	<Text name="msg_level_8">Nível 8</Text>
	<Text name="msg_level_9">Nível 9</Text>
	<Text name="msg_level_10">Nível 10</Text>
	<Text name="msg_level_11">Nível 11</Text>
	<Text name="msg_gameetc_pc">Controlo parental</Text>
	<Text name="msg_netservice">PlayStation®Network</Text>
	<Text name="msg_error_server_connect_timeout">A ligação ao servidor excedeu o tempo.</Text>
	<Text name="msg_cannot_operate_in_demonstration_mode">Não é possível utilizar esta operação durante o modo de demonstração.</Text>
	<Text name="msg_tool_install_file"><![CDATA[★ Install Package Files]]></Text>
	<Text name="msg_tool_app_home_ps3_game"><![CDATA[★ /app_home/PS3_GAME/]]></Text>
	<Text name="msg_tool_title_store_preview">Title Store Preview</Text>
	<Text name="msg_tool_title_store_preview_ingame"><![CDATA[★ Title Store Preview (inGame)]]></Text>
	<Text name="msg_tool_title_store_preview_store"><![CDATA[★ Title Store Preview (Store)]]></Text>
	<Text name="msg_tool_lock"><![CDATA[★ Lock]]></Text>
	<Text name="msg_tool_unlock"><![CDATA[★ Unlock]]></Text>
	<Text name="msg_tool_check"><![CDATA[★ Check]]></Text>
	<Text name="msg_tool_cancel_purchase"><![CDATA[★ Cancel Purchase]]></Text>
	<Text name="msg_tool_del"><![CDATA[★ Delete]]></Text>
	<Text name="msg_tool_import"><![CDATA[★ Import]]></Text>
	<Text name="msg_tool_export"><![CDATA[★ Export]]></Text>
	<Text name="msg_tool_quick_sign_up"><![CDATA[★ Quick Sign Up]]></Text>
	<Text name="msg_tool_performance_bar"><![CDATA[★ Performance Bar]]></Text>
	<Text name="msg_tool_no_memory_limit"><![CDATA[★ No Memory Limit]]></Text>
	<Text name="msg_tool_quick_preview"><![CDATA[★ Quick Preview]]></Text>
	<Text name="msg_tool_owner_info"><![CDATA[★ Owner Information]]></Text>
	<Text name="msg_no_trophy">There are no trophies.</Text>
	<Text name="msg_bdu_software">Software</Text>
	<Text name="msg_digitalcamera_image">Imagens de câmara digital</Text>
	<Text name="msg_del_image_ask">A imagem será eliminada.
Tem a certeza de que pretende continuar?</Text>
	<Text name="msg_del_images_ask">As imagens serão eliminadas.
Tem a certeza de que pretende continuar?</Text>
	<Text name="msg_del_camerafolder_ask">A pasta e respectivas imagens, incluindo as imagens protegidas, serão eliminadas.
Tem a certeza de que pretende continuar?</Text>
	<Text name="msg_del_image_protected_ask">Esta imagem está protegida.
Tem a certeza de que pretende eliminar a imagem?</Text>
	<Text name="msg_del_imagefolder_ask">A pasta e respectivas imagens serão eliminadas.
Tem a certeza de que pretende continuar?</Text>
	<Text name="msg_error_del_imagefolder">Eliminação falhada.
A pasta contém dados de outros tipos para além de dados de imagem.</Text>
	<Text name="msg_del_image_select">Seleccione as imagens a eliminar.</Text>
	<Text name="msg_copy_image_select">Seleccione as imagens a copiar.</Text>
	<Text name="msg_error_no_image_copy">Não há imagens que possam ser copiadas.</Text>
	<Text name="msg_error_no_image">Não existem imagens.</Text>
	<Text name="msg_mmyyyy_jan">Jan %1</Text>
	<Text name="msg_mmyyyy_feb">Fev %1</Text>
	<Text name="msg_mmyyyy_mar">Mar %1</Text>
	<Text name="msg_mmyyyy_apr">Abr %1</Text>
	<Text name="msg_mmyyyy_may">Mai %1</Text>
	<Text name="msg_mmyyyy_jun">Jun %1</Text>
	<Text name="msg_mmyyyy_jul">Jul %1</Text>
	<Text name="msg_mmyyyy_aug">Ago %1</Text>
	<Text name="msg_mmyyyy_sep">Set %1</Text>
	<Text name="msg_mmyyyy_oct">Out %1</Text>
	<Text name="msg_mmyyyy_nov">Nov %1</Text>
	<Text name="msg_mmyyyy_dec">Dez %1</Text>
	<Text name="msg_yyyy">%1</Text>
	<Text name="msg_slideshow_type1">Diapositivo</Text>
	<Text name="msg_slideshow_type2">Retrato</Text>
	<Text name="msg_slideshow_type3">Álbum de fotos</Text>
	<Text name="msg_slideshow_type4">Álbum de fotos 2</Text>
	<Text name="msg_piccto_explanation">Crie um espaço para desfrutar e optimizar as suas fotografias.
Transforme em minutos as fotografias do seu sistema PS3™ em excelentes álbuns.
É possível ordenar as suas fotografias por temas, adicionar música para optimizar uma apresentação ou adicionar molduras personalizadas às suas fotografias. Quantas mais fotografias adicionar, maior será a sua diversão - as possibilidades são ilimitadas!</Text>
	<Text name="msg_piccto_explanation_sd">Crie um espaço para desfrutar e optimizar as suas fotografias.
Transforme em minutos as fotografias do seu sistema PS3™ em excelentes álbuns.</Text>
	<Text name="msg_cddbdata_getting">A obter informação do CD...
Por favor, aguarde.</Text>
	<Text name="msg_cddbdata_pluralfound_select">Foram encontrados vários itens de informação do CD.
Seleccione o item de informação do CD adequado.</Text>
	<Text name="msg_cddbdata_send">Enviar informação do CD</Text>
	<Text name="msg_cddbdata_sending">A enviar informação do CD...
Por favor, aguarde.</Text>
	<Text name="msg_select_import">Importar várias</Text>
	<Text name="msg_select_import_pls">Seleccionar faixas a importar.</Text>
	<Text name="msg_copy_track_select">Seleccione as faixas a copiar.</Text>
	<Text name="msg_del_track_protected_ask">Esta faixa está protegida.
Tem a certeza de que pretende eliminar a faixa?</Text>
	<Text name="msg_del_folder_track_protected_ask">A pasta e respectivas faixas, incluindo faixas protegidas, serão eliminadas.
Tem a certeza de que pretende continuar?</Text>
	<Text name="msg_cannot_copy_protected_truck">As faixas protegidas por direitos de autor não serão copiadas.</Text>
	<Text name="msg_copied_except_copyright_protected_track">Cópia concluída.
As faixas protegidas por direitos de autor não foram copiadas.</Text>
	<Text name="msg_del_track_select">Seleccione as faixas a eliminar.</Text>
	<Text name="msg_del_track_ask">Tem a certeza de que pretende eliminar a faixa?</Text>
	<Text name="msg_del_tracks_ask">Tem a certeza de que pretende eliminar as faixas seleccionadas?</Text>
	<Text name="msg_del_trackfolder_ask">A pasta e respectivas faixas serão eliminadas.
Tem a certeza de que pretende continuar?</Text>
	<Text name="msg_error_del_trackfolder_different">Não foi possível eliminar a pasta.
A pasta contém dados de outros tipos para além de dados de música.</Text>
	<Text name="msg_importing">A importar...
Por favor, aguarde.</Text>
	<Text name="msg_import_cancel_ask">Deseja cancelar a operação de importação?</Text>
	<Text name="msg_imported">Importação concluída.</Text>
	<Text name="msg_error_import">Ocorreu um erro durante a operação de importação.</Text>
	<Text name="msg_error_track_over">Foi atingido o número máximo de faixas que podem ser guardadas.
 A operação de importação parou.</Text>
	<Text name="msg_error_no_trackfolder_copy">Não há faixas que possam ser copiadas.</Text>
	<Text name="msg_error_copyright_track">A informação de protecção de direitos de autor é inválida.</Text>
	<Text name="msg_changedinfo_save_music_ask">Deseja guardar a informação revista?
O conteúdo revisto será aplicado a todas as faixas da pasta.</Text>
	<Text name="msg_error_no_track">Não existem faixas.</Text>
	<Text name="msg_error_no_nexttrack">Não existe nenhuma faixa disponível.</Text>
	<Text name="msg_error_no_prevtrack">Não existe nenhuma faixa disponível.</Text>
	<Text name="msg_track_number_value">Faixa %1</Text>
	<Text name="msg_digitalcamera_video">Filmes de câmara digital</Text>
	<Text name="msg_psstore_video_offline_explanation_sd">A PlayStation®Store é o único lugar para alugar ou possuir os filmes mais recentes para os seus sistemas PS3™, PS Vita e PSP™.
Visite a PlayStation®Store hoje.</Text>
	<Text name="msg_psstore_video_offline_explanation_hd">A PlayStation®Store é o único lugar para alugar ou possuir os filmes mais recentes para os seus sistemas PS3™, PS Vita e PSP™.
Visite a PlayStation®Store hoje.</Text>
	<Text name="msg_error_no_title">Não existem títulos.</Text>
	<Text name="msg_error_title_over">Foi atingido o número máximo de títulos que podem ser guardados.</Text>
	<Text name="msg_copy_title_select">Seleccione os títulos a copiar.</Text>
	<Text name="msg_copy_titlefolder2">Os títulos protegidos por direitos de autor não serão copiados.</Text>
	<Text name="msg_error_no_title_copy">Não existem nenhuns títulos que possam ser copiados.</Text>
	<Text name="msg_error_magicgate_device_required">Para efectuar esta operação é necessário um dispositivo USB compatível com funcionalidades de protecção de direitos de autor.</Text>
	<Text name="msg_copied_except_copyright_protected_title">Cópia concluída.
Os títulos protegidos por direitos de autor não foram copiados.</Text>
	<Text name="msg_title_number_value">Título %1</Text>
	<Text name="msg_smove_destination_select">Seleccionar um destino.</Text>
	<Text name="msg_smoving">A mudar...
Por favor, aguarde.</Text>
	<Text name="msg_smove_cancel_ask">Pretende cancelar a operação de mudança?</Text>
	<Text name="msg_smoved">Operação de mudança concluída.</Text>
	<Text name="msg_error_smove">Ocorreu um erro durante a operação de mudança.</Text>
	<Text name="msg_error_move_mspro">Não é possível concluir a operação de mudança.
Para mudar este título deverá utilizar um Memory Stick PRO™.</Text>
	<Text name="msg_del_title_select">Seleccione o título que pretende eliminar.</Text>
	<Text name="msg_del_title_ask">O título será eliminado.
Tem a certeza de que pretende continuar?</Text>
	<Text name="msg_del_titles_ask">Os títulos seleccionados serão eliminados.
Tem a certeza de que pretende continuar?</Text>
	<Text name="msg_del_titlefolder_ask">A pasta e respectivos títulos serão eliminados.
Tem a certeza de que pretende continuar?</Text>
	<Text name="msg_del_camerafolder_video_ask">A pasta e respectivos títulos, incluindo os títulos protegidos, serão eliminados.
Tem a certeza de que pretende continuar?</Text>
	<Text name="msg_del_title_protected_ask">Este título está protegido.
Tem a certeza de que pretende eliminar o título?</Text>
	<Text name="msg_error_del_movie_folder">Impossível eliminar a pasta.
A pasta contém dados de outros tipos para além de dados de vídeo.</Text>
	<Text name="msg_error_smove_prohibit">Não é possível mudar este disco.</Text>
	<Text name="msg_corrupted_copyright">A informação de protecção de direitos de autor está corrompida e será restaurada.</Text>
	<Text name="msg_error_corrupted_copyright">Ocorreu um erro durante a restauração da informação de protecção de direitos de autor.</Text>
	<Text name="msg_error_no_execute">Este comando não pode ser executado.</Text>
	<Text name="msg_video_editor_and_upload">Editor e carregador de vídeos</Text>
	<Text name="msg_video_editor_explanation">Pode editar um vídeo de que goste, carregá-lo para um Web site de partilha de vídeos e, em seguida, convidar os seus amigos para verem o vídeo.</Text>
	<Text name="msg_create_new_video">Criar novo vídeo</Text>
	<Text name="msg_del_content_ask">O conteúdo será eliminado.
Tem a certeza de que pretende continuar?</Text>
	<Text name="msg_error_create_content_number_over">Foi atingido o número máximo de itens de conteúdo que podem ser criados.</Text>
	<Text name="msg_backup_data_utility">Utilitário de Dados da Cópia de Segurança</Text>
	<Text name="msg_bd_data_utility">Utilitário de dados BD</Text>
	<Text name="msg_common_cache_data">Dados cache partilhados</Text>
	<Text name="msg_bd_data_delete_ask">Os dados BD serão eliminados.
Tem a certeza de que pretende continuar?</Text>
	<Text name="msg_service_coming_soon">Este serviço estará disponível em breve.</Text>
	<Text name="msg_service_app_install_folder">Os meus canais</Text>
	<Text name="msg_vita_application_utility">Utilitário da aplicação do sistema PS Vita</Text>
	<Text name="msg_applications_vita">Aplicações (PS Vita)</Text>
	<Text name="msg_applications_psp_other">Aplicações (PSP™/outro)</Text>
	<Text name="msg_applications_ps1">Aplicações (PS)</Text>
	<Text name="msg_applications_psm">Aplicações (PlayStation®Mobile)</Text>
	<Text name="msg_gamedata_utility">Utilitário de dados de jogos</Text>
	<Text name="msg_savedata_utility_ps3">Utilitário de dados guardados (PS3™)</Text>
	<Text name="msg_savedata_utility_ps2">Utilitário de Dados Guardados (PS2)</Text>
	<Text name="msg_savedata_utility_minis_psp">Utilitário de Dados Guardados (minis/PSP™)</Text>
	<Text name="msg_savedata_utility_psp_emu_psp">Utilitário de Dados Guardados (PSP™ Remaster/PSP™)</Text>
	<Text name="msg_savedata_utility_minis_psp_emu_psp">Utilitário de dados guardados (minis/PSP™ Remaster/PSP™)</Text>
	<Text name="msg_memory_card_utility">Utilitário do Memory Card</Text>
	<Text name="msg_content_pc">Conteúdo restrito de controlo parental</Text>
	<Text name="msg_ps1_gamedisc">Disco de formato PlayStation®</Text>
	<Text name="msg_ps2_gamedisc">Disco de formato PlayStation®2</Text>
	<Text name="msg_ps2_format_software">Software do Formato PlayStation®2</Text>
	<Text name="msg_playstation">PlayStation®</Text>
	<Text name="msg_playstation2">PlayStation®2</Text>
	<Text name="msg_playstation3">PlayStation®3</Text>
	<Text name="msg_minis">minis</Text>
	<Text name="msg_psp_emu">PSP™ Remaster</Text>
	<Text name="msg_pc_engine">PCEngine</Text>
	<Text name="msg_neogeo">NEOGEO</Text>
	<Text name="msg_cannot_start_unless_install_install_ask">Este jogo só pode ser iniciado se for instalado no armazenamento do sistema.
Pretende começar a instalar?</Text>
	<Text name="msg_psstore_game_offline_explanation_sd">A PlayStation®Store está repleta de exclusivos jogos transferíveis, demos GRÁTIS para a PS3™, pacotes de extras e vídeos.

Visita já a loja!</Text>
	<Text name="msg_psstore_game_offline_explanation_hd">Com acesso GRATUITO*, a PlayStation®Store é o único local de onde podes transferir novos e exclusivos jogos para a PS3™, demos jogáveis Grátis, pacotes de extras e vídeos de alta definição.

Aproveita ao máximo a tua PS3™ e visita já a PlayStation®Store.

* Requer uma ligação à Internet de Banda Larga.</Text>
	<Text name="msg_disc_benefit">Regalias do disco</Text>
	<Text name="msg_select_receive_disc_benefit">Seleccione esta opção para receber as regalias do disco.</Text>
	<Text name="msg_only_for_psp_need_copy_ask">Pode utilizar este conteúdo num sistema PSP™.
Pretende copiá-lo para um sistema PSP™?</Text>
	<Text name="msg_error_cannot_use_content_download_again_copy_can_use"><![CDATA[Este conteúdo não está disponível para utilização.
Inicie a sessão na conta utilizada para adquirir este conteúdo e, em seguida, seleccione [Ver as transferências] em [PlayStation®Network] > [PlayStation®Store] para transferir o conteúdo de novo.
Para utilizar este conteúdo, tem de transferi-lo e, em seguida, copiá-lo para um dispositivo que suporte a respectiva utilização.]]></Text>
	<Text name="msg_when_use_content_on_vita_hint">Se estiver a utilizar o conteúdo num sistema PS Vita, ligue o sistema PS Vita utilizando um cabo USB e, em seguida, inicie o [Gestor de conteúdo] no sistema PS Vita.</Text>
	<Text name="msg_error_cannot_play_ps2_format">Este modelo do sistema PS3™ não é compatível com o software do formato PlayStation®2.</Text>
	<Text name="msg_error_game_wrong_region">Não é possível iniciar este software devido a restrições de região.</Text>
	<Text name="msg_error_gamedisc_cannot_start">Não é possível iniciar o disco.</Text>
	<Text name="msg_error_game_start_failure">Ocorreu um erro durante a operação de iniciação.</Text>
	<Text name="msg_current_systemsoftware_update_ask">O software de sistema do sistema PS3™ tem a versão %1.
Para iniciar, terá que actualizar para a versão %2 ou superior.
Deseja actualizar agora?</Text>
	<Text name="msg_systemsoftware_update_ask">Precisará de actualizar o software de sistema antes da próxima utilização.</Text>
	<Text name="msg_game_start">Iniciar</Text>
	<Text name="msg_about_game">Sobre este jogo</Text>
	<Text name="msg_about_game_ps3_content">Library programs ©Sony Computer Entertainment Inc. Licensed for play on the PlayStation®3 Computer Entertainment System or authorized PlayStation®3 format systems. For full terms and conditions see the user's manual. This product is authorized and produced under license from Sony Computer Entertainment Inc. Use is subject to the copyright laws and the terms and conditions of the user's license.</Text>
	<Text name="msg_game_update_history">Histórico de actualização</Text>
	<Text name="msg_purchase">Adquirir</Text>
	<Text name="msg_savedata_auto_upload">Carregamento automático dos dados guardados</Text>
	<Text name="msg_installgame_delete_ask">O jogo instalado será eliminado.
Tem a certeza de que pretende continuar?</Text>
	<Text name="msg_error_no_savedata">Não existem dados guardados.</Text>
	<Text name="msg_info_detail">Detalhes</Text>
	<Text name="msg_protection">Bloquear</Text>
	<Text name="msg_copy_prohibited">Cópia Proibida</Text>
	<Text name="msg_error_history_auto_upload">Histórico de erros (Carregamento automático)</Text>
	<Text name="msg_online_storage">Armazenamento online</Text>
	<Text name="msg_online_storage_explanation">Armazena dados guardados online.
Alargue os seus horizontes de jogo transferindo os seus dados guardados para um sistema PS3™ de um amigo para continuar a jogar ou fazendo cópia de segurança dos seus dados online.</Text>
	<Text name="msg_to_save_data_select_copy_option">Para guardar os seus dados no armazenamento online, seleccione os dados que pretende guardar e, em seguida, seleccione [Copiar] no menu de opções.</Text>
	<Text name="msg_save_data_copy_prohibited_upload_explanation">Existem limites em relação à frequência com que é possível transferir estes dados guardados do armazenamento online.
Só é possível transferir após terem passado %1 horas desde que foram carregados ou transferidos dados do armazenamento online.
É possível carregar dados para o armazenamento online em qualquer altura.</Text>
	<Text name="msg_error_online_storage_full">Não existe espaço livre suficiente no armazenamento online.
Para copiar precisa de, pelo menos, %1 mais de espaço.</Text>
	<Text name="msg_error_save_data_copy_prohibited_download">Neste momento, não é possível transferir estes dados guardados.
Apenas é possível transferir uma vez por cada %1 horas.

Próxima transferência disponível:
%2</Text>
	<Text name="msg_vmc_ps1">Memory Card interno (PS)</Text>
	<Text name="msg_vmc_ps2">Memory Card interno (PS2)</Text>
	<Text name="msg_free_space_vmc_ps1">%1 / 120 KB</Text>
	<Text name="msg_free_space_vmc_ps2">%1 / 7998 KB</Text>
	<Text name="msg_category">Tipo</Text>
	<Text name="msg_savedata">Dados Guardados</Text>
	<Text name="msg_savedata_ps1">Dados Gravados (PlayStation®)</Text>
	<Text name="msg_savedata_ps2">Dados Gravados (PlayStation®2)</Text>
	<Text name="msg_application_ps2">Software (PlayStation®2)</Text>
	<Text name="msg_application_pocketstation">Software (PocketStation™)</Text>
	<Text name="msg_setting_file_ps2">Ficheiro de Definições (PlayStation®2)</Text>
	<Text name="msg_system_driver_ps2">Controlador do Sistema (PlayStation®2)</Text>
	<Text name="msg_unknown_data">Desconhecido</Text>
	<Text name="msg_vmc">Memory Card interno</Text>
	<Text name="msg_error_no_vmc">Não existem memory cards internos.</Text>
	<Text name="msg_free_space_vmc_ps1_w_title">Espaço livre: %1 / 120 KB</Text>
	<Text name="msg_free_space_vmc_ps2_w_title">Espaço livre: %1 / 7998 KB</Text>
	<Text name="msg_pocketstation">PocketStation™</Text>
	<Text name="msg_created_date_time">Criado</Text>
	<Text name="msg_error_mc_no_access">Não é possível aceder ao memory card.</Text>
	<Text name="msg_error_savedata_cannot_copy">A cópia destes dados guardados não é permitida.</Text>
	<Text name="msg_error_no_gamedata">Não existem dados de jogos.</Text>
	<Text name="msg_update_quit_software_update">Foram encontrados os últimos dados de actualização.
O sistema abandonará este software e começará a instalação.</Text>
	<Text name="msg_wait_donot_turn_off">Por favor, aguarde...
Não desligue o sistema.</Text>
	<Text name="msg_playmode">Modo de reprodução</Text>
	<Text name="msg_play_track_select">Seleccione a faixa a reproduzir.</Text>
	<Text name="msg_no_data">Não existem dados.</Text>
	<Text name="msg_error_service_stop">Este serviço terminou.</Text>
	<Text name="msg_error_account_service">A utilização deste serviço foi suspensa para esta conta.</Text>
	<Text name="msg_browser">Navegador de Internet</Text>
	<Text name="msg_ps3_portal">PlayStation®Store</Text>
	<Text name="msg_psp_connection">Reprodução remota</Text>
	<Text name="msg_remoteplay_explanation"><![CDATA[Utilize um dispositivo que suporte reprodução remota (como um sistema PS Vita ou PSP™) para utilizar este sistema através de uma rede. Aceda a [Definições] > [Definições de reprodução remota] > [Registar o dispositivo] e registe o dispositivo de reprodução remota.]]></Text>
	<Text name="msg_onlinemanual">Manuais de instruções online</Text>
	<Text name="msg_file">Ficheiro</Text>
	<Text name="msg_open">Abrir</Text>
	<Text name="msg_internet_search">Pesquisa na Internet</Text>
	<Text name="msg_download_cancel_ask">Pretende cancelar a operação de transferência?</Text>
	<Text name="msg_error_server_transaction_failure">Ocorreu um erro durante a comunicação com o servidor.</Text>
	<Text name="msg_no_file">Não existe ficheiro.</Text>
	<Text name="msg_content_not_support_remoteplay">Não é possível utilizar este conteúdo ao jogar remotamente.</Text>
	<Text name="msg_error_cannot_operate_remoteplay">Esta operação não pode ser executada ao jogar remotamente.</Text>
	<Text name="msg_error_cannot_start_can_play_follow_device">Não é possível iniciar.
Só pode iniciar este conteúdo a partir dos seguintes dispositivos durante a reprodução remota:</Text>
	<Text name="msg_error_need_update_psp">É necessário executar uma actualização do software de sistema PSP™.
Para obter informações sobre métodos de actualização, consulte as instruções do sistema PSP™.</Text>
	<Text name="msg_error_no_signup_ask">Deve inscrever-se na Sony Entertainment Network.
Pretende inscrever-se agora?</Text>
	<Text name="msg_download_control">Gestão de transferências</Text>
	<Text name="msg_no_download_content">Não existem transferências.</Text>
	<Text name="msg_variable_downloading">%1%% A transferir...</Text>
	<Text name="msg_variable_download_error">%1%% Erro de transferência</Text>
	<Text name="msg_variable_download_waiting">%1%% Pendente</Text>
	<Text name="msg_variable_download_pausing">%1%% Pausado</Text>
	<Text name="msg_pause_all">Pausar tudo</Text>
	<Text name="msg_resume_all">Continuar tudo</Text>
	<Text name="msg_progress">Estado</Text>
	<Text name="msg_resume">Continuar</Text>
	<Text name="msg_download_restart">Continuar Transferência</Text>
	<Text name="msg_download_cancel">Cancelar Transferência</Text>
	<Text name="msg_install">Instalar</Text>
	<Text name="msg_download_content_was_deleted">O conteúdo foi eliminado do servidor.</Text>
	<Text name="msg_need_app_software_download_ask">Para utilizar esta funcionalidade, tem de transferir primeiro o software.
Pretende transferir agora?</Text>
	<Text name="msg_cellbrowser_foldingathome">Folding@home™</Text>
	<Text name="msg_auto_start">Auto-arranque</Text>
	<Text name="msg_title_lwp">Life with PlayStation®</Text>
	<Text name="msg_psstore_explanation_sd">A PlayStation®Store está repleta de exclusivos jogos transferíveis, demos GRÁTIS para a PS3™, pacotes de extras e vídeos.

Visita já a loja!</Text>
	<Text name="msg_psstore_explanation_hd">Com acesso GRATUITO*, a PlayStation®Store é o único local de onde podes transferir novos e exclusivos jogos para a PS3™, demos jogáveis Grátis, pacotes de extras e vídeos de alta definição.

Aproveita ao máximo a tua PS3™ e visita já a PlayStation®Store.

* Requer uma ligação à Internet de Banda Larga.</Text>
	<Text name="msg_reg_explanation_sd">Diverte-te com jogos online GRÁTIS*, transfere jogos, pacotes de expansão e conteúdos exclusivos, conversa com amigos e compara Troféus.
Inscreve-te já e que comece o divertimento!
* Requer uma ligação à Internet de Banda Larga.</Text>
	<Text name="msg_reg_explanation_hd">A PlayStation®Network oferece entretenimento e interacção.
Diverte-te com jogos online GRÁTIS*, transfere novos e fantásticos jogos, pacotes de expansão para vários grandes títulos, vê trailers e acede a conteúdos exclusivos, conversa com amigos, e compara Troféus.

Inscreve-te já - é fácil e é GRÁTIS!

* Requer uma ligação à Internet de Banda Larga.</Text>
	<Text name="msg_account_manage">Gestão de contas</Text>
	<Text name="msg_can_change_psn_account_psstore_setteing">Ajuste definições para a sua conta ou para compras efectuadas na PlayStation®Store.</Text>
	<Text name="msg_your_channel">Novidades</Text>
	<Text name="msg_your_channel_offline_explanation_hd">Bem-vindo à PlayStation®3.
O ecrã “Novidades” é onde encontras todas as novidades mais recentes da PlayStation®, actualizações e o acesso simples aos jogos que jogaste mais recentemente.
Para acederes ao ecrã “Novidades”, liga-te à PlayStation®Network* – o acesso é grátis e é o teu portal para um mundo de entretenimento, por isso regista-te já!

* Necessária Ligação de Internet de Banda-larga.</Text>
	<Text name="msg_your_channel_offline_explanation_sd">Para acederes ao ecrã “Novidades”, precisas de te ligar à PlayStation®Network* – o acesso é grátis e é o teu portal para um mundo de diversão!
* Necessária Ligação de Internet de Banda-larga.</Text>
	<Text name="msg_your_channel_caution_launching_website">Estamos a lançar um website Internet.</Text>
	<Text name="msg_trophy_collection">Colecção de troféus</Text>
	<Text name="msg_trophy_count">Troféus</Text>
	<Text name="msg_gain_date">Ganhos</Text>
	<Text name="msg_no_trophy_explanation">Não existem troféus.
Se jogar um jogo que suporte a funcionalidade de troféus e a recolha de troféus, os mesmos serão apresentados aqui.</Text>
	<Text name="msg_compare_trophy">Comparar troféus</Text>
	<Text name="msg_trophy_grade">Grau</Text>
	<Text name="msg_trophy_platinum">Platina</Text>
	<Text name="msg_trophy_gold">Ouro</Text>
	<Text name="msg_trophy_silver">Prata</Text>
	<Text name="msg_trophy_bronze">Bronze</Text>
	<Text name="msg_sync_with_server">Sincronização com o servidor</Text>
	<Text name="msg_switch_mode">Mudar de modo</Text>
	<Text name="msg_online_mode">Modo online</Text>
	<Text name="msg_online_mode_trophy_explanation">Modo online
Veja as informações de troféus guardadas no servidor.</Text>
	<Text name="msg_offline_mode">Modo off-line</Text>
	<Text name="msg_offline_mode_trophy_explanation">Modo off-line
Veja as informações de troféus guardadas neste sistema.</Text>
	<Text name="msg_trophy_base_addon">Jogo principal/extras</Text>
	<Text name="msg_hidden_trophy_name">Troféu oculto</Text>
	<Text name="msg_original_f">Ordem original</Text>
	<Text name="msg_trophy_grade_f">Grau</Text>
	<Text name="msg_trophy_earned_f">Data da conquista ▲</Text>
	<Text name="msg_trophy_earned_r">Data da conquista ▼</Text>
	<Text name="msg_privacy_settings">Definições de privacidade</Text>
	<Text name="msg_ps_plus_psn">PlayStation®Plus</Text>
	<Text name="msg_health_warning_psn">Avisos de saúde</Text>
	<Text name="msg_psp_exclusive_install_ask">Este conteúdo destina-se a utilização exclusiva com o sistema PSP™.
Pretende instalá-lo agora no sistema PSP™?</Text>
	<Text name="msg_bonus_digital_copy">Digital Copy</Text>
	<Text name="msg_bonus_digital_copy_explanation">É possível utilizar este conteúdo após iniciar sessão na PlayStation®Network e copiar o conteúdo para o armazenamento do sistema deste sistema.</Text>
	<Text name="msg_error_service_not_available_region">Este serviço não se encontra disponível no seu país/região.</Text>
	<Text name="msg_sigining_in2">A iniciar a sessão...</Text>
	<Text name="msg_auto_signin_off">Início automático de sessão desligado</Text>
	<Text name="msg_auto_signin">Início automático de sessão</Text>
	<Text name="msg_signout">Finalizar a sessão</Text>
	<Text name="msg_error_no_execute_psn_maintenance_partially">Não é possível executar a operação.
De momento, algumas funcionalidades da Sony Entertainment Network encontram-se em manutenção.</Text>
	<Text name="msg_error_no_player">Não foram encontrados jogadores.</Text>
	<Text name="msg_signin">Iniciar a sessão</Text>
	<Text name="msg_ignore_list">Lista de contactos bloqueados</Text>
	<Text name="msg_friend_register">Adicionar um amigo</Text>
	<Text name="msg_play_with">Jogadores encontrados</Text>
	<Text name="msg_av_chatroom">Sala de conversação de voz/vídeo</Text>
	<Text name="msg_game_chatroom">Sala de Conversação de Jogos</Text>
	<Text name="msg_msg_box">Caixa de mensagens</Text>
	<Text name="msg_last_signin_minute_ago">O último início de sessão: Há %1 minutos</Text>
	<Text name="msg_last_signin_hour_ago">O último início de sessão: Há %1 horas</Text>
	<Text name="msg_last_signin_day_ago">O último início de sessão: Há %1 dias</Text>
	<Text name="msg_last_signin_month_ago">O último início de sessão: Há %1 meses</Text>
	<Text name="msg_last_signin_more_than_2year_ago">O último início de sessão: Há 2 ou mais anos</Text>
	<Text name="msg_to">Para</Text>
	<Text name="msg_sent">Envio concluído.</Text>
	<Text name="msg_registered">Adição concluída.</Text>
	<Text name="msg_error_registered_number_over">Foi atingido o número máximo de pessoas que podem ser adicionadas.</Text>
	<Text name="msg_error_cannot_register_myself">Não pode adicionar-se a si próprio.</Text>
	<Text name="msg_accept_friend_register_ask">Pretende adicionar como Amigo?</Text>
	<Text name="msg_register_request">Pedido de Amigo</Text>
	<Text name="msg_asking_to_add">Resposta pendente ao pedido de amigo.</Text>
	<Text name="msg_asked_to_add">Recebeu um pedido de amigo.</Text>
	<Text name="msg_msg_list">Lista de mensagens</Text>
	<Text name="msg_start_new_chat">Iniciar nova conversação</Text>
	<Text name="msg_new_msg">Criar mensagem</Text>
	<Text name="msg_error_no_msg">Não existem mensagens.</Text>
	<Text name="msg_status_f">Estado</Text>
	<Text name="msg_name_f">Nome</Text>
	<Text name="msg_online_id">ID online</Text>
	<Text name="msg_online_name">Nome Online</Text>
	<Text name="msg_about_me">Sobre mim</Text>
	<Text name="msg_my_lang">Os meus idiomas</Text>
	<Text name="msg_received_msg_count">Mensagens Recebidas</Text>
	<Text name="msg_unread_msg_count">Mensagens não lidas</Text>
	<Text name="msg_protect_msg_count">Mensagens protegidas</Text>
	<Text name="msg_sent_msg_count">Mensagens enviadas</Text>
	<Text name="msg_received_msg_count_with_variable">Mensagens Recebidas %1</Text>
	<Text name="msg_sent_msg_count_with_variable">Mensagens enviadas %1</Text>
	<Text name="msg_from">De</Text>
	<Text name="msg_received_datetime">Recebida</Text>
	<Text name="msg_sent_datetime">Enviada</Text>
	<Text name="msg_reply_to_friend_register">Responder ao pedido de amigo</Text>
	<Text name="msg_del_addingfriend_ask">Um Amigo que está à espera de ser adicionado será eliminado.
Se eliminar este Amigo, também será eliminado da lista de Amigos da outra pessoa.
Tem a certeza de que pretende continuar?</Text>
	<Text name="msg_del_friend_ask">Este Amigo será eliminado.
Se eliminar este Amigo, também será eliminado da lista de Amigos da outra pessoa.
Tem a certeza de que pretende continuar?</Text>
	<Text name="msg_status">Estado</Text>
	<Text name="msg_profile">Perfil</Text>
	<Text name="msg_online">Online</Text>
	<Text name="msg_afk">Não Disponível</Text>
	<Text name="msg_add_ignore_list">Adicionar à lista de contactos a bloquear</Text>
	<Text name="msg_game_title">Título do jogo</Text>
	<Text name="msg_information">Informação</Text>
	<Text name="msg_played_date_hour">Jogado</Text>
	<Text name="msg_add_ignore_list_ask">Se adicionar à lista de contactos a bloquear, deixará de receber mensagens desta pessoa.
Deseja continuar?</Text>
	<Text name="msg_adding">A adicionar...
Por favor, aguarde.</Text>
	<Text name="msg_del_from_ignore_list">Eliminar da lista de contactos bloqueados</Text>
	<Text name="msg_del_ignore_list_ask">Tem a certeza de que pretende eliminar da lista de contactos a bloquear?</Text>
	<Text name="msg_error_not_registered">Não foram adicionadas pessoas.</Text>
	<Text name="msg_error_try_again_later">Ocorreu um erro.
Tente de novo mais tarde.</Text>
	<Text name="msg_send_grief_report">Relatório de Reclamação</Text>
	<Text name="msg_received_box">Recebida</Text>
	<Text name="msg_sent_box">Enviada</Text>
	<Text name="msg_list">Lista</Text>
	<Text name="msg_protect">Proteger</Text>
	<Text name="msg_unprotected">Limpar Protecção</Text>
	<Text name="msg_edit">Editar</Text>
	<Text name="msg_attach_image_select">Seleccione uma imagem a anexar.</Text>
	<Text name="msg_attach_cancel_ask">Deseja cancelar a operação de anexar?</Text>
	<Text name="msg_dell_msg_all_ask">Deseja eliminar todas as mensagens?
As mensagens protegidas não serão eliminadas.</Text>
	<Text name="msg_del_msgl_ask">Tem a certeza de que pretende eliminar a mensagem?</Text>
	<Text name="msg_dell_msg_all_ask2">Deseja eliminar todas as mensagens?</Text>
	<Text name="msg_voice_text_chatroom">Sala de Conversação por texto/voz</Text>
	<Text name="msg_text_chatroom">Sala de conversação (apenas texto)</Text>
	<Text name="msg_mic_on">Microfone Ligado</Text>
	<Text name="msg_mic_off">Microfone desligado</Text>
	<Text name="msg_chat_volume">Volume de Conversação</Text>
	<Text name="msg_camera_on">Câmara Ligada</Text>
	<Text name="msg_camera_off">Câmara Desligada</Text>
	<Text name="msg_chat_screen_on">Apresentar Imagem de Conversação</Text>
	<Text name="msg_chat_screen_off">Ocultar Imagem de Conversação</Text>
	<Text name="msg_invite_friend">Convidar um amigo</Text>
	<Text name="msg_new_msg_all">Criar Mensagem para todos</Text>
	<Text name="msg_quit">Sair</Text>
	<Text name="msg_cancel2">Cancelar</Text>
	<Text name="msg_invite_chat">Convite</Text>
	<Text name="msg_participants_list">Lista de participantes</Text>
	<Text name="msg_invite_game">Convite para o Jogo</Text>
	<Text name="msg_error_add">Ocorreu um erro durante a operação de adição.</Text>
	<Text name="msg_error_attach_size_over">Foi atingido o tamanho máximo de ficheiros que podem ser anexados.</Text>
	<Text name="msg_error_attach_deleted">O ficheiro anexado foi eliminado.</Text>
	<Text name="msg_error_player_added">Este jogador já foi adicionado.</Text>
	<Text name="msg_protect_msg_over">Foi atingido o número máximo de mensagens que podem ser protegidas.
É possível proteger até 50 mensagens.</Text>
	<Text name="msg_error_cannot_operate_signin_pls">Não é possível executar a operação.
Não tem sessão iniciada.</Text>
	<Text name="msg_error_cannot_creat_message">Não é possível criar uma mensagem neste momento.</Text>
	<Text name="msg_error_ignore_list_friend">Não é possível adicionar um amigo à sua lista de bloqueados.
Deve eliminar a pessoa da sua lista de amigos antes de adicioná-los à sua lista de bloqueados.</Text>
	<Text name="msg_version">Versão</Text>
	<Text name="msg_new_user_create">Criar novo utilizador</Text>
	<Text name="msg_logout_ask">Pretende efectuar o logout?</Text>
	<Text name="msg_login_ask">Pretende efectuar o login como o utilizador seleccionado?
O utilizador que efectuou o login será cancelado.</Text>
	<Text name="msg_username_create">Introduza um nome de utilizador.</Text>
	<Text name="msg_error_max_num_users_reached">Não é possível criar utilizadores adicionais.
O número máximo de utilizadores que podem ser criados é 16.</Text>
	<Text name="msg_error_other_username_create_pls">O nome que introduziu já foi utilizado.
Introduza um nome de utilizador diferente.</Text>
	<Text name="msg_error_new_user_create">Ocorreu um erro durante a criação de utilizador.</Text>
	<Text name="msg_user_del_2nd_ask">Tem a certeza de que pretende eliminar o utilizador?</Text>
	<Text name="msg_auto_login_set">A partir de agora, %1 iniciarão automaticamente a sessão quando iniciar o sistema PS3™.</Text>
	<Text name="msg_username">Utilizador</Text>
	<Text name="msg_username_num">Utilizador %1</Text>
	<Text name="msg_auto_login">Login automático</Text>
	<Text name="msg_logout">Efectuar o logout</Text>
	<Text name="msg_user_del_ask">Se eliminar o utilizador, serão também eliminados os dados guardados relativos ao software do formato PlayStation®3, mensagens, troféus e outras informações.
Tem a certeza de que pretende continuar?</Text>
	<Text name="msg_error_character">Não é possível introduzir os seguintes caracteres:
%1</Text>
	<Text name="msg_health_warning_detail_scee_1">Ataques epilépticos induzidos pelo estímulo da luz (Epilepsia por fotossensibilidade)

</Text>
	<Text name="msg_health_warning_detail_scee_2">Se tiver algum problema epiléptico ou se já tiver tido ataques epilépticos, consulte o seu médico antes de jogar. Algumas pessoas podem sentir dores nos olhos, alterações na visão, enxaquecas, contracções musculares, convulsões, desmaios, perdas de consciência ou desorientação quando expostas a luzes a piscar ou a tremeluzir ou a outros estímulos da luz num ecrã de televisão ou enquanto jogam jogos de vídeo. Se tiver algum dos sintomas indicados enquanto estiver a jogar, suspenda imediatamente a utilização do sistema e consulte o seu médico.

</Text>
	<Text name="msg_health_warning_detail_scee_3">Pare imediatamente de jogar se sentir os seguintes sintomas:
</Text>
	<Text name="msg_health_warning_detail_scee_4">Para além dos seguintes sintomas, se, quando estiver a jogar, sentir enxaquecas, tonturas, náuseas, fadiga, sintomas semelhantes a doença de locomoç o ou se sentir um desconforto ou dores em qualquer parte do corpo, como por exemplo nos olhos, ouvidos, mãos, braços ou pés, pare imediatamente de jogar. Se esse estado se mantiver, procure cuidados médicos.



</Text>
	<Text name="msg_health_warning_detail_scee_5">Imagens 3D

</Text>
	<Text name="msg_health_warning_detail_scee_6">Algumas pessoas podem sentir mal-estar (tal como ardor nos olhos, fadiga ocular ou náuseas), quando vêem imagens 3D ou efectuam jogos de vídeo 3D estereoscópico, em televisões 3D. Se sentir algum mal-estar, deve parar imediatamente de usar a televisão, até que o mal-estar desapareça.
</Text>
	<Text name="msg_health_warning_detail_scee_7">No geral, recomendamos que evite o uso prolongado do seu sistema PlayStation®3 e que faça um intervalo de 15 minutos por cada hora de jogo. No entanto, quando jogar jogos de vídeo 3D estereoscópico ou a ver vídeos 3D, a duração e frequência desses intervalos, pode variar de pessoa para pessoa - faça intervalos com a duração suficiente para que os sintomas de mal-estar desapareçam. Se os sintomas persistirem, consulte o seu médico.
</Text>
	<Text name="msg_health_warning_detail_scee_8">A visão das crianças (especialmente com menos de seis anos de idade), ainda se encontra em desenvolvimento. Consulte o médico do seu filho ou oftalmologista, antes de permitir que as crianças vejam imagens de vídeo em 3D ou efectuem jogos de vídeo em 3D estereoscópico. Os adultos devem supervisionar as crianças pequenas, para garantir que cumprem as recomendações indicadas acima.



</Text>
	<Text name="msg_health_warning_detail_scee_9">Notas sobre segurança durante a utilização do comando sem fios DUALSHOCK™3

</Text>
	<Text name="msg_health_warning_detail_scee_10">Não utilize a função de vibração se tiver algum problema de ossos, articulações ou muscular, nas suas mãos ou braços. Se sofrer de qualquer doença ou padecimento, não jogue determinados jogos utilizando o comando sem fios DUALSHOCK™3 a não ser que tenha definido a função de vibração para [Desligado].



</Text>
	<Text name="msg_health_warning_detail_scee_11">・Utilize numa área bem iluminada e mantenha uma distância segura do ecrã do televisor.
・Evite a utilização prolongada do sistema PS3™. Faça um intervalo de 15 minutos durante cada hora de jogo.
・Evite jogar quando estiver cansado ou precisar de dormir.
</Text>
	<Text name="msg_health_warning_detail_scee_12">・Pare imediatamente de utilizar o sistema se se sentir cansado ou se sentir desconforto ou dor nas mãos ou braços, enquanto estiver a utilizar o comando sem fios. Se o sintoma persistir, consulte um médico.
</Text>
	<Text name="msg_health_warning_detail_scee_13">・Se tiver algum dos problemas de saúde seguintes, suspenda imediatamente a utilização do sistema. Se os sintomas persistirem, consulte o seu médico.
- Tonturas, náusea, fadiga ou sintomas semelhantes a doença de locomoção
- Desconforto ou dores numa parte do corpo, tal como olhos, ouvidos, mãos ou braços</Text>
	<Text name="msg_health_warning_detail_scea_1">Photosensitivity/Epilepsy/Seizures

</Text>
	<Text name="msg_health_warning_detail_scea_2">A very small percentage of individuals may experience epileptic seizures or blackouts when exposed to certain light patterns or flashing lights. Exposure to certain patterns or backgrounds on a television screen or when playing video games may trigger epileptic seizures or blackouts in these individuals. These conditions may trigger previously undetected epileptic symptoms or seizures in persons who have no history of prior seizures or epilepsy. If you, or anyone in your family, has an epileptic condition or has had seizures of any kind, consult your doctor before playing.

</Text>
	<Text name="msg_health_warning_detail_scea_3">IMMEDIATELY DISCONTINUE use and consult your doctor before resuming gameplay if you or your child experience any of the following health problems or symptoms:
・dizziness,
・altered vision,
・eye or muscle twitches,
・loss of awareness,
・disorientation,
・seizures, or
・any involuntary movement or convulsion.
RESUME GAMEPLAY ONLY ON APPROVAL OF YOUR DOCTOR.

</Text>
	<Text name="msg_health_warning_detail_scea_4">Use and handling of video games to reduce the likelihood of a seizure
・Use in a well-lit area and keep as far away as possible from the television screen.
・Avoid large screen televisions. Use the smallest television screen available.
・Avoid prolonged use of the PS3™ system. Take a 15-minute break during each hour of play.
・Avoid playing when you are tired or need sleep.



</Text>
	<Text name="msg_health_warning_detail_scea_5">3D images

</Text>
	<Text name="msg_health_warning_detail_scea_6">Some people may experience discomfort (such as eye strain, eye fatigue, or nausea) while watching 3D video images or playing stereoscopic 3D games on 3D televisions. If you experience such discomfort you should immediately discontinue use of your television until the discomfort subsides.
</Text>
	<Text name="msg_health_warning_detail_scea_7">SCE recommends that all viewers take regular breaks while watching 3D video, or playing stereoscopic 3D games. The length and frequency of necessary breaks may vary from person to person - please take breaks that are long enough to allow any feelings of discomfort to subside. If symptoms persist, consult your doctor.
</Text>
	<Text name="msg_health_warning_detail_scea_8">The vision of young children (especially those under six years old) is still under development. SCE recommends that you consult with a doctor (such as a pediatrician or eye doctor) before allowing a young child to watch 3D video images or play stereoscopic 3D games. Adults should supervise young children to ensure they follow the recommendations listed above. When using any 3D enabled device with your PlayStation®3 system you should read the instruction manual for that device and check www.us.playstation.com/support/3D for updated information.



</Text>
	<Text name="msg_health_warning_detail_scea_9">Notes on safety when using the DUALSHOCK™3 Wireless Controller

</Text>
	<Text name="msg_health_warning_detail_scea_10">・Stop using the system immediately if you begin to feel tired or if you experience discomfort or pain in your hands or arms while operating the DUALSHOCK™3 Wireless Controller. If the condition persists, consult a doctor.
・The vibration function of the DUALSHOCK™3 Wireless Controller can aggravate injuries. Do not use the vibration function if you have any ailment or injury to the bones, joints or muscles of your hands or arms. If you have an ailment or an injury, do not play software titles that contain the vibration function using the DUALSHOCK™3 Wireless Controller unless you have set the vibration function to [Off].
</Text>
	<Text name="msg_health_warning_detail_scea_11">・Avoid prolonged use of the DUALSHOCK™3 Wireless Controller. Take a break at about 30-minute intervals.
・Note that some software titles set the vibration function to [On] by default. To disable the vibration function, press the PS button of the controller, and then select [Controller Settings]→ [Vibration Function]→[Off].



</Text>
	<Text name="msg_health_warning_detail_scea_12">・Use in a well-lit area and keep as far away as possible from the television screen.
・Avoid prolonged use of the PS3™ system and wireless controller.
</Text>
	<Text name="msg_health_warning_detail_scea_13">・Stop using the system immediately if you begin to feel tired or if you experience discomfort or pain in your hands or arms while operating the wireless controller. If the condition persists, consult a doctor.
</Text>
	<Text name="msg_health_warning_detail_scea_14">・If you experience any of the following health problems, discontinue use of the system immediately. If symptoms persist, consult with your doctor.
- Dizziness, nausea, fatigue or symptoms similar to motion sickness
- Discomfort or pain in a part of the body, such as eyes, ears, hands or arms</Text>
	<Text name="msg_health_warning_detail_scej_1">光の刺激によって引き起こされる発作について

</Text>
	<Text name="msg_health_warning_detail_scej_2">点滅を繰り返す画面や、その他の光の刺激によって、まれに、目の痛み、視覚異常、偏頭痛、けいれんや意識障害（失神など）などの症状（光感受性発作）が起きることがあります。こうした症状のある方は、事前に必ず医師に相談してください。

</Text>
	<Text name="msg_health_warning_detail_scej_3">こんなときはすぐに使用を中止する
</Text>
	<Text name="msg_health_warning_detail_scej_4"><![CDATA[上記の症状に加え、頭痛、めまい、吐き気、疲労感、乗り物酔いに似た症状などを感じたときや、目、耳、手、腕、足など、身体の一部に不快感や痛みを感じたときは、すぐに使用を中止してください。使用を中止しても治らないときは、医師の診察を受けてください。



]]></Text>
	<Text name="msg_health_warning_detail_scej_5">3D映像、3D立体視ゲームについて

</Text>
	<Text name="msg_health_warning_detail_scej_6">3D映像の視聴中や3D対応テレビでの3D立体視ゲームのプレイ中に、目の疲労、気分が悪くなるなどの不快な症状が出ることがあります。不快な症状が出たときは、直ちにテレビのご利用を中止し、回復するまでご利用をお控えください。
3D映像を視聴したり、3D立体視ゲームをプレイしたりするときは、定期的に休憩をとることをおすすめします。必要な休憩の長さや頻度は個人によって異なりますので、ご自身でご判断ください。不快な症状が回復するまで、十分に休憩をとってください。もし症状が続く場合は、医師にご相談ください。
</Text>
	<Text name="msg_health_warning_detail_scej_7"><![CDATA[なお、お子さま(特に6歳未満の子)の視覚は発達段階にあります。お子さまが3D映像を視聴したり、3D立体視ゲームをプレイしたりする前に、小児科や眼科などの医師にご相談いただくことをおすすめします。大人のかたは、お子さまが上記注意点を守るよう監督してください。
最新情報については、ホームページ(http://www.jp.playstation.com/support/)をご覧ください。



]]></Text>
	<Text name="msg_health_warning_detail_scej_8">コントローラの振動機能に対応したソフトウェアについて

</Text>
	<Text name="msg_health_warning_detail_scej_9">振動障害のある方は、バイブレーション（振動）機能を使用しないでください。



</Text>
	<Text name="msg_health_warning_detail_scej_10">・使用するときは部屋を明るくし、できるだけ画面から離れてください。
・疲れているときや睡眠不足のときは、使用を避けてください。
</Text>
	<Text name="msg_health_warning_detail_scej_11">・使用するときは健康のため、1時間ごとに15分程度の休憩を取ってください。
・使用中に体調が悪くなったら、すぐに使用をやめてください。</Text>
	<Text name="msg_health_warning_detail_sceasia_1">Photosensitivity/Epilepsy/Seizures

</Text>
	<Text name="msg_health_warning_detail_sceasia_2">A very small percentage of individuals may experience epileptic seizures or blackouts when exposed to certain light patterns or flashing lights. Exposure to certain patterns or backgrounds on a television screen or when playing video games may trigger epileptic seizures or blackouts in these individuals. These conditions may trigger previously undetected epileptic symptoms or seizures in persons who have no history of prior seizures or epilepsy. If you, or anyone in your family, has an epileptic condition or has had seizures of any kind, consult your physician before playing.

</Text>
	<Text name="msg_health_warning_detail_sceasia_3">IMMEDIATELY DISCONTINUE use and consult your physician before resuming gameplay if you or your child experience any of the following health problems or symptoms:
・dizziness,
・altered vision,
・eye or muscle twitches,
・loss of awareness,
・disorientation,
・seizures, or
・any involuntary movement or convulsion.
RESUME GAMEPLAY ONLY ON APPROVAL OF YOUR PHYSICIAN.

</Text>
	<Text name="msg_health_warning_detail_sceasia_4">Use and handling of video games to reduce the likelihood of a seizure
・Use in a well-lit area and keep as far away as possible from the television screen.
・Avoid large screen televisions. Use the smallest television screen available.
・Avoid prolonged use of the PS3™ system. Take a 15-minute break during each hour of play.
・Avoid playing when you are tired or need sleep.



</Text>
	<Text name="msg_health_warning_detail_sceasia_5">3D images

</Text>
	<Text name="msg_health_warning_detail_sceasia_6">Some people may experience discomfort (such as eye strain, eye fatigue, or nausea) while watching 3D video images or playing stereoscopic 3D games on 3D televisions. If you experience such discomfort you should immediately discontinue use of your television until the discomfort subsides.
</Text>
	<Text name="msg_health_warning_detail_sceasia_7">SCE recommends that all viewers take regular breaks while watching 3D video, or playing stereoscopic 3D games. The length and frequency of necessary breaks may vary from person to person - please take breaks that are long enough to allow any feelings of discomfort to subside. If symptoms persist, consult your physician.
</Text>
	<Text name="msg_health_warning_detail_sceasia_8">The vision of young children (especially those under six years old) is still under development. SCE recommends that you consult with physician (such as a pediatrician or eye doctor) before allowing a young child to watch 3D video images or play stereoscopic 3D games. When using any 3D enabled device with your PlayStation®3 system you should read the instruction manual for that device.



</Text>
	<Text name="msg_health_warning_detail_sceasia_9">Notes on safety when using the DUALSHOCK™3 Wireless Controller

</Text>
	<Text name="msg_health_warning_detail_sceasia_10">・Stop using the system immediately if you begin to feel tired or if you experience discomfort or pain in your hands or arms while operating the DUALSHOCK™3 wireless controller. If the condition persists, consult a doctor.
・The vibration function of the DUALSHOCK™3 wireless controller can aggravate injuries. Do not use the vibration function if you have any ailment or injury to the bones, joints or muscles of your hands or arms. If you have an ailment or an injury, do not play such titles using the DUALSHOCK™3 wireless controller unless you have set the vibration function to [Off].
</Text>
	<Text name="msg_health_warning_detail_sceasia_11">・Avoid prolonged use of the DUALSHOCK™3 wireless controller. Take a break at about 30-minute intervals.
・Note that some software titles set the vibration function to [On] by default. To disable the vibration function, press the PS button of the controller, and then select [Controller Settings]→[Vibration Function]→[Off].



</Text>
	<Text name="msg_health_warning_detail_sceasia_12">・Use in a well-lit area and keep a safe distance from the TV screen.
・Avoid prolonged use of the PS3™ system. Take a 15-minute break during each hour of play.
・Avoid playing when you are tired or need sleep.
</Text>
	<Text name="msg_health_warning_detail_sceasia_13">・Stop using the system immediately if you begin to feel tired or if you experience discomfort or pain in your hands or arms while operating the wireless controller If the condition persists, consult a doctor.
</Text>
	<Text name="msg_health_warning_detail_sceasia_14">・If you experience any of the following health problems, discontinue use of the system immediately. If symptoms persist, consult with your physician.
- Dizziness, nausea, fatigue or symptoms similar to motion sickness
- Discomfort or pain in a part of the body, such as eyes, ears, hands or arms</Text>
</TextLang>
