﻿<?xml version="1.0" encoding="utf-8"?>
<!-- This XML was generated by Rcomage v1.1.1 -->
<TextLang>
	<Text name="msg_setting">Ajustes</Text>
	<Text name="msg_photo">Foto</Text>
	<Text name="msg_music">Música</Text>
	<Text name="msg_video">Vídeo</Text>
	<Text name="msg_game">Juego</Text>
	<Text name="msg_net">Red</Text>
	<Text name="msg_friend">Amigos</Text>
	<Text name="msg_user">Usuarios</Text>
	<Text name="msg_login">Acceder al sistema</Text>
	<Text name="msg_tv">TV</Text>
	<Text name="msg_tv_video_service">Servicios de TV/Vídeo</Text>
	<Text name="msg_psn">PlayStation®
Network</Text>
	<Text name="msg_power_off_console2">Apagar sistema</Text>
	<Text name="msg_photo_gallery">Photo Gallery</Text>
	<Text name="msg_untitled">Desconocido</Text>
	<Text name="msg_new_vmc">Crear nueva Memory Card interna</Text>
	<Text name="msg_signup">Inscribirse</Text>
	<Text name="msg_playstation_home">PlayStation®Home</Text>
	<Text name="msg_start_new_chat2">Iniciar nuevo chat</Text>
	<Text name="msg_ms">Memory Stick™</Text>
	<Text name="msg_sd">SD Memory Card</Text>
	<Text name="msg_cf">CompactFlash®</Text>
	<Text name="msg_bd_rom">BD-ROM</Text>
	<Text name="msg_bd_r">BD-R</Text>
	<Text name="msg_bd_re">BD-RE</Text>
	<Text name="msg_dvdr">DVD-R</Text>
	<Text name="msg_dvdplusr">DVD+R</Text>
	<Text name="msg_dvdrw">DVD-RW</Text>
	<Text name="msg_dvdplusrw">DVD+RW</Text>
	<Text name="msg_dvdrom">DVD-ROM</Text>
	<Text name="msg_dvdvideo">DVD Video</Text>
	<Text name="msg_dvdvr">DVD-VR</Text>
	<Text name="msg_dvdplusvr">DVD+VR</Text>
	<Text name="msg_avchd">AVCHD</Text>
	<Text name="msg_avcrec">AVCREC</Text>
	<Text name="msg_bdmv">BDMV</Text>
	<Text name="msg_bdav">BDAV</Text>
	<Text name="msg_cdaudio">CD de audio</Text>
	<Text name="msg_cddata">Disco de datos</Text>
	<Text name="msg_sacd">Super Audio CD</Text>
	<Text name="msg_mc_ps1">Memory Card (PS)</Text>
	<Text name="msg_mc_ps2">Memory Card (PS2)</Text>
	<Text name="msg_disc">Disco</Text>
	<Text name="msg_dsd_disc">Disco DSD</Text>
	<Text name="msg_psp">PSP™ (PlayStation®Portable)</Text>
	<Text name="msg_psp_bracket">PSP™ (PlayStation®Portable) %1</Text>
	<Text name="msg_vita_abbreviated">Sistema PS Vita</Text>
	<Text name="msg_psp_name">Apodo</Text>
	<Text name="msg_usb">Dispositivo USB</Text>
	<Text name="msg_usb_id">Dispositivo USB (%1)</Text>
	<Text name="msg_digitalcamera">Cámara digital</Text>
	<Text name="msg_digitalcamera_id">Cámara digital (%1)</Text>
	<Text name="msg_walkman">ATRAC Audio Device</Text>
	<Text name="msg_walkman_id">ATRAC Audio Device (%1)</Text>
	<Text name="msg_cancel">Cancelar</Text>
	<Text name="msg_ok">OK</Text>
	<Text name="msg_fix">OK</Text>
	<Text name="msg_yes">Sí</Text>
	<Text name="msg_no">No</Text>
	<Text name="msg_on">Sí</Text>
	<Text name="msg_off">No</Text>
	<Text name="msg_nrml">Normal</Text>
	<Text name="msg_normal">Normal</Text>
	<Text name="msg_plus1">+1</Text>
	<Text name="msg_plus2">+2</Text>
	<Text name="msg_plus3">+3</Text>
	<Text name="msg_plus4">+4</Text>
	<Text name="msg_minus1">-1</Text>
	<Text name="msg_minus2">-2</Text>
	<Text name="msg_minus3">-3</Text>
	<Text name="msg_minus4">-4</Text>
	<Text name="msg_1">1</Text>
	<Text name="msg_2">2</Text>
	<Text name="msg_3">3</Text>
	<Text name="msg_4">4</Text>
	<Text name="msg_5">5</Text>
	<Text name="msg_percent">%1%%</Text>
	<Text name="msg_image_count_value">%1 Imagen</Text>
	<Text name="msg_images_count_value">%1 Imágenes</Text>
	<Text name="msg_track_count_value">%1 pista</Text>
	<Text name="msg_tracks_count_value">%1 pistas</Text>
	<Text name="msg_title_count_value">%1 título</Text>
	<Text name="msg_titles_count_value">%1 títulos</Text>
	<Text name="msg_savedata_count_value">%1 Guardado</Text>
	<Text name="msg_savedatas_count_value">%1 Guardados</Text>
	<Text name="msg_time_num1">%1:%2:%3</Text>
	<Text name="msg_time_num2">%1:%2'%3''</Text>
	<Text name="msg_time_num3">%1'%2''</Text>
	<Text name="msg_datetime_num1">%1/%2/%3  %4:%5</Text>
	<Text name="msg_am">AM</Text>
	<Text name="msg_pm">PM</Text>
	<Text name="msg_time_hour_num2">%1:%2'</Text>
	<Text name="msg_day_plural">%1 días</Text>
	<Text name="msg_sort">Ordenar por</Text>
	<Text name="msg_importeddate_f">Fecha de importación ▲</Text>
	<Text name="msg_importeddate_r">Fecha de importación ▼</Text>
	<Text name="msg_shootdate_f">Fecha de la película ▲</Text>
	<Text name="msg_shootdate_r">Fecha de la película ▼</Text>
	<Text name="msg_sale_year_f">Año de lanzamiento ▲</Text>
	<Text name="msg_sale_year_r">Año de lanzamiento ▼</Text>
	<Text name="msg_created_date_time_f">Fecha de creación ▲</Text>
	<Text name="msg_created_date_time_r">Fecha de creación ▼</Text>
	<Text name="msg_updated_date_f">Fecha de actualización ▲</Text>
	<Text name="msg_updated_date_r">Fecha de actualización ▼</Text>
	<Text name="msg_format_f">Formato</Text>
	<Text name="msg_imagename_f">Nombre de imagen</Text>
	<Text name="msg_albumname_f">Nombre de álbum</Text>
	<Text name="msg_genre_f">Nombre de género</Text>
	<Text name="msg_artist_f">Nombre de artista</Text>
	<Text name="msg_track_f">Nombre de pista</Text>
	<Text name="msg_title_f">Nombre de título</Text>
	<Text name="msg_subtitle_f">Título secundario</Text>
	<Text name="msg_start_date_f">Reproducciones recientes</Text>
	<Text name="msg_folder_class">Agrupar contenidos</Text>
	<Text name="msg_all">Todo</Text>
	<Text name="msg_year_folder">Por año</Text>
	<Text name="msg_month_folder">Por mes</Text>
	<Text name="msg_album_folder">Por álbum</Text>
	<Text name="msg_genre_folder">Por género</Text>
	<Text name="msg_artist_folder">Por artista</Text>
	<Text name="msg_sale_year_folder">Por año de lanzamiento</Text>
	<Text name="msg_track_folder">Por pista</Text>
	<Text name="msg_title_folder">Por título</Text>
	<Text name="msg_format_folder">Por formato</Text>
	<Text name="msg_copy">Copiar</Text>
	<Text name="msg_copy_plural">Copia múltiple</Text>
	<Text name="msg_del">Eliminar</Text>
	<Text name="msg_del_plural">Supresión múltiple</Text>
	<Text name="msg_slideshow">Galería</Text>
	<Text name="msg_display_all">Mostrar todo</Text>
	<Text name="msg_cddbdata_get">Obtener información de CD</Text>
	<Text name="msg_import">Importar</Text>
	<Text name="msg_titlelist">Lista de títulos</Text>
	<Text name="msg_play">Reproducir</Text>
	<Text name="msg_play_begin">Reproducir desde el principio</Text>
	<Text name="msg_smove">Mover</Text>
	<Text name="msg_disc_eject">Extraer disco</Text>
	<Text name="msg_info">Información</Text>
	<Text name="msg_repeat">Repetición</Text>
	<Text name="msg_shuffle">Aleatorio</Text>
	<Text name="msg_pause">Pausa</Text>
	<Text name="msg_display">Visualización</Text>
	<Text name="msg_volume_control">Control de volumen</Text>
	<Text name="msg_plus">+</Text>
	<Text name="msg_minus">-</Text>
	<Text name="msg_slideshow_with_icon">Galería </Text>
	<Text name="msg_fix_with_icon">OK </Text>
	<Text name="msg_folder_class_with_icon">Agrupar contenidos </Text>
	<Text name="msg_option_with_icon">: Opciones</Text>
	<Text name="msg_help_start">: Iniciar</Text>
	<Text name="msg_copy_psplus_with_icon">Copiar </Text>
	<Text name="msg_copy_plural_psplus_with_icon">Copia múltiple </Text>
	<Text name="msg_savedata_auto_upload_psplus_with_icon">Subida automática de datos guardados </Text>
	<Text name="msg_icon_start"></Text>
	<Text name="msg_info_none">-</Text>
	<Text name="msg_format">Formato</Text>
	<Text name="msg_size">Tamaño</Text>
	<Text name="msg_space">Espacio libre</Text>
	<Text name="msg_shoot_date">Filmado</Text>
	<Text name="msg_updated_date">Actualizado</Text>
	<Text name="msg_corrupted_data">Datos dañados</Text>
	<Text name="msg_unsupported_data">Datos no compatibles</Text>
	<Text name="msg_folder">Carpeta</Text>
	<Text name="msg_resolution">Resolución</Text>
	<Text name="msg_multiply">%1 x %2</Text>
	<Text name="msg_image">Imagen</Text>
	<Text name="msg_image_count">Imágenes</Text>
	<Text name="msg_camera">Dispositivo de película</Text>
	<Text name="msg_album">Álbum</Text>
	<Text name="msg_genre">Género</Text>
	<Text name="msg_artist">Artista</Text>
	<Text name="msg_imported_size">Tamaño tras importación</Text>
	<Text name="msg_size_counting">Calculando...</Text>
	<Text name="msg_sale_year">Fecha de lanzamiento</Text>
	<Text name="msg_play_time">Duración</Text>
	<Text name="msg_comment">Comentario</Text>
	<Text name="msg_samplingfrequency">Frecuencia de muestreo</Text>
	<Text name="msg_disc_number">Número de disco</Text>
	<Text name="msg_track_count">Pistas</Text>
	<Text name="msg_track_number">Número de pista</Text>
	<Text name="msg_track">Pista</Text>
	<Text name="msg_bpm">BPM</Text>
	<Text name="msg_codec">Codec</Text>
	<Text name="msg_lastplay_datetime">Última reproducción</Text>
	<Text name="msg_ch">Canal</Text>
	<Text name="msg_various_artists">Varios artistas</Text>
	<Text name="msg_imported_date">Importado</Text>
	<Text name="msg_created_date">Filmado</Text>
	<Text name="msg_start_date">Inicio</Text>
	<Text name="msg_expiration_date">Expira</Text>
	<Text name="msg_remaining_time">Horas restantes</Text>
	<Text name="msg_play_count">Número de reproducciones</Text>
	<Text name="msg_file_number">Número de archivo</Text>
	<Text name="msg_title">Título</Text>
	<Text name="msg_subtitle">Título secundario</Text>
	<Text name="msg_disc_type">Tipo de disco</Text>
	<Text name="msg_disc_protect">Protección por contraseña</Text>
	<Text name="msg_title_count">Títulos</Text>
	<Text name="msg_video_codec">Codec de vídeo</Text>
	<Text name="msg_audio_codec">Codec de audio</Text>
	<Text name="msg_file_type">Tipo de archivo</Text>
	<Text name="msg_mediaserver">Servidor multimedia</Text>
	<Text name="msg_dlna_date_time">Fecha y hora</Text>
	<Text name="msg_produced_date">Producido</Text>
	<Text name="msg_info_valid_from">Inicio</Text>
	<Text name="msg_info_valid_to">Expira</Text>
	<Text name="msg_magicgate">MagicGate™</Text>
	<Text name="msg_mg_supported">Compatible</Text>
	<Text name="msg_mg_not_supported">No es compatible</Text>
	<Text name="msg_info_unknown">Desconocido</Text>
	<Text name="msg_savedata_count">Guardados</Text>
	<Text name="msg_model">Modelo</Text>
	<Text name="msg_can_play_only_for_variable_hours">(Tenga en cuenta que el contenido sólo puede reproducirse en las siguientes %1 horas tras la primera reproducción.)</Text>
	<Text name="msg_can_play_only_for_variable_hours_game">(Tenga en cuenta que el contenido sólo puede reproducirse en las siguientes %1 minutos tras la primera reproducción.)</Text>
	<Text name="msg_video_description">Descripción</Text>
	<Text name="msg_copyright">Información de copyright</Text>
	<Text name="msg_owner">Comprador</Text>
	<Text name="msg_all_use_content_delete_cannot_use">Este contenido puede ser utilizado por usuarios distintos de los compradores del contenido. No obstante, si se eliminan todos los compradores, ya no podrá usar el contenido.</Text>
	<Text name="msg_need_save_psn_pw_other_owner_use_content">Este contenido puede ser utilizado por usuarios distintos de los compradores del contenido. No obstante, se debe guardar la contraseña de Sony Entertainment Network del comprador en el sistema para que otros usuarios puedan usar el contenido.</Text>
	<Text name="msg_jpeg">JPEG</Text>
	<Text name="msg_gif">GIF</Text>
	<Text name="msg_png">PNG</Text>
	<Text name="msg_tiff">TIFF</Text>
	<Text name="msg_bmp">BMP</Text>
	<Text name="msg_mpo">MPO (MP Format)</Text>
	<Text name="msg_aac_kbps">AAC %1 kbps</Text>
	<Text name="msg_mp3_kpbs">MP3 %1 kbps</Text>
	<Text name="msg_atrac_kbps">ATRAC %1 kbps</Text>
	<Text name="msg_wma_kbps">WMA %1 kbps</Text>
	<Text name="msg_lpcm_bit_ch">Linear PCM  %1 bits  %2 C.</Text>
	<Text name="msg_non_lpcm">Non-linear PCM %1 kbps</Text>
	<Text name="msg_dsd_ch">DSD %1 C.</Text>
	<Text name="msg_dolby">Dolby Digital</Text>
	<Text name="msg_mpeg1">MPEG-1</Text>
	<Text name="msg_mpeg2">MPEG-2</Text>
	<Text name="msg_mpeg2_ts">MPEG-2 TS</Text>
	<Text name="msg_mpeg4">MPEG-4</Text>
	<Text name="msg_mpeg_layer1">MPEG Layer 1</Text>
	<Text name="msg_mpeg_layer2">MPEG Layer 2</Text>
	<Text name="msg_mpeg_layer3">MPEG Layer 3</Text>
	<Text name="msg_avc">AVC</Text>
	<Text name="msg_motion_jpeg">Motion JPEG</Text>
	<Text name="msg_divx">DivX®</Text>
	<Text name="msg_wmv">VC-1 (WMV)</Text>
	<Text name="msg_mpeg1_mbps">MPEG-1 %1 Mbps</Text>
	<Text name="msg_mpeg2_mbps">MPEG-2 %1 Mbps</Text>
	<Text name="msg_mpeg2_ts_mbps">MPEG-2 TS %1 Mbps</Text>
	<Text name="msg_mpeg4_mbps">MPEG-4 %1 Mbps</Text>
	<Text name="msg_avc_kbps">AVC %1 kbps</Text>
	<Text name="msg_khz">%1 kHz</Text>
	<Text name="msg_kbps">%1 kbps</Text>
	<Text name="msg_mbps">%1 Mbps</Text>
	<Text name="msg_ch_2">2 C.</Text>
	<Text name="msg_multi_ch">Multicanal</Text>
	<Text name="msg_power_off_console">Apague el sistema</Text>
	<Text name="msg_turnoff_system_ask">¿Desea apagar el sistema?</Text>
	<Text name="msg_after_background_download_auto_turn_off">Apagar el sistema automáticamente después de la descarga en segundo plano</Text>
	<Text name="msg_slot_assign">Asignar ranuras</Text>
	<Text name="msg_slot1">Ranura 1</Text>
	<Text name="msg_slot2">Ranura 2</Text>
	<Text name="msg_eject">Extraer</Text>
	<Text name="msg_user_name">Nombre de usuario</Text>
	<Text name="msg_need_quit_to_operate_ask">Para realizar esta operación, debe salir de [%1].
¿Desea cerrar el software ahora?</Text>
	<Text name="msg_error_hdd_full_perform_operation">No hay espacio libre suficiente en el almacenamiento del sistema.
Para realizar esta operación, se necesita al menos %1 de espacio libre adicional.</Text>
	<Text name="msg_content_already_copied">Este contenido ya ha sido copiado.</Text>
	<Text name="msg_save_newly">Guardar nuevos</Text>
	<Text name="msg_original_content">Contenido existente</Text>
	<Text name="msg_new_content">Contenido nuevo</Text>
	<Text name="msg_save_destination_select">Seleccione el destino.</Text>
	<Text name="msg_error_no_storagemedia">Conecte el soporte de almacenamiento en el destino de guardado.</Text>
	<Text name="msg_ps3_photo">Almacenamiento del sistema (foto)</Text>
	<Text name="msg_ps3_video">Almacenamiento del sistema (vídeo)</Text>
	<Text name="msg_ps3_music">Almacenamiento del sistema (música)</Text>
	<Text name="msg_folder_name">Nombre de carpeta</Text>
	<Text name="msg_same_name_file">Ya existe un archivo con el mismo nombre en el destino de guardado.</Text>
	<Text name="msg_different_name_save">Cambiar nombre y guardar</Text>
	<Text name="msg_overwrite_save">Sobrescribir y guardar</Text>
	<Text name="msg_save_no">No guardar</Text>
	<Text name="msg_save_yes">Guardar</Text>
	<Text name="msg_apply_all">Aplicar a todo</Text>
	<Text name="msg_select_all">Seleccionar todo</Text>
	<Text name="msg_deselect_all">Cancelar todo</Text>
	<Text name="msg_copying">Copiando...
Por favor, espere.</Text>
	<Text name="msg_copied">Se ha completado la copia.</Text>
	<Text name="msg_copy_incomplete_ms_ask">No hay espacio libre suficiente en el Memory Stick™. Puede que la operación de copia no se complete correctamente.
¿Desea continuar?</Text>
	<Text name="msg_copy_incomplete_sd_ask">No hay espacio libre suficiente en la SD Memory Card. Puede que la operación de copia no se complete correctamente.
¿Desea continuar?</Text>
	<Text name="msg_copy_incomplete_cf_ask">No hay espacio libre suficiente en la CompactFlash®. Puede que la operación de copia no se complete correctamente.
¿Desea continuar?</Text>
	<Text name="msg_copy_incomplete_usb_ask">No hay espacio libre suficiente en el dispositivo USB. Puede que la operación de copia no se complete correctamente.
¿Desea continuar?</Text>
	<Text name="msg_copy_incomplete_hdd_ask">No hay espacio libre suficiente en el almacenamiento del sistema. Puede que la operación de copia no se complete correctamente.
¿Desea continuar?</Text>
	<Text name="msg_copy_incomplete">No hay suficiente espacio libre. Operación de copia no completada.</Text>
	<Text name="msg_completed_count">Completada</Text>
	<Text name="msg_copy_cancel_ask">¿Desea cancelar la operación de copia?</Text>
	<Text name="msg_error_content_over_copy">Se ha alcanzado el máximo número de elementos de contenido que es posible guardar. No se ha completado la operación de copia.</Text>
	<Text name="msg_copied_delete_content_saved_ps3_ask">Copia completada.
¿Desea eliminar el contenido guardado actualmente en el sistema PS3™?</Text>
	<Text name="msg_sure_to_delete_ask">¿Seguro que desea eliminar esto?</Text>
	<Text name="msg_deleting">Eliminando...
Por favor, espere.</Text>
	<Text name="msg_deleted">Los datos se han eliminado.</Text>
	<Text name="msg_cannot_delete_folder_on_this_system">No se puede eliminar la carpeta utilizando este sistema.</Text>
	<Text name="msg_change_upfolder">Mover hacia carpeta arriba</Text>
	<Text name="msg_create_newfolder">Crear nueva carpeta</Text>
	<Text name="msg_folder_name_new">Nueva carpeta %1</Text>
	<Text name="msg_error_no_folder">No hay carpeta.</Text>
	<Text name="msg_wait">Por favor, espere...</Text>
	<Text name="msg_error">Se ha producido un error.</Text>
	<Text name="msg_error_corrupted_data">Los datos están dañados.</Text>
	<Text name="msg_error_unsupported_data">El tipo de datos no es compatible.</Text>
	<Text name="msg_error_copy">Se ha producido un error durante la operación de copia.</Text>
	<Text name="msg_error_del">Se ha producido un error durante la operación de eliminación.</Text>
	<Text name="msg_error_no_name">No se ha introducido ningún nombre.
Introducir un nombre con al menos 1 carácter.</Text>
	<Text name="msg_error_ms_full">No hay espacio libre suficiente en el Memory Stick™.</Text>
	<Text name="msg_error_ms_locked">El Memory Stick™ está protegido.</Text>
	<Text name="msg_error_ms_no_access">Imposible acceder al Memory Stick™.</Text>
	<Text name="msg_error_ms_no_read">No se puede leer el Memory Stick™.</Text>
	<Text name="msg_error_no_ms">No hay ningún Memory Stick™ insertado.</Text>
	<Text name="msg_error_sd_full">No hay espacio libre suficiente en la SD Memory Card.</Text>
	<Text name="msg_error_sd_locked">La SD Memory Card está protegida.</Text>
	<Text name="msg_error_sd_no_access">Imposible acceder a la SD Memory Card.</Text>
	<Text name="msg_error_sd_no_read">No se puede leer la SD Memory Card.</Text>
	<Text name="msg_error_no_sd">No hay ninguna SD Memory Card insertada.</Text>
	<Text name="msg_error_cf_full">No hay espacio libre suficiente en la CompactFlash®.</Text>
	<Text name="msg_error_cf_locked">La CompactFlash® está protegida.</Text>
	<Text name="msg_error_cf_no_access">Imposible acceder a la CompactFlash®.</Text>
	<Text name="msg_error_cf_no_read">No se puede leer la CompactFlash®.</Text>
	<Text name="msg_error_no_cf">No hay ninguna CompactFlash® insertada.</Text>
	<Text name="msg_error_usb_full">No hay espacio libre suficiente en el dispositivo USB.</Text>
	<Text name="msg_error_usb_locked">El dispositivo USB está protegido.</Text>
	<Text name="msg_error_usb_no_access">Imposible acceder al dispositivo USB.</Text>
	<Text name="msg_error_usb_no_read">No se puede leer el dispositivo USB.</Text>
	<Text name="msg_error_no_usb">No hay ningún dispositivo USB insertado.</Text>
	<Text name="msg_error_hdd_full">No hay espacio libre suficiente en el almacenamiento del sistema.</Text>
	<Text name="msg_error_hdd_no_access">Imposible acceder al almacenamiento del sistema.</Text>
	<Text name="msg_error_no_signin">Debe iniciar sesión en PlayStation®Network.</Text>
	<Text name="msg_error_no_signup">Debe inscribirse en Sony Entertainment Network.</Text>
	<Text name="msg_icon_image_select">Seleccione la imagen que desee usar como icono.</Text>
	<Text name="msg_icon_change_albumtrack_ask1">Se cambiarán los iconos de todas las pistas del álbum.
¿Desea continuar?</Text>
	<Text name="msg_cannot_display_all_mediaserver">Hay demasiados servidores  multimedia.
Algunos servidores multimedia no se mostrarán.</Text>
	<Text name="msg_scan_mediaserver">Buscar servidores multimedia</Text>
	<Text name="msg_not_allowed_access_confirm_pls">No esta permitido el acceso al servidor multimedia. Es posible que el nombre del sistema del sistema PS3™, "%1", no ha sido registrado.
Consulte los ajustes del servidor multimedia.</Text>
	<Text name="msg_playlists">Listas de reproducción</Text>
	<Text name="msg_playlist_pane">Lista de reproducción</Text>
	<Text name="msg_create_new_playlist">Crear nueva lista de reproducción</Text>
	<Text name="msg_to_add_content_playlist_select_edit">Para añadir contenido a esta lista de reproducción, seleccione [Editar] del menú de opciones.</Text>
	<Text name="msg_error_cannot_edit_playlist_no_track">No hay pistas en el almacenamiento del sistema. No se puede editar la lista de reproducción.</Text>
	<Text name="msg_error_cannot_edit_playlist_no_image">No hay imágenes en el almacenamiento del sistema. No se puede editar la lista de reproducción.</Text>
	<Text name="msg_error_same_name_cannot_use">El nombre ya está en uso.
Introduzca otro nombre.</Text>
	<Text name="msg_error_no_content">No hay elementos de contenido.</Text>
	<Text name="msg_add_to_playlist">Agregar a lista de reproducción</Text>
	<Text name="msg_add_playlist">Agregar</Text>
	<Text name="msg_add_all_playlist">Agregar todo</Text>
	<Text name="msg_delete_playlist_ask">Se eliminará la lista de reproducción.
¿Seguro que desea continuar?</Text>
	<Text name="msg_error_startdate_video">El contenido no está disponible antes de la fecha de inicio.</Text>
	<Text name="msg_error_expired_video">El contenido ha expirado y ya no está disponible.</Text>
	<Text name="msg_info_no_time_limit">Sin límite de tiempo</Text>
	<Text name="msg_info__expired">Ha expirado</Text>
	<Text name="msg_expires_on_variable">Expira %1</Text>
	<Text name="msg_error_timelimited_video"><![CDATA[Este contenido tiene un límite de tiempo.
Para realizar esta operación, vaya a [Ajustes] > [Ajustes de fecha y hora] > [Fecha y hora] y seleccione [Configuración por Internet] para ajustar la hora y fecha.]]></Text>
	<Text name="msg_can_play_variable_first_play_now_ask">Este contenido solamente se puede reproducir durante %1 horas después de la primera reproducción.
¿Desea reproducirlo ahora?</Text>
	<Text name="msg_del_content_cannot_dl_again_conf_psn">El contenido se borrará y no se podrá descargar de nuevo.
¿Seguro que desea continuar?</Text>
	<Text name="msg_to_enable_setting_enable_auto_login">Los cambios que ha realizado han desactivado los siguientes ajustes.
%1

Para activar estos ajustes, debe establecer el acceso automático al sistema de un usuario en [Usuarios]. Para más información acerca de la opción de acceso automático al sistema, consulte el manual online.</Text>
	<Text name="msg_to_enable_setting_enable_auto_signin">Los cambios que ha realizado han desactivado los siguientes ajustes.
%1

Para activar estos ajustes, debe establecer el inicio automático de sesión a PlayStation®Network. Para más información acerca de la opción de inicio automático de sesión, consulte el manual online.</Text>
	<Text name="msg_remoteplay_remote_start"><![CDATA[[Ajustes] > [Ajustes de uso a distancia] > [Inicio a distancia]]]></Text>
	<Text name="msg_console_setting_auto_download"><![CDATA[[Ajustes] > [Ajustes del sistema] > [Actualización automática]]]></Text>
	<Text name="msg_lang_japan">Japonés</Text>
	<Text name="msg_lang_english">Inglés</Text>
	<Text name="msg_lang_french">Francés</Text>
	<Text name="msg_lang_spanish">Español</Text>
	<Text name="msg_lang_german">Alemán</Text>
	<Text name="msg_lang_italian">Italiano</Text>
	<Text name="msg_lang_dutch">Holandés</Text>
	<Text name="msg_lang_portuguese">Portugués</Text>
	<Text name="msg_lang_russian">Ruso</Text>
	<Text name="msg_lang_polish">Polaco</Text>
	<Text name="msg_lang_finnish">Finlandés</Text>
	<Text name="msg_lang_danish">Danés</Text>
	<Text name="msg_lang_norwegian">Noruego</Text>
	<Text name="msg_lang_swedish">Sueco</Text>
	<Text name="msg_lang_turkish">Turco</Text>
	<Text name="msg_lang_korean">Coreano</Text>
	<Text name="msg_lang_chinese_t">Chino tradicional</Text>
	<Text name="msg_lang_chinese_s">Chino simplificado</Text>
	<Text name="msg_lpcm">PCM Lineal</Text>
	<Text name="msg_display_on">Visualizar</Text>
	<Text name="msg_display_off">No visualizar</Text>
	<Text name="msg_macaddress">Dirección MAC</Text>
	<Text name="msg_ipaddress">Dirección IP</Text>
	<Text name="msg_atrac_not_activated_set_pls"><![CDATA[ATRAC no está activado.
Active ATRAC desde [Ajustes] > [Ajustes del sistema].]]></Text>
	<Text name="msg_backup">Crear copia de seguridad</Text>
	<Text name="msg_restore">Restaurar</Text>
	<Text name="msg_audio_device_setting">Ajustes de dispositivo de audio</Text>
	<Text name="msg_print">Imprimir</Text>
	<Text name="msg_manufacturer">Fabricante</Text>
	<Text name="msg_10min">Tras 10 minutos</Text>
	<Text name="msg_20min">Tras 20 minutos</Text>
	<Text name="msg_30min">Tras 30 minutos</Text>
	<Text name="msg_remain_time">Tiempo restante</Text>
	<Text name="msg_others">Otros</Text>
	<Text name="msg_level_1">Nivel 1</Text>
	<Text name="msg_level_2">Nivel 2</Text>
	<Text name="msg_level_3">Nivel 3</Text>
	<Text name="msg_level_4">Nivel 4</Text>
	<Text name="msg_level_5">Nivel 5</Text>
	<Text name="msg_level_6">Nivel 6</Text>
	<Text name="msg_level_7">Nivel 7</Text>
	<Text name="msg_level_8">Nivel 8</Text>
	<Text name="msg_level_9">Nivel 9</Text>
	<Text name="msg_level_10">Nivel 10</Text>
	<Text name="msg_level_11">Nivel 11</Text>
	<Text name="msg_gameetc_pc">Control paterno</Text>
	<Text name="msg_netservice">PlayStation®Network</Text>
	<Text name="msg_error_server_connect_timeout">Se ha agotado el tiempo de conexión al servidor.</Text>
	<Text name="msg_cannot_operate_in_demonstration_mode">No se puede realizar esta operación durante el modo de demostración.</Text>
	<Text name="msg_tool_install_file"><![CDATA[★ Install Package Files]]></Text>
	<Text name="msg_tool_app_home_ps3_game"><![CDATA[★ /app_home/PS3_GAME/]]></Text>
	<Text name="msg_tool_title_store_preview">Title Store Preview</Text>
	<Text name="msg_tool_title_store_preview_ingame"><![CDATA[★ Title Store Preview (inGame)]]></Text>
	<Text name="msg_tool_title_store_preview_store"><![CDATA[★ Title Store Preview (Store)]]></Text>
	<Text name="msg_tool_lock"><![CDATA[★ Lock]]></Text>
	<Text name="msg_tool_unlock"><![CDATA[★ Unlock]]></Text>
	<Text name="msg_tool_check"><![CDATA[★ Check]]></Text>
	<Text name="msg_tool_cancel_purchase"><![CDATA[★ Cancel Purchase]]></Text>
	<Text name="msg_tool_del"><![CDATA[★ Delete]]></Text>
	<Text name="msg_tool_import"><![CDATA[★ Import]]></Text>
	<Text name="msg_tool_export"><![CDATA[★ Export]]></Text>
	<Text name="msg_tool_quick_sign_up"><![CDATA[★ Quick Sign Up]]></Text>
	<Text name="msg_tool_performance_bar"><![CDATA[★ Performance Bar]]></Text>
	<Text name="msg_tool_no_memory_limit"><![CDATA[★ No Memory Limit]]></Text>
	<Text name="msg_tool_quick_preview"><![CDATA[★ Quick Preview]]></Text>
	<Text name="msg_tool_owner_info"><![CDATA[★ Owner Information]]></Text>
	<Text name="msg_no_trophy">No hay trofeos.</Text>
	<Text name="msg_bdu_software">Software</Text>
	<Text name="msg_digitalcamera_image">Imágenes de cámara digital</Text>
	<Text name="msg_del_image_ask">La imagen será eliminada.
¿Seguro que desea continuar?</Text>
	<Text name="msg_del_images_ask">Las imagenes seleccionadas serán eliminadas.
¿Seguro que desea continuar?</Text>
	<Text name="msg_del_camerafolder_ask">Van a eliminarse la carpeta y todas sus imágenes, incluso las protegidas.
¿Seguro que desea continuar?</Text>
	<Text name="msg_del_image_protected_ask">Esta imagen está protegida.
¿Seguro que desea eliminar la imagen?</Text>
	<Text name="msg_del_imagefolder_ask">Van a eliminarse la carpeta y todas sus imágenes.
¿Seguro que desea continuar?</Text>
	<Text name="msg_error_del_imagefolder">Error al eliminar.
La carpeta contiene tipos de datos que no son de imagen.</Text>
	<Text name="msg_del_image_select">Seleccione las imagenes para eliminar.</Text>
	<Text name="msg_copy_image_select">Seleccione las imagenes para copiar.</Text>
	<Text name="msg_error_no_image_copy">No hay imágenes para copiar.</Text>
	<Text name="msg_error_no_image">No hay imágenes.</Text>
	<Text name="msg_mmyyyy_jan">Ene %1</Text>
	<Text name="msg_mmyyyy_feb">Feb %1</Text>
	<Text name="msg_mmyyyy_mar">Mar %1</Text>
	<Text name="msg_mmyyyy_apr">Abr %1</Text>
	<Text name="msg_mmyyyy_may">May %1</Text>
	<Text name="msg_mmyyyy_jun">Jun %1</Text>
	<Text name="msg_mmyyyy_jul">Jul %1</Text>
	<Text name="msg_mmyyyy_aug">Ago %1</Text>
	<Text name="msg_mmyyyy_sep">Sep %1</Text>
	<Text name="msg_mmyyyy_oct">Oct %1</Text>
	<Text name="msg_mmyyyy_nov">Nov %1</Text>
	<Text name="msg_mmyyyy_dec">Dic %1</Text>
	<Text name="msg_yyyy">%1</Text>
	<Text name="msg_slideshow_type1">Diapositiva</Text>
	<Text name="msg_slideshow_type2">Retrato</Text>
	<Text name="msg_slideshow_type3">Álbum de fotos</Text>
	<Text name="msg_slideshow_type4">Álbum de fotos 2</Text>
	<Text name="msg_piccto_explanation">Cree un espacio para disfrutar y mejorar sus fotos.
Convierta las fotos de su sistema PS3™ en magníficos álbumes en tan sólo unos minutos.
Puede ordenar las fotos por temas, añadir música para mejorar una galería o agregar marcos personalizados a sus fotos. Cuantas más fotos agregue, más divertido será. ¡Las posibilidades son infinitas!</Text>
	<Text name="msg_piccto_explanation_sd">Cree un espacio para disfrutar y mejorar sus fotos.
Convierta las fotos de su sistema PS3™ en magníficos álbumes en tan sólo unos minutos.</Text>
	<Text name="msg_cddbdata_getting">Obteniendo información de CD...
Por favor, espere.</Text>
	<Text name="msg_cddbdata_pluralfound_select">Se encontraron varios elementos de información de CD.
Seleccione el elemento de información de CD adecuado.</Text>
	<Text name="msg_cddbdata_send">Enviar información de CD</Text>
	<Text name="msg_cddbdata_sending">Enviando información de CD...
Por favor, espere.</Text>
	<Text name="msg_select_import">Importar varios</Text>
	<Text name="msg_select_import_pls">Seleccione las pistas que desea importar.</Text>
	<Text name="msg_copy_track_select">Seleccione las pistas para copiar.</Text>
	<Text name="msg_del_track_protected_ask">Esta pista está protegida.
¿Seguro que desea eliminar la pista?</Text>
	<Text name="msg_del_folder_track_protected_ask">Van a eliminarse la carpeta y todas las pistas, incluso las protegidas.
¿Seguro que desea continuar?</Text>
	<Text name="msg_cannot_copy_protected_truck">No se copiarán las pistas protegidas por copyright.</Text>
	<Text name="msg_copied_except_copyright_protected_track">Se ha completado la copia.
No se han copiado las pistas protegidas por copyright.</Text>
	<Text name="msg_del_track_select">Seleccione las pistas para eliminar.</Text>
	<Text name="msg_del_track_ask">¿Seguro que desea eliminar la pista?</Text>
	<Text name="msg_del_tracks_ask">¿Seguro que desea eliminar las pistas seleccionadas?</Text>
	<Text name="msg_del_trackfolder_ask">Van a eliminarse la carpeta y todas sus pistas.
¿Seguro que desea continuar?</Text>
	<Text name="msg_error_del_trackfolder_different">No se pudo eliminar la carpeta.
La carpeta contiene otros datos que no son de música.</Text>
	<Text name="msg_importing">Importando...
Por favor, espere.</Text>
	<Text name="msg_import_cancel_ask">¿Desea cancelar la operación de importación?</Text>
	<Text name="msg_imported">Importación completada.</Text>
	<Text name="msg_error_import">Se ha producido un error durante la operación de importación.</Text>
	<Text name="msg_error_track_over">Se ha alcanzado al máximo número de pistas que pueden guardarse.
Se ha detenido la operación de importación.</Text>
	<Text name="msg_error_no_trackfolder_copy">No hay pistas para copiar.</Text>
	<Text name="msg_error_copyright_track">La información de protección de copyright no es válida.</Text>
	<Text name="msg_changedinfo_save_music_ask">¿Desea guardar la información revisada?
Se aplicará el contenido revisado a todas las pistas de la carpeta.</Text>
	<Text name="msg_error_no_track">No hay pistas.</Text>
	<Text name="msg_error_no_nexttrack">No hay ninguna pista disponible.</Text>
	<Text name="msg_error_no_prevtrack">No hay ninguna pista disponible.</Text>
	<Text name="msg_track_number_value">Pista %1</Text>
	<Text name="msg_digitalcamera_video">Películas de cámara digital</Text>
	<Text name="msg_psstore_video_offline_explanation_sd">PlayStation®Store es el único lugar para rentar o adquirir las péliculas más recientes para sus sistemas PS3™, PS Vita y PSP™.
Visite PlayStation®Store hoy mismo.</Text>
	<Text name="msg_psstore_video_offline_explanation_hd">PlayStation®Store es el único lugar para rentar o adquirir las péliculas más recientes para sus sistemas PS3™, PS Vita y PSP™.
Visite PlayStation®Store hoy mismo.</Text>
	<Text name="msg_error_no_title">No hay títulos.</Text>
	<Text name="msg_error_title_over">Se ha alcanzado al máximo número de títulos que pueden guardarse.</Text>
	<Text name="msg_copy_title_select">Seleccione los títulos para copiar.</Text>
	<Text name="msg_copy_titlefolder2">Los títulos protegidos por copyright no se copiarán.</Text>
	<Text name="msg_error_no_title_copy">No hay títulos que puedan ser copiados.</Text>
	<Text name="msg_error_magicgate_device_required">Para realizar esta operación, es necesario un dispositivo USB que sea compatible con las funciones de protección de copyright.</Text>
	<Text name="msg_copied_except_copyright_protected_title">Se ha completado la copia.
No se han copiado los títulos protegidos por copyright.</Text>
	<Text name="msg_title_number_value">Título %1</Text>
	<Text name="msg_smove_destination_select">Seleccione un destino.</Text>
	<Text name="msg_smoving">Moviendo...
Por favor, espere.</Text>
	<Text name="msg_smove_cancel_ask">¿Desea cancelar la operación de movimiento?</Text>
	<Text name="msg_smoved">Movimiento completado.</Text>
	<Text name="msg_error_smove">Se ha producido un error durante la operación de movimiento.</Text>
	<Text name="msg_error_move_mspro">No se puede completar la operación de movimiento.
Para mover este título debe utilizar un Memory Stick PRO™.</Text>
	<Text name="msg_del_title_select">Seleccione el título para eliminar.</Text>
	<Text name="msg_del_title_ask">Se eliminará el título.
¿Seguro que desea continuar?</Text>
	<Text name="msg_del_titles_ask">Se eliminarán los títulos seleccionados.
¿Seguro que desea continuar?</Text>
	<Text name="msg_del_titlefolder_ask">Van a eliminarse la carpeta y todos sus títulos.
¿Seguro que desea continuar?</Text>
	<Text name="msg_del_camerafolder_video_ask">Van a eliminarse la carpeta y todos sus títulos, incluso los protegidos.
¿Seguro que desea continuar?</Text>
	<Text name="msg_del_title_protected_ask">Este título está protegido.
¿Seguro que desea eliminar el título?</Text>
	<Text name="msg_error_del_movie_folder">No se pudo eliminar la carpeta.
La carpeta contiene tipos de datos que no son de vídeo.</Text>
	<Text name="msg_error_smove_prohibit">Este título no puede moverse.</Text>
	<Text name="msg_corrupted_copyright">La información de protección de copyright está dañada y se restablecerá.</Text>
	<Text name="msg_error_corrupted_copyright">Se ha producido un error al restablecer la información de protección de copyright.</Text>
	<Text name="msg_error_no_execute">Esta operación no está disponible aquí.</Text>
	<Text name="msg_video_editor_and_upload">Herramienta para editar y subir vídeos</Text>
	<Text name="msg_video_editor_explanation">Puede editar un vídeo preferido, subirlo a un sitio Web para compartirlo y, después, invitar a sus amigos para que vean el vídeo.</Text>
	<Text name="msg_create_new_video">Crear nuevo vídeo</Text>
	<Text name="msg_del_content_ask">Se eliminará el contenido.
¿Seguro que desea continuar?</Text>
	<Text name="msg_error_create_content_number_over">Se ha alcanzado el máximo número de elementos de contenido que pueden crearse.</Text>
	<Text name="msg_backup_data_utility">Herramienta de copia de seguridad de datos</Text>
	<Text name="msg_bd_data_utility">Herramienta de datos BD</Text>
	<Text name="msg_common_cache_data">Datos cache compartidos</Text>
	<Text name="msg_bd_data_delete_ask">Se eliminarán los datos BD.
¿Seguro que desea continuar?</Text>
	<Text name="msg_service_coming_soon">Este servicio estará disponible dentro de poco.</Text>
	<Text name="msg_service_app_install_folder">Mis canales</Text>
	<Text name="msg_vita_application_utility">Utilidad de aplicación del sistema PS Vita</Text>
	<Text name="msg_applications_vita">Aplicaciones (PS Vita)</Text>
	<Text name="msg_applications_psp_other">Aplicaciones (PSP™/otros)</Text>
	<Text name="msg_applications_ps1">Aplicaciones (PS)</Text>
	<Text name="msg_applications_psm">Aplicaciones (PlayStation®Mobile)</Text>
	<Text name="msg_gamedata_utility">Herramienta de datos de juego</Text>
	<Text name="msg_savedata_utility_ps3">Herramienta de datos guardados (PS3™)</Text>
	<Text name="msg_savedata_utility_ps2">Herramienta de datos guardados (PS2)</Text>
	<Text name="msg_savedata_utility_minis_psp">Herramienta de datos guardados (minis/PSP™)</Text>
	<Text name="msg_savedata_utility_psp_emu_psp">Herramienta de datos guardados (PSP™ Remaster/PSP™)</Text>
	<Text name="msg_savedata_utility_minis_psp_emu_psp">Herramienta de datos guardados (minis/PSP™ Remaster/PSP™)</Text>
	<Text name="msg_memory_card_utility">Herramienta de Memory Card</Text>
	<Text name="msg_content_pc">Contenido restringido de control paterno</Text>
	<Text name="msg_ps1_gamedisc">Disco de formato PlayStation®</Text>
	<Text name="msg_ps2_gamedisc">Disco de formato PlayStation®2</Text>
	<Text name="msg_ps2_format_software">Software de formato PlayStation®2</Text>
	<Text name="msg_playstation">PlayStation®</Text>
	<Text name="msg_playstation2">PlayStation®2</Text>
	<Text name="msg_playstation3">PlayStation®3</Text>
	<Text name="msg_minis">minis</Text>
	<Text name="msg_psp_emu">PSP™ Remaster</Text>
	<Text name="msg_pc_engine">PCEngine</Text>
	<Text name="msg_neogeo">NEOGEO</Text>
	<Text name="msg_cannot_start_unless_install_install_ask">Este juego no se puede iniciar a menos que se instale en el almacenamiento del sistema.
¿Desea iniciar la instalación?</Text>
	<Text name="msg_psstore_game_offline_explanation_sd">PlayStation®Store presenta juegos descargables exclusivos, así como packs complementarios, vídeos y demos GRATIS para PS3™.

¡Visita ya PlayStation®Store!</Text>
	<Text name="msg_psstore_game_offline_explanation_hd">PlayStation®Store, de acceso GRATUITO*, es el lugar ideal para descargar juegos nuevos y exclusivos de PS3™, packs complementarios, vídeos de alta definición y demos jugables gratis*.

Saca el máximo partido a tu PS3™ y visita ya PlayStation®Store.

* Se necesita conexión a Internet de banda ancha.</Text>
	<Text name="msg_disc_benefit">Beneficios del disco</Text>
	<Text name="msg_select_receive_disc_benefit">Seleccione esta opción para recibir los beneficios del disco.</Text>
	<Text name="msg_only_for_psp_need_copy_ask">Puede usar este contenido en un sistema PSP™.
¿Quiere copiarlo en un sistema PSP™?</Text>
	<Text name="msg_error_cannot_use_content_download_again_copy_can_use"><![CDATA[Este contenido no está disponible para usarse.
Inicie sesión con la cuenta que usó para comprar este contenido y seleccione [Ver descargas] en [PlayStation®Network] > [PlayStation®Store] para descargar de nuevo el contenido.
Para usar este contenido, debe descargarlo y luego copiarlo en un dispositivo compatible.]]></Text>
	<Text name="msg_when_use_content_on_vita_hint">Si se usa el contenido en un sistema PS Vita, conecte el sistema PS Vita mediante un cable USB, y luego inicie el [Gestor de contenido] en el sistema PS Vita.</Text>
	<Text name="msg_error_cannot_play_ps2_format">Este modelo del sistema PS3™ no es compatible con software de formato PlayStation®2.</Text>
	<Text name="msg_error_game_wrong_region">Imposible iniciar el software debido a las restricciones de región.</Text>
	<Text name="msg_error_gamedisc_cannot_start">Imposible iniciar el disco.</Text>
	<Text name="msg_error_game_start_failure">Se ha producido un error durante la operación de inicio.</Text>
	<Text name="msg_current_systemsoftware_update_ask">El software del sistema de su sistema PS3™ es la versión %1.
Para iniciar, debe actualizar a la versión %2 o a una posterior.
¿Desea actualizar ahora?</Text>
	<Text name="msg_systemsoftware_update_ask">Será necesario actualizar el software del sistema antes del siguiente uso.</Text>
	<Text name="msg_game_start">Iniciar</Text>
	<Text name="msg_about_game">Acerca de este juego</Text>
	<Text name="msg_about_game_ps3_content">Library programs ©Sony Computer Entertainment Inc. Licensed for play on the PlayStation®3 Computer Entertainment System or authorized PlayStation®3 format systems. For full terms and conditions see the user's manual. This product is authorized and produced under license from Sony Computer Entertainment Inc. Use is subject to the copyright laws and the terms and conditions of the user's license.</Text>
	<Text name="msg_game_update_history">Historial de actualizaciones</Text>
	<Text name="msg_purchase">Comprar</Text>
	<Text name="msg_savedata_auto_upload">Subida automática de datos guardados</Text>
	<Text name="msg_installgame_delete_ask">El juego instalado se eliminará.
¿Seguro que desea continuar?</Text>
	<Text name="msg_error_no_savedata">No hay datos guardados.</Text>
	<Text name="msg_info_detail">Detalles</Text>
	<Text name="msg_protection">Proteger</Text>
	<Text name="msg_copy_prohibited">Copia prohibida</Text>
	<Text name="msg_error_history_auto_upload">Historial de errores (Subida automática)</Text>
	<Text name="msg_online_storage">Almacenamiento online</Text>
	<Text name="msg_online_storage_explanation">Almacena datos guardados online.
Amplíe sus horizontes de juego descargando sus datos guardados al sistema PS3™ de un amigo para seguir jugando. También podrá hacer una copia online de sus datos.</Text>
	<Text name="msg_to_save_data_select_copy_option">Para guardar sus datos en el almacenamiento online, seleccione los datos que desea guardar y, a continuación, seleccione [Copiar] en el menú de opciones.</Text>
	<Text name="msg_save_data_copy_prohibited_upload_explanation">Existen límites en la frecuencia con la que puede descargar estos datos guardados del almacenamiento online.
Solo podrá descargar tras haber pasado %1 horas desde la última vez que subió o descargó desde el almacenamiento online.
Podrá subir datos al almacenamiento online en cualquier momento.</Text>
	<Text name="msg_error_online_storage_full">No hay espacio libre suficiente en el almacenamiento online.
Para copiar necesita al menos %1 más de espacio.</Text>
	<Text name="msg_error_save_data_copy_prohibited_download">No puede descargar estos datos guardados en este momento.
Solo podrá descargar una vez cada %1 horas.

Siguiente descarga disponible:
%2</Text>
	<Text name="msg_vmc_ps1">Memory Card (PS) interna</Text>
	<Text name="msg_vmc_ps2">Memory Card (PS2) interna</Text>
	<Text name="msg_free_space_vmc_ps1">%1 / 120 KB</Text>
	<Text name="msg_free_space_vmc_ps2">%1 / 7998 KB</Text>
	<Text name="msg_category">Tipo</Text>
	<Text name="msg_savedata">Datos guardados</Text>
	<Text name="msg_savedata_ps1">Datos guardados (PlayStation®)</Text>
	<Text name="msg_savedata_ps2">Datos guardados (PlayStation®2)</Text>
	<Text name="msg_application_ps2">Software (PlayStation®2)</Text>
	<Text name="msg_application_pocketstation">Software (PocketStation™)</Text>
	<Text name="msg_setting_file_ps2">Archivo de ajustes (PlayStation®2)</Text>
	<Text name="msg_system_driver_ps2">Controlador del sistema (PlayStation®2)</Text>
	<Text name="msg_unknown_data">Desconocido</Text>
	<Text name="msg_vmc">Memory Card interna</Text>
	<Text name="msg_error_no_vmc">No hay ninguna Memory Card interna.</Text>
	<Text name="msg_free_space_vmc_ps1_w_title">Espacio libre: %1 / 120 KB</Text>
	<Text name="msg_free_space_vmc_ps2_w_title">Espacio libre: %1 / 7998 KB</Text>
	<Text name="msg_pocketstation">PocketStation™</Text>
	<Text name="msg_created_date_time">Creado</Text>
	<Text name="msg_error_mc_no_access">Imposible acceder a la Memory Card.</Text>
	<Text name="msg_error_savedata_cannot_copy">No está permitido copiar estos datos guardados.</Text>
	<Text name="msg_error_no_gamedata">No hay datos de juego.</Text>
	<Text name="msg_update_quit_software_update">Se han encontrado los datos de actualización más recientes.
El sistema saldrá de este software e iniciará la instalación.</Text>
	<Text name="msg_wait_donot_turn_off">Por favor, espere...
No apague el sistema.</Text>
	<Text name="msg_playmode">Modo de reproducción</Text>
	<Text name="msg_play_track_select">Seleccione la pista que desea reproducir.</Text>
	<Text name="msg_no_data">No hay ningún dato.</Text>
	<Text name="msg_error_service_stop">El servicio ha finalizado.</Text>
	<Text name="msg_error_account_service">Se ha suspendido el uso de este servicio para esta cuenta.</Text>
	<Text name="msg_browser">Navegador de Internet</Text>
	<Text name="msg_ps3_portal">PlayStation®Store</Text>
	<Text name="msg_psp_connection">Uso a distancia</Text>
	<Text name="msg_remoteplay_explanation"><![CDATA[Utilice un dispositivo de uso a distancia (como un sistema PS Vita o un sistema PSP™) para hacer funcionar el sistema a distancia a través de la red. Vaya a [Ajustes] > [Ajustes de uso a distancia] > [Registrar dispositivo] y registre el el dispositivo de uso a distancia.]]></Text>
	<Text name="msg_onlinemanual">Manuales de instrucciones online</Text>
	<Text name="msg_file">Archivo</Text>
	<Text name="msg_open">Abrir</Text>
	<Text name="msg_internet_search">Búsqueda por Internet</Text>
	<Text name="msg_download_cancel_ask">¿Desea cancelar la operación de descarga?</Text>
	<Text name="msg_error_server_transaction_failure">Se ha producido un error durante la comunicación con el servidor.</Text>
	<Text name="msg_no_file">No hay ningún archivo.</Text>
	<Text name="msg_content_not_support_remoteplay">Este contenido no es compatible con el uso a distancia.</Text>
	<Text name="msg_error_cannot_operate_remoteplay">No se puede realizar esta operación durante el juego remoto.</Text>
	<Text name="msg_error_cannot_start_can_play_follow_device">No se puede iniciar.
Puede iniciar este contenido sólo desde los siguientes dispositivos durante el uso a distancia:</Text>
	<Text name="msg_error_need_update_psp">Debe realizar una actualización del software del sistema PSP™.
Para obtener información sobre los métodos de actualización, consulte las instrucciones del sistema PSP™.</Text>
	<Text name="msg_error_no_signup_ask">Debe inscribirse en Sony Entertainment Network.
¿Desea inscribirse ahora?</Text>
	<Text name="msg_download_control">Administración de descargas</Text>
	<Text name="msg_no_download_content">No hay ninguna descarga.</Text>
	<Text name="msg_variable_downloading">%1%% Descargando...</Text>
	<Text name="msg_variable_download_error">%1%% Error de descarga</Text>
	<Text name="msg_variable_download_waiting">%1%% Pendiente</Text>
	<Text name="msg_variable_download_pausing">%1%% Pausada</Text>
	<Text name="msg_pause_all">Pausar todo</Text>
	<Text name="msg_resume_all">Reanudar todo</Text>
	<Text name="msg_progress">Estado</Text>
	<Text name="msg_resume">Reanudar</Text>
	<Text name="msg_download_restart">Reanudar descarga</Text>
	<Text name="msg_download_cancel">Cancelar descarga</Text>
	<Text name="msg_install">Instalar</Text>
	<Text name="msg_download_content_was_deleted">Se ha eliminado el contenido del servidor.</Text>
	<Text name="msg_need_app_software_download_ask">Para utilizar esta función, primero deberá descargar el software.
¿Desea descargarlo ahora?</Text>
	<Text name="msg_cellbrowser_foldingathome">Folding@home™</Text>
	<Text name="msg_auto_start">Inicio automático</Text>
	<Text name="msg_title_lwp">Life with PlayStation®</Text>
	<Text name="msg_psstore_explanation_sd">PlayStation®Store presenta juegos descargables exclusivos, así como packs complementarios, vídeos y demos GRATIS para PS3™.

¡Visita ya PlayStation®Store!</Text>
	<Text name="msg_psstore_explanation_hd">PlayStation®Store, de acceso GRATUITO*, es el lugar ideal para descargar juegos nuevos y exclusivos de PS3™, packs complementarios, vídeos de alta definición y demos jugables gratis*.

Saca el máximo partido a tu PS3™ y visita ya PlayStation®Store.

* Se necesita conexión a Internet de banda ancha.</Text>
	<Text name="msg_reg_explanation_sd">Disfruta de juegos online GRATIS*, descarga juegos, packs de expansión y contenido exclusivo, chatea con tus amigos y compara los Trofeos.
Inscríbete y ¡a divertirse!
* Se necesita conexión a Internet de banda ancha.</Text>
	<Text name="msg_reg_explanation_hd">PlayStation®Network te ofrece diversión e interacción.
Disfruta de juegos online GRATIS*, descarga asombrosos juegos nuevos y packs de expansión para muchos de los mejores juegos, echa un vistazo a los tráileres, consigue contenido exclusivo, chatea con tus amigos y compara los Trofeos.

Inscríbete ya: ¡es fácil y GRATIS!

* Se necesita conexión a Internet de banda ancha.</Text>
	<Text name="msg_account_manage">Administración de cuentas</Text>
	<Text name="msg_can_change_psn_account_psstore_setteing">Edite los ajustes para su cuenta o para compras realizadas en PlayStation®Store.</Text>
	<Text name="msg_your_channel">Novedades</Text>
	<Text name="msg_your_channel_offline_explanation_hd">Bienvenido a PlayStation®3.
En la pantalla “Novedades” encontrarás las noticias y actualizaciones más recientes de PlayStation®, y podrás acceder fácilmente a los últimos juegos a los que hayas jugado.
Para acceder a la pantalla “Novedades” regístrate en PlayStation®Network*. Este servicio es gratuito y te abre las puertas a un mundo de entretenimiento, ¡así que regístrate hoy mismo!

* Se necesita una conexión de banda ancha a Internet.</Text>
	<Text name="msg_your_channel_offline_explanation_sd">En “Novedades” encontrarás las últimas noticias de PlayStation® y accederás a tus juegos más recientes. Conéctate gratis a PlayStation®Network*, ¡la puerta de entrada a un mundo de diversión!
* Se necesita una conexión de banda ancha a Internet.</Text>
	<Text name="msg_your_channel_caution_launching_website">Estás publicando un sitio web en Internet.</Text>
	<Text name="msg_trophy_collection">Colección de trofeos</Text>
	<Text name="msg_trophy_count">Trofeos</Text>
	<Text name="msg_gain_date">Ganados</Text>
	<Text name="msg_no_trophy_explanation">No hay trofeos.
Si utiliza un juego que tenga la función de trofeos y obtiene alguno, se mostrarán aquí.</Text>
	<Text name="msg_compare_trophy">Comparar trofeos</Text>
	<Text name="msg_trophy_grade">Grado</Text>
	<Text name="msg_trophy_platinum">Platino</Text>
	<Text name="msg_trophy_gold">Oro</Text>
	<Text name="msg_trophy_silver">Plata</Text>
	<Text name="msg_trophy_bronze">Bronce</Text>
	<Text name="msg_sync_with_server">Sincronizar con servidor</Text>
	<Text name="msg_switch_mode">Cambiar modos</Text>
	<Text name="msg_online_mode">Modo online</Text>
	<Text name="msg_online_mode_trophy_explanation">Modo online
Ver la información de trofeos guardada en el servidor.</Text>
	<Text name="msg_offline_mode">Modo offline</Text>
	<Text name="msg_offline_mode_trophy_explanation">Modo offline
Ver la información de trofeos guardada en este sistema.</Text>
	<Text name="msg_trophy_base_addon">Juego principal/complemento</Text>
	<Text name="msg_hidden_trophy_name">Trofeo oculto</Text>
	<Text name="msg_original_f">Orden original</Text>
	<Text name="msg_trophy_grade_f">Grado</Text>
	<Text name="msg_trophy_earned_f">Fecha de obtención ▲</Text>
	<Text name="msg_trophy_earned_r">Fecha de obtención ▼</Text>
	<Text name="msg_privacy_settings">Ajustes de privacidad</Text>
	<Text name="msg_ps_plus_psn">PlayStation®Plus</Text>
	<Text name="msg_health_warning_psn">Avisos de salud</Text>
	<Text name="msg_psp_exclusive_install_ask">Este contenido es para uso exclusivo con el sistema PSP™.
¿Desea instalarlo ahora en el sistema PSP™?</Text>
	<Text name="msg_bonus_digital_copy">Digital Copy</Text>
	<Text name="msg_bonus_digital_copy_explanation">Este contenido se puede usar después deiniciar sesión en PlayStation®Network y copiar el contenido al almacenamiento del sistema de este sistema.</Text>
	<Text name="msg_error_service_not_available_region">El servicio no está disponible en su país/región.</Text>
	<Text name="msg_sigining_in2">Iniciando sesión...</Text>
	<Text name="msg_auto_signin_off">Inicio de sesión automático desactivado</Text>
	<Text name="msg_auto_signin">Inicio de sesión automático</Text>
	<Text name="msg_signout">Cerrar sesión</Text>
	<Text name="msg_error_no_execute_psn_maintenance_partially">No se puede realizar la operación.
Se están realizando labores de mantenimiento en ciertas funciones de Sony Entertainment Network.</Text>
	<Text name="msg_error_no_player">No se han encontrado jugadores.</Text>
	<Text name="msg_signin">Iniciar sesión</Text>
	<Text name="msg_ignore_list">Lista de bloqueo</Text>
	<Text name="msg_friend_register">Agregar a un amigo</Text>
	<Text name="msg_play_with">He jugado con</Text>
	<Text name="msg_av_chatroom">Sala de chat de voz/vídeo</Text>
	<Text name="msg_game_chatroom">Sala de chat de juegos</Text>
	<Text name="msg_msg_box">Mensajes</Text>
	<Text name="msg_last_signin_minute_ago">Último inicio de sesión: Hace %1 minutos</Text>
	<Text name="msg_last_signin_hour_ago">Último inicio de sesión: Hace %1 horas</Text>
	<Text name="msg_last_signin_day_ago">Último inicio de sesión: Hace %1 días</Text>
	<Text name="msg_last_signin_month_ago">Último inicio de sesión: Hace %1 meses</Text>
	<Text name="msg_last_signin_more_than_2year_ago">Último inicio de sesión: Hace 2 o más años</Text>
	<Text name="msg_to">Para</Text>
	<Text name="msg_sent">Envío completado.</Text>
	<Text name="msg_registered">Agregado completado.</Text>
	<Text name="msg_error_registered_number_over">Se ha alcanzado el número máximo de personas que se pueden añadir.</Text>
	<Text name="msg_error_cannot_register_myself">No se puede añadir a sí mismo.</Text>
	<Text name="msg_accept_friend_register_ask">¿Quiere agregarle como amigo?</Text>
	<Text name="msg_register_request">Solicitud de amigo</Text>
	<Text name="msg_asking_to_add">Pendiente de respuesta para agregar como amigo.</Text>
	<Text name="msg_asked_to_add">Ha recibido una solicitud de amigo.</Text>
	<Text name="msg_msg_list">Lista de mensajes</Text>
	<Text name="msg_start_new_chat">Iniciar nuevo chat</Text>
	<Text name="msg_new_msg">Crear mensaje</Text>
	<Text name="msg_error_no_msg">No hay mensajes.</Text>
	<Text name="msg_status_f">Estado</Text>
	<Text name="msg_name_f">Nombre</Text>
	<Text name="msg_online_id">ID online</Text>
	<Text name="msg_online_name">Nombre online</Text>
	<Text name="msg_about_me">Acerca de mí</Text>
	<Text name="msg_my_lang">Mis idiomas</Text>
	<Text name="msg_received_msg_count">Mensajes recibidos</Text>
	<Text name="msg_unread_msg_count">Mensajes no leídos</Text>
	<Text name="msg_protect_msg_count">Mensajes protegidos</Text>
	<Text name="msg_sent_msg_count">Mensajes enviados</Text>
	<Text name="msg_received_msg_count_with_variable">Mensajes recibidos %1</Text>
	<Text name="msg_sent_msg_count_with_variable">Mensajes enviados %1</Text>
	<Text name="msg_from">De</Text>
	<Text name="msg_received_datetime">Recibido</Text>
	<Text name="msg_sent_datetime">Enviado</Text>
	<Text name="msg_reply_to_friend_register">Responder a la solicitud de amigo</Text>
	<Text name="msg_del_addingfriend_ask">Se eliminará a un amigo pendiente de ser agregado.
Si elimina a este amigo, usted será eliminado de los amigos de la lista de amigos de la otra persona.
¿Seguro de que quiere continuar?</Text>
	<Text name="msg_del_friend_ask">Se eliminará a este amigo.
Si elimina a este amigo, usted será eliminado de los amigos de la lista de amigos de la otra persona.
¿Seguro de que quiere continuar?</Text>
	<Text name="msg_status">Estado</Text>
	<Text name="msg_profile">Perfil</Text>
	<Text name="msg_online">Online</Text>
	<Text name="msg_afk">No disponible</Text>
	<Text name="msg_add_ignore_list">Agregar a lista de bloqueo</Text>
	<Text name="msg_game_title">Título del juego</Text>
	<Text name="msg_information">Información</Text>
	<Text name="msg_played_date_hour">Jugado</Text>
	<Text name="msg_add_ignore_list_ask">Si lo agrega a la lista de bloqueo, dejará de recibir mensajes de esta persona.
¿Desea continuar?</Text>
	<Text name="msg_adding">Agregando...
Por favor, espere.</Text>
	<Text name="msg_del_from_ignore_list">Eliminar de lista de bloqueo</Text>
	<Text name="msg_del_ignore_list_ask">¿Seguro que desea eliminarlo de la lista de bloqueo?</Text>
	<Text name="msg_error_not_registered">No se han añadido personas.</Text>
	<Text name="msg_error_try_again_later">Se ha producido un error.
Vuelva a intentarlo más tarde.</Text>
	<Text name="msg_send_grief_report">Informe de quejas</Text>
	<Text name="msg_received_box">Recibido</Text>
	<Text name="msg_sent_box">Enviado</Text>
	<Text name="msg_list">Lista</Text>
	<Text name="msg_protect">Proteger</Text>
	<Text name="msg_unprotected">Borrar protección</Text>
	<Text name="msg_edit">Editar</Text>
	<Text name="msg_attach_image_select">Seleccione una imagen para adjuntar.</Text>
	<Text name="msg_attach_cancel_ask">¿Desea cancelar la operación adjunta?</Text>
	<Text name="msg_dell_msg_all_ask">¿Desea eliminar todos los mensajes?
Los mensajes protegidos no se eliminarán.</Text>
	<Text name="msg_del_msgl_ask">¿Seguro que desea eliminar el mensaje?</Text>
	<Text name="msg_dell_msg_all_ask2">¿Desea eliminar todos los mensajes?</Text>
	<Text name="msg_voice_text_chatroom">Sala de chat de voz/texto</Text>
	<Text name="msg_text_chatroom">Sala de chat (sólo texto)</Text>
	<Text name="msg_mic_on">Micrófono activado</Text>
	<Text name="msg_mic_off">Micrófono desactivado</Text>
	<Text name="msg_chat_volume">Volumen de chat</Text>
	<Text name="msg_camera_on">Cámara activada</Text>
	<Text name="msg_camera_off">Cámara desactivada</Text>
	<Text name="msg_chat_screen_on">Mostrar imagen de chat</Text>
	<Text name="msg_chat_screen_off">Ocultar imagen de chat</Text>
	<Text name="msg_invite_friend">Invitar a amigo</Text>
	<Text name="msg_new_msg_all">Crear mensaje para todos</Text>
	<Text name="msg_quit">Abandonar</Text>
	<Text name="msg_cancel2">Cancelar</Text>
	<Text name="msg_invite_chat">Invitación</Text>
	<Text name="msg_participants_list">Lista de participantes</Text>
	<Text name="msg_invite_game">Invitación de juego</Text>
	<Text name="msg_error_add">Se ha producido un error durante la operación de agregado.</Text>
	<Text name="msg_error_attach_size_over">Se ha alcanzado el tamaño máximo de los archivos que pueden adjuntarse.</Text>
	<Text name="msg_error_attach_deleted">El archivo adjunto se ha eliminado.</Text>
	<Text name="msg_error_player_added">Este jugador ya había sido agregado.</Text>
	<Text name="msg_protect_msg_over">Se ha alcanzado el máximo número  de mensajes que se pueden proteger.
Puede proteger hasta 50 mensajes.</Text>
	<Text name="msg_error_cannot_operate_signin_pls">No se puede realizar la operación.
No ha iniciado sesión.</Text>
	<Text name="msg_error_cannot_creat_message">No puede crear un mensaje en este momento.</Text>
	<Text name="msg_error_ignore_list_friend">No puede agregar un amigo a su lista de bloqueo.
Debe eliminar la persona de su lista de amigos antes de agregarla a su lista de bloqueo.</Text>
	<Text name="msg_version">Versión</Text>
	<Text name="msg_new_user_create">Crear nuevo usuario</Text>
	<Text name="msg_logout_ask">¿Desea salir del sistema?</Text>
	<Text name="msg_login_ask">¿Desea acceder al sistema como el usuario seleccionado?
El usuario actualmente con acceso al sistema saldrá del sistema.</Text>
	<Text name="msg_username_create">Introduzca un nombre de usuario.</Text>
	<Text name="msg_error_max_num_users_reached">No se pueden crear usuarios adicionales.
No se pueden crear más de 16 usuarios.</Text>
	<Text name="msg_error_other_username_create_pls">El nombre introducido ya se ha utilizado.
Introduzca un nombre de usuario distinto.</Text>
	<Text name="msg_error_new_user_create">Se ha producido un error durante la creación del usuario.</Text>
	<Text name="msg_user_del_2nd_ask">¿Seguro que desea eliminar el usuario?</Text>
	<Text name="msg_auto_login_set">A partir de ahora, "%1"  iniciará sesión automáticamente al iniciar el sistema PS3™.</Text>
	<Text name="msg_username">Usuario</Text>
	<Text name="msg_username_num">Usuario %1</Text>
	<Text name="msg_auto_login">Acceso automático al sistema</Text>
	<Text name="msg_logout">Salir del sistema</Text>
	<Text name="msg_user_del_ask">Si elimina el usuario, también serán eliminados los datos guardados del software de formato PlayStation®3, los mensajes, trofeos y otra información.
¿Seguro que desea continuar?</Text>
	<Text name="msg_error_character">No se pueden escribir los siguientes caracteres:
%1</Text>
	<Text name="msg_health_warning_detail_scee_1">Ataques provocados por estímulos luminosos (epilepsia fotosensitiva)

</Text>
	<Text name="msg_health_warning_detail_scee_2">Si sufre epilepsia o ha padecido ataques, consulte a su médico antes de jugar. Algunas personas podrían padecer irritación ocular, alteraciones de la visión, migraña, espasmos musculares, convulsiones, desmayos, pérdida del conocimiento o desorientación al exponerse a luces intermitentes o parpadeantes u otros estímulos luminosos emitidos por la pantalla del televisor o al jugar a videojuegos. Si experimenta alguno de los síntomas anteriores al jugar, deje de hacerlo inmediatamente y consulte a su médico.

</Text>
	<Text name="msg_health_warning_detail_scee_3">Deje de jugar inmediatamente si experimenta alguno de los siguientes síntomas:
</Text>
	<Text name="msg_health_warning_detail_scee_4">Además de los síntomas especificados anteriormente, si, mientras juega, experimenta dolor de cabeza, vértigo, náuseas, fatiga o síntomas similares al mareo o una sensación de malestar o dolor en cualquier parte del cuerpo como los ojos, los oídos, las manos, los brazos o los pies, deje de jugar inmediatamente. Si el malestar persiste, solicite asistencia médica.



</Text>
	<Text name="msg_health_warning_detail_scee_5">Imágenes en 3D

</Text>
	<Text name="msg_health_warning_detail_scee_6">Algunas personas experimentan molestias (como tensión ocular, fatiga visual o náuseas) al utilizar un televisor 3D para ver imágenes de vídeo en 3D o para jugar a videojuegos estereoscópicos en 3D. Si experimenta tales molestias, interrumpa inmediatamente el uso del televisor hasta que la molestia desaparezca.
</Text>
	<Text name="msg_health_warning_detail_scee_7">Por regla general, le recomendamos que evite el uso prolongado de su sistema PlayStation®3 y que descanse quince minutos por cada hora de juego. Sin embargo, cuando se trata de videojuegos estereoscópicos en 3D o de vídeos en 3D, la duración y la frecuencia de los periodos de descanso varían de una persona a otra; descanse el tiempo suficiente para que desaparezca cualquier molestia que sufra. Si los síntomas continúan, consulte con su médico.
</Text>
	<Text name="msg_health_warning_detail_scee_8">La visión de los niños pequeños, especialmente los menores de seis años, se encuentra en proceso de maduración. Consulte con el pediatra o el oculista de su hijo pequeño antes de permitirle ver imágenes de vídeo en 3D o jugar a videojuegos estereoscópicos en 3D. Los adultos deberían supervisar a sus hijos pequeños para asegurarse de que siguen estas recomendaciones.



</Text>
	<Text name="msg_health_warning_detail_scee_9">Notas sobre seguridad al utilizar el mando inalámbrico DUALSHOCK™3

</Text>
	<Text name="msg_health_warning_detail_scee_10">No utilice la función de vibración si sufre cualquier dolencia o lesión en los huesos, articulaciones o músculos de las manos o los brazos. Si tiene una lesión no juegue a los títulos que utilizan el mando inalámbrico DUALSHOCK™3 a menos que haya ajustado la función de vibración en [No].



</Text>
	<Text name="msg_health_warning_detail_scee_11">・Utilice la unidad en un lugar bien iluminado y mantenga una distancia de seguridad con la pantalla del televisor.
・Evite el uso prolongado del sistema PS3™ y el mando inalámbrico. Descanse unos 15 minutos tras cada hora de juego.
・Evite jugar cuando esté cansado o somnoliento.
</Text>
	<Text name="msg_health_warning_detail_scee_12">・Deje de utilizar el sistema inmediatamente si comienza a sentirse cansado o experimenta una sensación de malestar o dolor en las manos o en los brazos mientras utiliza el mando inalámbrico. Si el malestar persiste, consulte a su médico.
</Text>
	<Text name="msg_health_warning_detail_scee_13">・Si sufre alguno de los siguientes problemas de salud, deje de utilizar el sistema inmediatamente. En caso de que los síntomas persistan, póngase en contacto con un médico
- Vértigo, náuseas, fatiga o síntomas similares al mareo.
- Molestias o dolor en determinadas partes del cuerpo, como en los ojos, oídos, manos o brazos</Text>
	<Text name="msg_health_warning_detail_scea_1">Fotosensibilidad/epilepsia/convulsiones

</Text>
	<Text name="msg_health_warning_detail_scea_2">Existe la posibilidad de que un pequeño porcentaje de personas sufra ataques epilépticos o pérdidas pasajeras del conocimiento al exponerse a ciertos patrones luminosos o luces intermitentes. Estas personas podrían sufrir un ataque epiléptico o pérdidas pasajeras del conocimiento al exponerse a ciertos patrones o fondos en la pantalla del televisor o al jugar a videojuegos. Estas condiciones podrían provocar síntomas de epilepsia no detectada previamente o convulsiones incluso en personas sin un historial de ataques o epilepsia o convulsiones. Si usted, o cualquier miembro de su familia, sufre de epilepsia o experimenta convulsiones de cualquier tipo, consulte a su médico antes de utilizar un videojuego.

</Text>
	<Text name="msg_health_warning_detail_scea_3">DEJE DE UTILIZAR EL SISTEMA INMEDIATAMENTE y consulte a su médico antes de volver a utilizar un videojuego si usted o su hijo experimentan cualquiera de los siguientes problemas de salud o muestran síntomas:
・mareos,
・problemas en la vista,
・contracciones oculares o musculares,
・pérdida de conocimiento,
・desorientación,
・convulsiones, o
・cualquier movimiento involuntario o convulsiones.
NO VUELVA A UTILIZAR UN VIDEOJUEGO HASTA QUE ASÍ SE LO INDIQUE SU MÉDICO.

</Text>
	<Text name="msg_health_warning_detail_scea_4">Cómo usar y manipular los videojuegos para reducir la posibilidad de un ataque
・Utilice el sistema en una zona bien iluminada y manténgase lo más alejado posible del televisor.
・Evite los televisores de gran tamaño. Utilice un televisor del menor tamaño posible.
・Evite el uso prolongado del sistema PS3™. Tómese un descanso de 15 minutos durante cada hora de juego.
・Evite jugar si está cansado o tiene sueño.



</Text>
	<Text name="msg_health_warning_detail_scea_5">Imágenes en 3D

</Text>
	<Text name="msg_health_warning_detail_scea_6">Ciertas personas pueden sufrir molestias (como, por ejemplo, vista cansada o náusea) al ver vídeos en 3D o al jugar juegos de vídeo en 3D estereosc pico en un televisor 3D. Si sufre de dichas molestias suspenda inmediatamente el uso de su televisor hasta que pase el malestar.
</Text>
	<Text name="msg_health_warning_detail_scea_7">SCE le recomienda a todos los usuarios que se tomen descanso regularmente al ver vídeos en 3D o al jugar juegos de vídeo en 3D estereoscópico. La duración y frecuencia necesaria del descanso varía de persona a persona. Asegúrese de descansar lo suficiente para que pase cualquier molestia. Consulte a su médico si persisten los síntomas.
</Text>
	<Text name="msg_health_warning_detail_scea_8">La visión de niños aún está en desarrollo (en especial en los menores de seis años). Consulte con un médico (como, por ejemplo, un pediatra u oculista) antes de permitir que sus hijos pequeños vean vídeos en 3D o jueguen a juegos de vídeo en 3D estereoscópico. Al utilizar un dispositivo compatible con 3D con su sistema PlayStation®3 lea el manual de instrucciones para el dispositivo y visite www.sony-latin.com/playstation para información actualizada.



</Text>
	<Text name="msg_health_warning_detail_scea_9">Notas sobre seguridad al utilizar el mando inalámbrico DUALSHOCK™3

</Text>
	<Text name="msg_health_warning_detail_scea_10">・ Si empieza a sentirse cansado o siente dolor en sus manos o brazos cuando está utilizando el mando inalámbrico DUALSHOCK™3 entonces deje de usarlo inmediatamente. Consulte a su médico si persisten estas condiciones.
・ La función de vibración del mando inalámbrico DUALSHOCK™3 puede empeorar lesiones previas. Si tiene alguna dolencia o lesión de huesos o m sculos en sus manos o brazos, no utilice la función de vibración. Si tiene una lesión no juegue a los títulos de software que contiene la función de vibración que utiliza el mando inalámbrico DUALSHOCK™3 a menos que haya ajustado la función de vibración en [No].
</Text>
	<Text name="msg_health_warning_detail_scea_11">・ Evite el uso prolongado del mando inalámbrico DUALSHOCK™3. Tómese un descanso cada 30 minutos.
・ Tenga en cuenta que ciertos títulos de software establecen la función de vibración en [Sí] de forma predeterminada. Para desactivar la función de vibración, pulse el botón PS del mando inalámbrico y, a continuación, seleccione [Ajustes de mando]→[Función de vibración]→[No].



</Text>
	<Text name="msg_health_warning_detail_scea_12">・Utilice en un lugar bien iluminado y mantenga lo más alejado posible de la pantalla del televisor.
・ Evite el uso prolongado del sistema PS3™ y el mando inalámbrico.
</Text>
	<Text name="msg_health_warning_detail_scea_13">・ Deje de utilizar el sistema inmediatamente si comienza a sentirse cansado o experimenta una sensación de malestar o dolor en las manos o en los brazos mientras utiliza el mando inalámbrico. Si el malestar persiste, consulte a su médico.
</Text>
	<Text name="msg_health_warning_detail_scea_14">・ Si sufre alguno de los siguientes problemas de salud, deje de utilizar el sistema inmediatamente. En caso de que los síntomas persistan, póngase en contacto con un médico.
- Vértigo, náuseas, fatiga o síntomas similares al mareo
- Molestias o dolor en determinadas partes del cuerpo, como en los ojos, oídos, manos o brazos</Text>
	<Text name="msg_health_warning_detail_scej_1">光の刺激によって引き起こされる発作について

</Text>
	<Text name="msg_health_warning_detail_scej_2">点滅を繰り返す画面や、その他の光の刺激によって、まれに、目の痛み、視覚異常、偏頭痛、けいれんや意識障害（失神など）などの症状（光感受性発作）が起きることがあります。こうした症状のある方は、事前に必ず医師に相談してください。

</Text>
	<Text name="msg_health_warning_detail_scej_3">こんなときはすぐに使用を中止する
</Text>
	<Text name="msg_health_warning_detail_scej_4"><![CDATA[上記の症状に加え、頭痛、めまい、吐き気、疲労感、乗り物酔いに似た症状などを感じたときや、目、耳、手、腕、足など、身体の一部に不快感や痛みを感じたときは、すぐに使用を中止してください。使用を中止しても治らないときは、医師の診察を受けてください。



]]></Text>
	<Text name="msg_health_warning_detail_scej_5">3D映像、3D立体視ゲームについて

</Text>
	<Text name="msg_health_warning_detail_scej_6">3D映像の視聴中や3D対応テレビでの3D立体視ゲームのプレイ中に、目の疲労、気分が悪くなるなどの不快な症状が出ることがあります。不快な症状が出たときは、直ちにテレビのご利用を中止し、回復するまでご利用をお控えください。
3D映像を視聴したり、3D立体視ゲームをプレイしたりするときは、定期的に休憩をとることをおすすめします。必要な休憩の長さや頻度は個人によって異なりますので、ご自身でご判断ください。不快な症状が回復するまで、十分に休憩をとってください。もし症状が続く場合は、医師にご相談ください。
</Text>
	<Text name="msg_health_warning_detail_scej_7"><![CDATA[なお、お子さま(特に6歳未満の子)の視覚は発達段階にあります。お子さまが3D映像を視聴したり、3D立体視ゲームをプレイしたりする前に、小児科や眼科などの医師にご相談いただくことをおすすめします。大人のかたは、お子さまが上記注意点を守るよう監督してください。
最新情報については、ホームページ(http://www.jp.playstation.com/support/)をご覧ください。



]]></Text>
	<Text name="msg_health_warning_detail_scej_8">コントローラの振動機能に対応したソフトウェアについて

</Text>
	<Text name="msg_health_warning_detail_scej_9">振動障害のある方は、バイブレーション（振動）機能を使用しないでください。



</Text>
	<Text name="msg_health_warning_detail_scej_10">・使用するときは部屋を明るくし、できるだけ画面から離れてください。
・疲れているときや睡眠不足のときは、使用を避けてください。
</Text>
	<Text name="msg_health_warning_detail_scej_11">・使用するときは健康のため、1時間ごとに15分程度の休憩を取ってください。
・使用中に体調が悪くなったら、すぐに使用をやめてください。</Text>
	<Text name="msg_health_warning_detail_sceasia_1">Photosensitivity/Epilepsy/Seizures

</Text>
	<Text name="msg_health_warning_detail_sceasia_2">A very small percentage of individuals may experience epileptic seizures or blackouts when exposed to certain light patterns or flashing lights. Exposure to certain patterns or backgrounds on a television screen or when playing video games may trigger epileptic seizures or blackouts in these individuals. These conditions may trigger previously undetected epileptic symptoms or seizures in persons who have no history of prior seizures or epilepsy. If you, or anyone in your family, has an epileptic condition or has had seizures of any kind, consult your physician before playing.

</Text>
	<Text name="msg_health_warning_detail_sceasia_3">IMMEDIATELY DISCONTINUE use and consult your physician before resuming gameplay if you or your child experience any of the following health problems or symptoms:
・dizziness,
・altered vision,
・eye or muscle twitches,
・loss of awareness,
・disorientation,
・seizures, or
・any involuntary movement or convulsion.
RESUME GAMEPLAY ONLY ON APPROVAL OF YOUR PHYSICIAN.

</Text>
	<Text name="msg_health_warning_detail_sceasia_4">Use and handling of video games to reduce the likelihood of a seizure
・Use in a well-lit area and keep as far away as possible from the television screen.
・Avoid large screen televisions. Use the smallest television screen available.
・Avoid prolonged use of the PS3™ system. Take a 15-minute break during each hour of play.
・Avoid playing when you are tired or need sleep.



</Text>
	<Text name="msg_health_warning_detail_sceasia_5">3D images

</Text>
	<Text name="msg_health_warning_detail_sceasia_6">Some people may experience discomfort (such as eye strain, eye fatigue, or nausea) while watching 3D video images or playing stereoscopic 3D games on 3D televisions. If you experience such discomfort you should immediately discontinue use of your television until the discomfort subsides.
</Text>
	<Text name="msg_health_warning_detail_sceasia_7">SCE recommends that all viewers take regular breaks while watching 3D video, or playing stereoscopic 3D games. The length and frequency of necessary breaks may vary from person to person - please take breaks that are long enough to allow any feelings of discomfort to subside. If symptoms persist, consult your physician.
</Text>
	<Text name="msg_health_warning_detail_sceasia_8">The vision of young children (especially those under six years old) is still under development. SCE recommends that you consult with physician (such as a pediatrician or eye doctor) before allowing a young child to watch 3D video images or play stereoscopic 3D games. When using any 3D enabled device with your PlayStation®3 system you should read the instruction manual for that device.



</Text>
	<Text name="msg_health_warning_detail_sceasia_9">Notes on safety when using the DUALSHOCK™3 Wireless Controller

</Text>
	<Text name="msg_health_warning_detail_sceasia_10">・Stop using the system immediately if you begin to feel tired or if you experience discomfort or pain in your hands or arms while operating the DUALSHOCK™3 wireless controller. If the condition persists, consult a doctor.
・The vibration function of the DUALSHOCK™3 wireless controller can aggravate injuries. Do not use the vibration function if you have any ailment or injury to the bones, joints or muscles of your hands or arms. If you have an ailment or an injury, do not play such titles using the DUALSHOCK™3 wireless controller unless you have set the vibration function to [Off].
</Text>
	<Text name="msg_health_warning_detail_sceasia_11">・Avoid prolonged use of the DUALSHOCK™3 wireless controller. Take a break at about 30-minute intervals.
・Note that some software titles set the vibration function to [On] by default. To disable the vibration function, press the PS button of the controller, and then select [Controller Settings]→[Vibration Function]→[Off].



</Text>
	<Text name="msg_health_warning_detail_sceasia_12">・Use in a well-lit area and keep a safe distance from the TV screen.
・Avoid prolonged use of the PS3™ system. Take a 15-minute break during each hour of play.
・Avoid playing when you are tired or need sleep.
</Text>
	<Text name="msg_health_warning_detail_sceasia_13">・Stop using the system immediately if you begin to feel tired or if you experience discomfort or pain in your hands or arms while operating the wireless controller If the condition persists, consult a doctor.
</Text>
	<Text name="msg_health_warning_detail_sceasia_14">・If you experience any of the following health problems, discontinue use of the system immediately. If symptoms persist, consult with your physician.
- Dizziness, nausea, fatigue or symptoms similar to motion sickness
- Discomfort or pain in a part of the body, such as eyes, ears, hands or arms</Text>
</TextLang>
