﻿<?xml version="1.0" encoding="utf-8"?>
<!-- This XML was generated by Rcomage v1.1.1 -->
<TextLang>
	<Text name="msg_setting">Ustawienia</Text>
	<Text name="msg_photo">Zdjęcia</Text>
	<Text name="msg_music">Muzyka</Text>
	<Text name="msg_video">Wideo</Text>
	<Text name="msg_game">Gra</Text>
	<Text name="msg_net">Sieć</Text>
	<Text name="msg_friend">Znajomi</Text>
	<Text name="msg_user">Użytkownicy</Text>
	<Text name="msg_login">Zaloguj się</Text>
	<Text name="msg_tv">TV</Text>
	<Text name="msg_tv_video_service">Usługi TV/wideo</Text>
	<Text name="msg_psn">PlayStation®
Network</Text>
	<Text name="msg_power_off_console2">Wyłącz system</Text>
	<Text name="msg_photo_gallery">Photo Gallery</Text>
	<Text name="msg_untitled">Nieznane</Text>
	<Text name="msg_new_vmc">Utwórz nową wewnętrzną Memory Card</Text>
	<Text name="msg_signup">Zapisz się</Text>
	<Text name="msg_playstation_home">PlayStation®Home</Text>
	<Text name="msg_start_new_chat2">Rozpocznij nowy czat</Text>
	<Text name="msg_ms">Memory Stick™</Text>
	<Text name="msg_sd">SD Memory Card</Text>
	<Text name="msg_cf">CompactFlash®</Text>
	<Text name="msg_bd_rom">BD-ROM</Text>
	<Text name="msg_bd_r">BD-R</Text>
	<Text name="msg_bd_re">BD-RE</Text>
	<Text name="msg_dvdr">DVD-R</Text>
	<Text name="msg_dvdplusr">DVD+R</Text>
	<Text name="msg_dvdrw">DVD-RW</Text>
	<Text name="msg_dvdplusrw">DVD+RW</Text>
	<Text name="msg_dvdrom">DVD-ROM</Text>
	<Text name="msg_dvdvideo">DVD Video</Text>
	<Text name="msg_dvdvr">DVD-VR</Text>
	<Text name="msg_dvdplusvr">DVD+VR</Text>
	<Text name="msg_avchd">AVCHD</Text>
	<Text name="msg_avcrec">AVCREC</Text>
	<Text name="msg_bdmv">BDMV</Text>
	<Text name="msg_bdav">BDAV</Text>
	<Text name="msg_cdaudio">Audio CD</Text>
	<Text name="msg_cddata">Dysk z danymi</Text>
	<Text name="msg_sacd">Super Audio CD</Text>
	<Text name="msg_mc_ps1">Memory Card (PS)</Text>
	<Text name="msg_mc_ps2">Memory Card (PS2)</Text>
	<Text name="msg_disc">Dysk</Text>
	<Text name="msg_dsd_disc">Dysk DSD</Text>
	<Text name="msg_psp">PSP™ (PlayStation®Portable)</Text>
	<Text name="msg_psp_bracket">PSP™ (PlayStation®Portable) %1</Text>
	<Text name="msg_vita_abbreviated">System PS Vita</Text>
	<Text name="msg_psp_name">Nick</Text>
	<Text name="msg_usb">Urządzenie USB</Text>
	<Text name="msg_usb_id">Urządzenie USB (%1)</Text>
	<Text name="msg_digitalcamera">Cyfrowy aparat fotograficzny</Text>
	<Text name="msg_digitalcamera_id">Cyfrowy aparat fotograficzny (%1)</Text>
	<Text name="msg_walkman">ATRAC Audio Device</Text>
	<Text name="msg_walkman_id">ATRAC Audio Device (%1)</Text>
	<Text name="msg_cancel">Anuluj</Text>
	<Text name="msg_ok">OK</Text>
	<Text name="msg_fix">OK</Text>
	<Text name="msg_yes">Tak</Text>
	<Text name="msg_no">Nie</Text>
	<Text name="msg_on">Wł.</Text>
	<Text name="msg_off">Wył.</Text>
	<Text name="msg_nrml">Normalne</Text>
	<Text name="msg_normal">Normalne</Text>
	<Text name="msg_plus1">+1</Text>
	<Text name="msg_plus2">+2</Text>
	<Text name="msg_plus3">+3</Text>
	<Text name="msg_plus4">+4</Text>
	<Text name="msg_minus1">-1</Text>
	<Text name="msg_minus2">-2</Text>
	<Text name="msg_minus3">-3</Text>
	<Text name="msg_minus4">-4</Text>
	<Text name="msg_1">1</Text>
	<Text name="msg_2">2</Text>
	<Text name="msg_3">3</Text>
	<Text name="msg_4">4</Text>
	<Text name="msg_5">5</Text>
	<Text name="msg_percent">%1%%</Text>
	<Text name="msg_image_count_value">Obrazy: %1</Text>
	<Text name="msg_images_count_value">Obrazy: %1</Text>
	<Text name="msg_track_count_value">Utwory: %1</Text>
	<Text name="msg_tracks_count_value">Utwory: %1</Text>
	<Text name="msg_title_count_value">Tytuły: %1</Text>
	<Text name="msg_titles_count_value">Tytuły: %1</Text>
	<Text name="msg_savedata_count_value">Zapisy: %1</Text>
	<Text name="msg_savedatas_count_value">Zapisy: %1</Text>
	<Text name="msg_time_num1">%1:%2:%3</Text>
	<Text name="msg_time_num2">%1:%2'%3''</Text>
	<Text name="msg_time_num3">%1'%2''</Text>
	<Text name="msg_datetime_num1">%1/%2/%3  %4:%5</Text>
	<Text name="msg_am">AM</Text>
	<Text name="msg_pm">PM</Text>
	<Text name="msg_time_hour_num2">%1:%2'</Text>
	<Text name="msg_day_plural">Dni: %1</Text>
	<Text name="msg_sort">Sortuj wg</Text>
	<Text name="msg_importeddate_f">Data importu ▲</Text>
	<Text name="msg_importeddate_r">Data importu ▼</Text>
	<Text name="msg_shootdate_f">Data filmu ▲</Text>
	<Text name="msg_shootdate_r">Data filmu ▼</Text>
	<Text name="msg_sale_year_f">Rok wydania ▲</Text>
	<Text name="msg_sale_year_r">Rok wydania ▼</Text>
	<Text name="msg_created_date_time_f">Data utworzenia ▲</Text>
	<Text name="msg_created_date_time_r">Data utworzenia ▼</Text>
	<Text name="msg_updated_date_f">Data aktualizacji ▲</Text>
	<Text name="msg_updated_date_r">Data aktualizacji ▼</Text>
	<Text name="msg_format_f">Format</Text>
	<Text name="msg_imagename_f">Nazwa obrazu</Text>
	<Text name="msg_albumname_f">Nazwa albumu</Text>
	<Text name="msg_genre_f">Nazwa gatunku</Text>
	<Text name="msg_artist_f">Nazwa wykonawcy</Text>
	<Text name="msg_track_f">Nazwa utworu</Text>
	<Text name="msg_title_f">Tytuł</Text>
	<Text name="msg_subtitle_f">Podtytuł</Text>
	<Text name="msg_start_date_f">Ostatnio grane</Text>
	<Text name="msg_folder_class">Pogrupuj materiały</Text>
	<Text name="msg_all">Wszystko</Text>
	<Text name="msg_year_folder">Wg roku</Text>
	<Text name="msg_month_folder">Wg miesiąca</Text>
	<Text name="msg_album_folder">Wg albumu</Text>
	<Text name="msg_genre_folder">Wg gatunku</Text>
	<Text name="msg_artist_folder">Wg wykonawcy</Text>
	<Text name="msg_sale_year_folder">Wg roku wydania</Text>
	<Text name="msg_track_folder">Wg utworu</Text>
	<Text name="msg_title_folder">Wg tytułu</Text>
	<Text name="msg_format_folder">Wg formatu</Text>
	<Text name="msg_copy">Kopiuj</Text>
	<Text name="msg_copy_plural">Kopiuj kilka</Text>
	<Text name="msg_del">Usuń</Text>
	<Text name="msg_del_plural">Usuń kilka</Text>
	<Text name="msg_slideshow">Pokaz slajdów</Text>
	<Text name="msg_display_all">Wyświetl wszystko</Text>
	<Text name="msg_cddbdata_get">Uzyskaj informacje o CD</Text>
	<Text name="msg_import">Importuj</Text>
	<Text name="msg_titlelist">Lista tytułów</Text>
	<Text name="msg_play">Odtwórz</Text>
	<Text name="msg_play_begin">Odtwórz od początku</Text>
	<Text name="msg_smove">Przenieś</Text>
	<Text name="msg_disc_eject">Wyjmij dysk</Text>
	<Text name="msg_info">Informacje</Text>
	<Text name="msg_repeat">Powtórz</Text>
	<Text name="msg_shuffle">Odtwarzaj losowo</Text>
	<Text name="msg_pause">Wstrzymaj</Text>
	<Text name="msg_display">Obejrzyj</Text>
	<Text name="msg_volume_control">Regulacja głośności</Text>
	<Text name="msg_plus">+</Text>
	<Text name="msg_minus">-</Text>
	<Text name="msg_slideshow_with_icon">Pokaz slajdów </Text>
	<Text name="msg_fix_with_icon">OK </Text>
	<Text name="msg_folder_class_with_icon">Pogrupuj materiały </Text>
	<Text name="msg_option_with_icon">: Opcje</Text>
	<Text name="msg_help_start">: Rozpocznij</Text>
	<Text name="msg_copy_psplus_with_icon">Kopiuj </Text>
	<Text name="msg_copy_plural_psplus_with_icon">Kopiuj kilka </Text>
	<Text name="msg_savedata_auto_upload_psplus_with_icon">Automatyczne przesyłanie zapisanych danych </Text>
	<Text name="msg_icon_start"></Text>
	<Text name="msg_info_none">-</Text>
	<Text name="msg_format">Format</Text>
	<Text name="msg_size">Rozmiar</Text>
	<Text name="msg_space">Wolne miejsce</Text>
	<Text name="msg_shoot_date">Sfilmowane</Text>
	<Text name="msg_updated_date">Zaktualizowane</Text>
	<Text name="msg_corrupted_data">Uszkodzone dane</Text>
	<Text name="msg_unsupported_data">Nieobsługiwane dane</Text>
	<Text name="msg_folder">Katalog</Text>
	<Text name="msg_resolution">Rozdzielczość</Text>
	<Text name="msg_multiply">%1 x %2</Text>
	<Text name="msg_image">Obraz</Text>
	<Text name="msg_image_count">Obrazy</Text>
	<Text name="msg_camera">Urządzenie filmujące</Text>
	<Text name="msg_album">Album</Text>
	<Text name="msg_genre">Gatunek</Text>
	<Text name="msg_artist">Wykonawca</Text>
	<Text name="msg_imported_size">Rozmiar po importowaniu</Text>
	<Text name="msg_size_counting">Trwa zliczanie...</Text>
	<Text name="msg_sale_year">Wydano</Text>
	<Text name="msg_play_time">Długość</Text>
	<Text name="msg_comment">Komentarz</Text>
	<Text name="msg_samplingfrequency">Częstotliwość próbkowania</Text>
	<Text name="msg_disc_number">Numer dysku</Text>
	<Text name="msg_track_count">Utwory</Text>
	<Text name="msg_track_number">Numer utworu</Text>
	<Text name="msg_track">Utwór</Text>
	<Text name="msg_bpm">BPM</Text>
	<Text name="msg_codec">Kodek</Text>
	<Text name="msg_lastplay_datetime">Ostatnio grane</Text>
	<Text name="msg_ch">Kanał</Text>
	<Text name="msg_various_artists">Różni wykonawcy</Text>
	<Text name="msg_imported_date">Importowano</Text>
	<Text name="msg_created_date">Sfilmowano</Text>
	<Text name="msg_start_date">Rozpoczęcie</Text>
	<Text name="msg_expiration_date">Traci ważność</Text>
	<Text name="msg_remaining_time">Pozostałe godz</Text>
	<Text name="msg_play_count">Liczba odtworzeń</Text>
	<Text name="msg_file_number">Numer pliku</Text>
	<Text name="msg_title">Tytuł</Text>
	<Text name="msg_subtitle">Podtytuł</Text>
	<Text name="msg_disc_type">Typ dysku</Text>
	<Text name="msg_disc_protect">Blokada z hasłem</Text>
	<Text name="msg_title_count">Tytuły</Text>
	<Text name="msg_video_codec">Kodek wideo</Text>
	<Text name="msg_audio_codec">Kodek audio</Text>
	<Text name="msg_file_type">Typ pliku</Text>
	<Text name="msg_mediaserver">Serwer multimediów</Text>
	<Text name="msg_dlna_date_time">Data i godzina</Text>
	<Text name="msg_produced_date">Wyprodukowano</Text>
	<Text name="msg_info_valid_from">Rozpoczęcie</Text>
	<Text name="msg_info_valid_to">Traci ważność</Text>
	<Text name="msg_magicgate">MagicGate™</Text>
	<Text name="msg_mg_supported">Obsługiwane</Text>
	<Text name="msg_mg_not_supported">Nieobsługiwane</Text>
	<Text name="msg_info_unknown">Nieznane</Text>
	<Text name="msg_savedata_count">Zapisy</Text>
	<Text name="msg_model">Model</Text>
	<Text name="msg_can_play_only_for_variable_hours">(Uwaga: materiał może zostać odtworzony tylko w ciągu %1 godz. od pierwszego odtworzenia.)</Text>
	<Text name="msg_can_play_only_for_variable_hours_game">(Uwaga: materiał może zostać odtworzony tylko w ciągu %1 min od pierwszego odtworzenia.)</Text>
	<Text name="msg_video_description">Opis</Text>
	<Text name="msg_copyright">Informacje o prawach autorskich</Text>
	<Text name="msg_owner">Nabywca</Text>
	<Text name="msg_all_use_content_delete_cannot_use">Ten materiał może być używany przez osoby nie będące jego nabywcami. Jeśli jednak wszyscy nabywcy zostaną usunięci, nie będzie możliwości używania tego materiału.</Text>
	<Text name="msg_need_save_psn_pw_other_owner_use_content">Ten materiał może być używany przez osoby nie będące jego nabywcami. Aby jednak inni użytkownicy mogli korzystać z tego materiału, w systemie musi być zapisane hasło nabywcy w usłudze Sony Entertainment Network.</Text>
	<Text name="msg_jpeg">JPEG</Text>
	<Text name="msg_gif">GIF</Text>
	<Text name="msg_png">PNG</Text>
	<Text name="msg_tiff">TIFF</Text>
	<Text name="msg_bmp">BMP</Text>
	<Text name="msg_mpo">MPO (MP Format)</Text>
	<Text name="msg_aac_kbps">AAC %1 kb/s</Text>
	<Text name="msg_mp3_kpbs">MP3 %1 kb/s</Text>
	<Text name="msg_atrac_kbps">ATRAC %1 kb/s</Text>
	<Text name="msg_wma_kbps">WMA %1 kb/s</Text>
	<Text name="msg_lpcm_bit_ch">Linear PCM  %1-bitowe  %2 kan.</Text>
	<Text name="msg_non_lpcm">Non-linear PCM %1 kb/s</Text>
	<Text name="msg_dsd_ch">DSD %1 kan.</Text>
	<Text name="msg_dolby">Dolby Digital</Text>
	<Text name="msg_mpeg1">MPEG-1</Text>
	<Text name="msg_mpeg2">MPEG-2</Text>
	<Text name="msg_mpeg2_ts">MPEG-2 TS</Text>
	<Text name="msg_mpeg4">MPEG-4</Text>
	<Text name="msg_mpeg_layer1">MPEG Layer 1</Text>
	<Text name="msg_mpeg_layer2">MPEG Layer 2</Text>
	<Text name="msg_mpeg_layer3">MPEG Layer 3</Text>
	<Text name="msg_avc">AVC</Text>
	<Text name="msg_motion_jpeg">Motion JPEG</Text>
	<Text name="msg_divx">DivX®</Text>
	<Text name="msg_wmv">VC-1 (WMV)</Text>
	<Text name="msg_mpeg1_mbps">MPEG-1 %1 Mb/s</Text>
	<Text name="msg_mpeg2_mbps">MPEG-2 %1 Mb/s</Text>
	<Text name="msg_mpeg2_ts_mbps">MPEG-2 TS %1 Mb/s</Text>
	<Text name="msg_mpeg4_mbps">MPEG-4 %1 Mb/s</Text>
	<Text name="msg_avc_kbps">AVC %1 kb/s</Text>
	<Text name="msg_khz">%1 kHz</Text>
	<Text name="msg_kbps">%1 kb/s</Text>
	<Text name="msg_mbps">%1 Mb/s</Text>
	<Text name="msg_ch_2">2 kan.</Text>
	<Text name="msg_multi_ch">Wielokanałowe</Text>
	<Text name="msg_power_off_console">Wyłącz system</Text>
	<Text name="msg_turnoff_system_ask">Czy chcesz wyłączyć system?</Text>
	<Text name="msg_after_background_download_auto_turn_off">Wyłącz system automatycznie po ukończeniu pobierania w tle</Text>
	<Text name="msg_slot_assign">Przypisz gniazda</Text>
	<Text name="msg_slot1">Gniazdo 1</Text>
	<Text name="msg_slot2">Gniazdo 2</Text>
	<Text name="msg_eject">Usuń</Text>
	<Text name="msg_user_name">Nazwa użytkownika</Text>
	<Text name="msg_need_quit_to_operate_ask">Aby wykonać tę operację, musisz zakończyć [%1].
Czy chcesz teraz zakończyć ten program?</Text>
	<Text name="msg_error_hdd_full_perform_operation">W pamięci masowej systemu brakuje wolnego miejsca.
Do wykonania tej operacji potrzeba co najmniej %1 więcej wolnego miejsca.</Text>
	<Text name="msg_content_already_copied">Ten materiał mógł już zostać skopiowany.</Text>
	<Text name="msg_save_newly">Zapisz nowy</Text>
	<Text name="msg_original_content">Istniejący materiał</Text>
	<Text name="msg_new_content">Nowy materiał</Text>
	<Text name="msg_save_destination_select">Wybierz miejsce docelowe.</Text>
	<Text name="msg_error_no_storagemedia">Podłącz nośnik danych w miejscu docelowym zapisu.</Text>
	<Text name="msg_ps3_photo">Pamięć masowa systemu (Zdjęcia)</Text>
	<Text name="msg_ps3_video">Pamięć masowa systemu (Wideo)</Text>
	<Text name="msg_ps3_music">Pamięć masowa systemu (Muzyka)</Text>
	<Text name="msg_folder_name">Nazwa katalogu</Text>
	<Text name="msg_same_name_file">W miejscu docelowym zapisu jest plik o takiej nazwie.</Text>
	<Text name="msg_different_name_save">Zmień nazwę i zapisz</Text>
	<Text name="msg_overwrite_save">Zastąp i zapisz</Text>
	<Text name="msg_save_no">Nie zapisuj</Text>
	<Text name="msg_save_yes">Zapisz</Text>
	<Text name="msg_apply_all">Zastosuj do wszystkich</Text>
	<Text name="msg_select_all">Wybierz wszystko</Text>
	<Text name="msg_deselect_all">Wyczyść wszystko</Text>
	<Text name="msg_copying">Trwa kopiowanie...
Czekaj.</Text>
	<Text name="msg_copied">Kopiowanie ukończone.</Text>
	<Text name="msg_copy_incomplete_ms_ask">Na karcie Memory Stick™ brakuje wolnego miejsca. Operacja kopiowania może nie zostać ukończona pomyślnie.
Czy chcesz kontynuować?</Text>
	<Text name="msg_copy_incomplete_sd_ask">Na karcie SD Memory Card brakuje wolnego miejsca. Operacja kopiowania może nie zostać ukończona pomyślnie.
Czy chcesz kontynuować?</Text>
	<Text name="msg_copy_incomplete_cf_ask">Na karcie CompactFlash® brakuje wolnego miejsca. Operacja kopiowania może nie zostać ukończona pomyślnie.
Czy chcesz kontynuować?</Text>
	<Text name="msg_copy_incomplete_usb_ask">Na urządzeniu USB brakuje wolnego miejsca. Operacja kopiowania może nie zostać ukończona pomyślnie.
Czy chcesz kontynuować?</Text>
	<Text name="msg_copy_incomplete_hdd_ask">W pamięci masowej systemu brakuje wolnego miejsca. Operacja kopiowania może nie zostać ukończona pomyślnie.
Czy chcesz kontynuować?</Text>
	<Text name="msg_copy_incomplete">Brakuje wolnego miejsca. Operacja kopiowania nie została ukończona.</Text>
	<Text name="msg_completed_count">Ukończono</Text>
	<Text name="msg_copy_cancel_ask">Czy chcesz anulować operację kopiowania?</Text>
	<Text name="msg_error_content_over_copy">Osiągnięto maksymalną liczbę materiałów, które można zapisać. Operacja kopiowania nie została ukończona.</Text>
	<Text name="msg_copied_delete_content_saved_ps3_ask">Kopiowanie ukończone.
Czy chcesz usunąć istniejący materiał zapisany w systemie PS3™?</Text>
	<Text name="msg_sure_to_delete_ask">Czy na pewno chcesz to usunąć?</Text>
	<Text name="msg_deleting">Trwa usuwanie...
Czekaj.</Text>
	<Text name="msg_deleted">Usuwanie ukończone.</Text>
	<Text name="msg_cannot_delete_folder_on_this_system">Nie można usunąć katalogu przy użyciu tego systemu.</Text>
	<Text name="msg_change_upfolder">Przenieś do katalogu wyżej</Text>
	<Text name="msg_create_newfolder">Utwórz nowy katalog</Text>
	<Text name="msg_folder_name_new">Nowy katalog %1</Text>
	<Text name="msg_error_no_folder">Nie ma żadnego katalogu.</Text>
	<Text name="msg_wait">Czekaj...</Text>
	<Text name="msg_error">Wystąpił błąd.</Text>
	<Text name="msg_error_corrupted_data">Dane są uszkodzone.</Text>
	<Text name="msg_error_unsupported_data">Dane tego typu nie są obsługiwane.</Text>
	<Text name="msg_error_copy">Podczas kopiowania wystąpił błąd.</Text>
	<Text name="msg_error_del">Podczas usuwania wystąpił błąd.</Text>
	<Text name="msg_error_no_name">Nie wprowadzono żadnej nazwy.
Wprowadź nazwę zawierającą co najmniej 1 znak.</Text>
	<Text name="msg_error_ms_full">Na karcie Memory Stick™ brakuje wolnego miejsca.</Text>
	<Text name="msg_error_ms_locked">Memory Stick™ jest zablokowany.</Text>
	<Text name="msg_error_ms_no_access">Nie można uzyskać dostępu do Memory Stick™.</Text>
	<Text name="msg_error_ms_no_read">Nie można odczytać Memory Stick™.</Text>
	<Text name="msg_error_no_ms">Nie włożono Memory Stick™.</Text>
	<Text name="msg_error_sd_full">Na karcie SD Memory Card brakuje wolnego miejsca.</Text>
	<Text name="msg_error_sd_locked">SD Memory Card jest zablokowana.</Text>
	<Text name="msg_error_sd_no_access">Nie można uzyskać dostępu do SD Memory Card.</Text>
	<Text name="msg_error_sd_no_read">Nie można odczytać SD Memory Card.</Text>
	<Text name="msg_error_no_sd">Nie włożono żadnej SD Memory Card.</Text>
	<Text name="msg_error_cf_full">Na karcie CompactFlash® brakuje wolnego miejsca.</Text>
	<Text name="msg_error_cf_locked">CompactFlash® jest zablokowana.</Text>
	<Text name="msg_error_cf_no_access">Nie można uzyskać dostępu do CompactFlash®.</Text>
	<Text name="msg_error_cf_no_read">Nie można odczytać CompactFlash®.</Text>
	<Text name="msg_error_no_cf">Nie włożono CompactFlash®.</Text>
	<Text name="msg_error_usb_full">Na urządzeniu USB brakuje wolnego miejsca.</Text>
	<Text name="msg_error_usb_locked">Urządzenie USB jest zablokowane.</Text>
	<Text name="msg_error_usb_no_access">Nie można uzyskać dostępu do urządzenia USB.</Text>
	<Text name="msg_error_usb_no_read">Nie można odczytać urządzenia USB.</Text>
	<Text name="msg_error_no_usb">Nie włożono żadnego urządzenia USB.</Text>
	<Text name="msg_error_hdd_full">W pamięci masowej systemu brakuje wolnego miejsca.</Text>
	<Text name="msg_error_hdd_no_access">Nie można uzyskać dostępu do pamięci masowej systemu.</Text>
	<Text name="msg_error_no_signin">Musisz się wpisać w usłudze PlayStation®Network.</Text>
	<Text name="msg_error_no_signup">Musisz się zapisać do usługi w sieci Sony Entertainment Network.</Text>
	<Text name="msg_icon_image_select">Wybierz obraz, który ma zostać użyty jako ikona.</Text>
	<Text name="msg_icon_change_albumtrack_ask1">Zostaną zmienione ikony wszystkich utworów w albumie.
Czy chcesz kontynuować?</Text>
	<Text name="msg_cannot_display_all_mediaserver">Jest zbyt dużo serwerów multimediów.
Niektóre serwery multimediów nie zostaną wyświetlone.</Text>
	<Text name="msg_scan_mediaserver">Wyszukaj serwery multimediów</Text>
	<Text name="msg_not_allowed_access_confirm_pls">Dostęp do serwera multimediów jest niedozwolony. Jest możliwe, że nazwa tego systemu w tym sytemie PS3™, "%1", nie została zarejestrowana.
Sprawdź ustawienia serwera multimediów.</Text>
	<Text name="msg_playlists">Listy odtwarzania</Text>
	<Text name="msg_playlist_pane">Lista odtwarzania</Text>
	<Text name="msg_create_new_playlist">Utwórz nową listę odtwarzania</Text>
	<Text name="msg_to_add_content_playlist_select_edit">Aby dodać materiał do listy odtwarzania, wybierz pozycję [Edytuj] z menu opcji.</Text>
	<Text name="msg_error_cannot_edit_playlist_no_track">W pamięci masowej systemu nie ma żadnych utworów. Nie można edytować listy odtwarzania.</Text>
	<Text name="msg_error_cannot_edit_playlist_no_image">W pamięci masowej systemu nie ma żadnych obrazów. Nie można edytować listy odtwarzania.</Text>
	<Text name="msg_error_same_name_cannot_use">Ta nazwa jest już w użyciu.
Wprowadź inną nazwę.</Text>
	<Text name="msg_error_no_content">Nie ma żadnych materiałów.</Text>
	<Text name="msg_add_to_playlist">Dodaj do listy odtwarzania</Text>
	<Text name="msg_add_playlist">Dodaj</Text>
	<Text name="msg_add_all_playlist">Dodaj wszystko</Text>
	<Text name="msg_delete_playlist_ask">Lista odtwarzania zostanie usunięta.
Czy na pewno chcesz kontynuować?</Text>
	<Text name="msg_error_startdate_video">Materiał nie jest dostępny przed datą rozpoczęcia.</Text>
	<Text name="msg_error_expired_video">Materiał utracił ważność i nie jest już dostępny.</Text>
	<Text name="msg_info_no_time_limit">Nie ma limitu czasu</Text>
	<Text name="msg_info__expired">Utracił ważność</Text>
	<Text name="msg_expires_on_variable">Traci ważność: %1</Text>
	<Text name="msg_error_timelimited_video"><![CDATA[Dla tego materiału wyznaczono limit czasu.
Aby wykonać tę operację, przejdź do menu [Ustawienia] > [Ustawienia daty i godziny] > [Data i godzina], a następnie wybierz pozycję [Ustawić przez Internet], aby ustawić godzinę i datę.]]></Text>
	<Text name="msg_can_play_variable_first_play_now_ask">Ten materiał może być odtwarzany tylko przez %1 godz. od pierwszego odtworzenia.
Czy chcesz go teraz odtworzyć?</Text>
	<Text name="msg_del_content_cannot_dl_again_conf_psn">Materiał zostanie usunięty i nie będzie można go ponownie pobrać.
Czy na pewno chcesz kontynuować?</Text>
	<Text name="msg_to_enable_setting_enable_auto_login">Wprowadzone zmiany spowodowały wyłączenie następujących ustawień.
%1

Aby włączyć te ustawienia, trzeba ustawić automatyczne logowanie użytkownika w obszarze [Użytkownicy]. Więcej informacji na temat ustawiania opcji logowania automatycznego można znaleźć w podręczniku obsługi online.</Text>
	<Text name="msg_to_enable_setting_enable_auto_signin">Wprowadzone zmiany spowodowały wyłączenie następujących ustawień.
%1

Aby włączyć te ustawienia, trzeba ustawić automatyczne wpisywanie w sieci PlayStation®Network. Więcej informacji na temat ustawiania opcji autowpisywania można znaleźć w podręczniku obsługi online.</Text>
	<Text name="msg_remoteplay_remote_start"><![CDATA[[Ustawienia] > [Ustawienia gry zdalnej] > [Zdalne uruchamianie]]]></Text>
	<Text name="msg_console_setting_auto_download"><![CDATA[[Ustawienia] > [Ustawienia systemu] > [Automatyczna aktualizacja]]]></Text>
	<Text name="msg_lang_japan">Japoński</Text>
	<Text name="msg_lang_english">Angielski</Text>
	<Text name="msg_lang_french">Francuski</Text>
	<Text name="msg_lang_spanish">Hiszpański</Text>
	<Text name="msg_lang_german">Niemiecki</Text>
	<Text name="msg_lang_italian">Włoski</Text>
	<Text name="msg_lang_dutch">Holenderski</Text>
	<Text name="msg_lang_portuguese">Portugalski</Text>
	<Text name="msg_lang_russian">Rosyjski</Text>
	<Text name="msg_lang_polish">Polski</Text>
	<Text name="msg_lang_finnish">Fiński</Text>
	<Text name="msg_lang_danish">Duński</Text>
	<Text name="msg_lang_norwegian">Norweski</Text>
	<Text name="msg_lang_swedish">Szwedzki</Text>
	<Text name="msg_lang_turkish">Turecki</Text>
	<Text name="msg_lang_korean">Koreański</Text>
	<Text name="msg_lang_chinese_t">Chiński tradycyjny</Text>
	<Text name="msg_lang_chinese_s">Chiński uproszczony</Text>
	<Text name="msg_lpcm">Linear PCM</Text>
	<Text name="msg_display_on">Wyświetlaj</Text>
	<Text name="msg_display_off">Nie wyświetlaj</Text>
	<Text name="msg_macaddress">Adres MAC</Text>
	<Text name="msg_ipaddress">Adres IP</Text>
	<Text name="msg_atrac_not_activated_set_pls"><![CDATA[Obsługa formatu ATRAC nie jest włączona.
Przejdź do menu [Ustawienia] > [Ustawienia systemu] i włącz obsługę formatu ATRAC.]]></Text>
	<Text name="msg_backup">Utwórz kopię zapasową</Text>
	<Text name="msg_restore">Przywróć</Text>
	<Text name="msg_audio_device_setting">Ustawienia urządzenia audio</Text>
	<Text name="msg_print">Drukuj</Text>
	<Text name="msg_manufacturer">Producent</Text>
	<Text name="msg_10min">Po 10 min</Text>
	<Text name="msg_20min">Po 20 min</Text>
	<Text name="msg_30min">Po 30 min</Text>
	<Text name="msg_remain_time">Pozostały czas</Text>
	<Text name="msg_others">Inne</Text>
	<Text name="msg_level_1">Poziom 1</Text>
	<Text name="msg_level_2">Poziom 2</Text>
	<Text name="msg_level_3">Poziom 3</Text>
	<Text name="msg_level_4">Poziom 4</Text>
	<Text name="msg_level_5">Poziom 5</Text>
	<Text name="msg_level_6">Poziom 6</Text>
	<Text name="msg_level_7">Poziom 7</Text>
	<Text name="msg_level_8">Poziom 8</Text>
	<Text name="msg_level_9">Poziom 9</Text>
	<Text name="msg_level_10">Poziom 10</Text>
	<Text name="msg_level_11">Poziom 11</Text>
	<Text name="msg_gameetc_pc">Kontrola rodzicielska</Text>
	<Text name="msg_netservice">PlayStation®Network</Text>
	<Text name="msg_error_server_connect_timeout">Upłynął limit czasu połączenia z serwerem.</Text>
	<Text name="msg_cannot_operate_in_demonstration_mode">Nie można wykonać tej operacji w trybie pokazowym.</Text>
	<Text name="msg_tool_install_file"><![CDATA[★ Install Package Files]]></Text>
	<Text name="msg_tool_app_home_ps3_game"><![CDATA[★ /app_home/PS3_GAME/]]></Text>
	<Text name="msg_tool_title_store_preview">Title Store Preview</Text>
	<Text name="msg_tool_title_store_preview_ingame"><![CDATA[★ Title Store Preview (inGame)]]></Text>
	<Text name="msg_tool_title_store_preview_store"><![CDATA[★ Title Store Preview (Store)]]></Text>
	<Text name="msg_tool_lock"><![CDATA[★ Lock]]></Text>
	<Text name="msg_tool_unlock"><![CDATA[★ Unlock]]></Text>
	<Text name="msg_tool_check"><![CDATA[★ Check]]></Text>
	<Text name="msg_tool_cancel_purchase"><![CDATA[★ Cancel Purchase]]></Text>
	<Text name="msg_tool_del"><![CDATA[★ Delete]]></Text>
	<Text name="msg_tool_import"><![CDATA[★ Import]]></Text>
	<Text name="msg_tool_export"><![CDATA[★ Export]]></Text>
	<Text name="msg_tool_quick_sign_up"><![CDATA[★ Quick Sign Up]]></Text>
	<Text name="msg_tool_performance_bar"><![CDATA[★ Performance Bar]]></Text>
	<Text name="msg_tool_no_memory_limit"><![CDATA[★ No Memory Limit]]></Text>
	<Text name="msg_tool_quick_preview"><![CDATA[★ Quick Preview]]></Text>
	<Text name="msg_tool_owner_info"><![CDATA[★ Owner Information]]></Text>
	<Text name="msg_no_trophy">There are no trophies.</Text>
	<Text name="msg_bdu_software">Software</Text>
	<Text name="msg_digitalcamera_image">Obrazy z cyfrowego aparatu fotograficznego</Text>
	<Text name="msg_del_image_ask">Obraz zostanie usunięty.
Czy na pewno chcesz kontynuować?</Text>
	<Text name="msg_del_images_ask">Wybrane obrazy zostaną usunięte.
Czy na pewno chcesz kontynuować?</Text>
	<Text name="msg_del_camerafolder_ask">Katalog i wszystkie zawarte w nim obrazy, w tym obrazy chronione, zostaną usunięte.
Czy na pewno chcesz kontynuować?</Text>
	<Text name="msg_del_image_protected_ask">Ten obraz jest chroniony.
Czy na pewno chcesz usunąć ten obraz?</Text>
	<Text name="msg_del_imagefolder_ask">Katalog i wszystkie zawarte w nim obrazy zostaną usunięte.
Czy na pewno chcesz kontynuować?</Text>
	<Text name="msg_error_del_imagefolder">Usuwanie nie powiodło się.
Katalog zawiera dane innego typu niż obrazy.</Text>
	<Text name="msg_del_image_select">Wybierz obrazy do usunięcia.</Text>
	<Text name="msg_copy_image_select">Wybierz obrazy do skopiowania.</Text>
	<Text name="msg_error_no_image_copy">Nie ma żadnych obrazów do skopiowania.</Text>
	<Text name="msg_error_no_image">Nie ma żadnych obrazów.</Text>
	<Text name="msg_mmyyyy_jan">Sty %1</Text>
	<Text name="msg_mmyyyy_feb">Lut %1</Text>
	<Text name="msg_mmyyyy_mar">Mar %1</Text>
	<Text name="msg_mmyyyy_apr">Kwi %1</Text>
	<Text name="msg_mmyyyy_may">Maj %1</Text>
	<Text name="msg_mmyyyy_jun">Cze %1</Text>
	<Text name="msg_mmyyyy_jul">Lip %1</Text>
	<Text name="msg_mmyyyy_aug">Sie %1</Text>
	<Text name="msg_mmyyyy_sep">Wrz %1</Text>
	<Text name="msg_mmyyyy_oct">Paź %1</Text>
	<Text name="msg_mmyyyy_nov">Lis %1</Text>
	<Text name="msg_mmyyyy_dec">Gru %1</Text>
	<Text name="msg_yyyy">%1</Text>
	<Text name="msg_slideshow_type1">Slajd</Text>
	<Text name="msg_slideshow_type2">Portret</Text>
	<Text name="msg_slideshow_type3">Album zdjęć</Text>
	<Text name="msg_slideshow_type4">Album zdjęć 2</Text>
	<Text name="msg_piccto_explanation">Utwórz obszar, aby oglądać i poprawiać zdjęcia.
W kilka minut możesz utworzyć piękne albumy ze zdjęć w systemie PS3™.
Możesz ułożyć zdjęcia tematycznie, dodać muzykę, aby uatrakcyjnić pokaz slajdów lub oprawić swoje zdjęcia w ramki własnego wyboru. Im więcej zdjęć tym lepsza zabawa — możliwości są nieograniczone!</Text>
	<Text name="msg_piccto_explanation_sd">Utwórz obszar, aby oglądać i poprawiać zdjęcia.
W kilka minut możesz utworzyć piękne albumy ze zdjęć w systemie PS3™.</Text>
	<Text name="msg_cddbdata_getting">Pobieranie informacji o płycie CD...
Czekaj.</Text>
	<Text name="msg_cddbdata_pluralfound_select">Znaleziono kilka pozycji z informacjami o płycie CD.
Wybierz odpowiednią pozycję z informacjami o płycie CD.</Text>
	<Text name="msg_cddbdata_send">Wyślij informacje o płycie CD</Text>
	<Text name="msg_cddbdata_sending">Wysyłanie informacji o płycie CD...
Czekaj.</Text>
	<Text name="msg_select_import">Importuj kilka</Text>
	<Text name="msg_select_import_pls">Wybierz utwory do importowania.</Text>
	<Text name="msg_copy_track_select">Wybierz utwory do skopiowania.</Text>
	<Text name="msg_del_track_protected_ask">Ten utwór jest chroniony.
Czy na pewno chcesz usunąć ten utwór?</Text>
	<Text name="msg_del_folder_track_protected_ask">Katalog i wszystkie zawarte w nim utwory, w tym utwory chronione, zostaną usunięte.
Czy na pewno chcesz kontynuować?</Text>
	<Text name="msg_cannot_copy_protected_truck">Utwory chronione prawami autorskimi nie zostaną skopiowane.</Text>
	<Text name="msg_copied_except_copyright_protected_track">Kopiowanie ukończone.
Utwory chronione prawami autorskimi nie zostały skopiowane.</Text>
	<Text name="msg_del_track_select">Wybierz utwory do usunięcia.</Text>
	<Text name="msg_del_track_ask">Czy na pewno chcesz usunąć ten utwór?</Text>
	<Text name="msg_del_tracks_ask">Czy na pewno chcesz usunąć wybrane utwory?</Text>
	<Text name="msg_del_trackfolder_ask">Katalog i wszystkie zawarte w nim utwory zostaną usunięte.
Czy na pewno chcesz kontynuować?</Text>
	<Text name="msg_error_del_trackfolder_different">Nie można usunąć katalogu.
Katalog zawiera dane innego typu niż muzyka.</Text>
	<Text name="msg_importing">Trwa importowanie...
Czekaj.</Text>
	<Text name="msg_import_cancel_ask">Czy chcesz anulować operację importowania?</Text>
	<Text name="msg_imported">Importowanie ukończone.</Text>
	<Text name="msg_error_import">Podczas operacji importowania wystąpił błąd.</Text>
	<Text name="msg_error_track_over">Osiągnięto maksymalną liczbę utworów, które można zapisać.
Operacja importowania została zatrzymana.</Text>
	<Text name="msg_error_no_trackfolder_copy">Nie ma żadnych utworów do skopiowania.</Text>
	<Text name="msg_error_copyright_track">Informacje o ochronie praw autorskich są nieważne.</Text>
	<Text name="msg_changedinfo_save_music_ask">Czy chcesz zapisać zmienione informacje?
Zmienione materiały zostaną zastosowane do wszystkich utworów w katalogu.</Text>
	<Text name="msg_error_no_track">Nie ma żadnych utworów.</Text>
	<Text name="msg_error_no_nexttrack">Żaden utwór nie jest dostępny.</Text>
	<Text name="msg_error_no_prevtrack">Żaden utwór nie jest dostępny.</Text>
	<Text name="msg_track_number_value">Utwór %1</Text>
	<Text name="msg_digitalcamera_video">Filmy z cyfrowego aparatu fotograficznego</Text>
	<Text name="msg_psstore_video_offline_explanation_sd">Sklep PlayStation®Store jest jedynym miejscem, w którym możesz wypożyczyć lub kupić najnowsze filmy do systemu PS3™, PS Vita i PSP™.
Odwiedź sklep PlayStation®Store już dzisiaj.</Text>
	<Text name="msg_psstore_video_offline_explanation_hd">Sklep PlayStation®Store jest jedynym miejscem, w którym możesz wypożyczyć lub kupić najnowsze filmy do systemu PS3™, PS Vita i PSP™.
Odwiedź sklep PlayStation®Store już dzisiaj.</Text>
	<Text name="msg_error_no_title">Nie ma żadnych tytułów.</Text>
	<Text name="msg_error_title_over">Osiągnięto maksymalną liczbę tytułów, które można zapisać.</Text>
	<Text name="msg_copy_title_select">Wybierz tytuły do skopiowania.</Text>
	<Text name="msg_copy_titlefolder2">Tytuły chronione prawami autorskimi nie zostaną skopiowane.</Text>
	<Text name="msg_error_no_title_copy">Nie ma żadnych tytułów do skopiowania.</Text>
	<Text name="msg_error_magicgate_device_required">Do wykonania tej operacji wymagane jest urządzenie USB obsługujące funkcje ochrony praw autorskich.</Text>
	<Text name="msg_copied_except_copyright_protected_title">Kopiowanie ukończone.
Tytuły chronione prawami autorskimi nie zostały skopiowane.</Text>
	<Text name="msg_title_number_value">Tytuł %1</Text>
	<Text name="msg_smove_destination_select">Wybierz miejsce docelowe.</Text>
	<Text name="msg_smoving">Trwa przenoszenie...
Czekaj.</Text>
	<Text name="msg_smove_cancel_ask">Czy chcesz anulować operację przenoszenia?</Text>
	<Text name="msg_smoved">Przenoszenie ukończone.</Text>
	<Text name="msg_error_smove">Podczas operacji przenoszenia wystąpił błąd.</Text>
	<Text name="msg_error_move_mspro">Nie można ukończyć operacji przenoszenia.
Aby przenieść ten tytuł, należy użyć karty Memory Stick PRO™.</Text>
	<Text name="msg_del_title_select">Wybierz tytuł do usunięcia.</Text>
	<Text name="msg_del_title_ask">Tytuł zostanie usunięty.
Czy na pewno chcesz kontynuować?</Text>
	<Text name="msg_del_titles_ask">Wybrane tytuły zostaną usunięte.
Czy na pewno chcesz kontynuować?</Text>
	<Text name="msg_del_titlefolder_ask">Katalog i wszystkie zawarte w nim tytuły zostaną usunięte.
Czy na pewno chcesz kontynuować?</Text>
	<Text name="msg_del_camerafolder_video_ask">Katalog i wszystkie zawarte w nim tytuły, w tym tytuły chronione, zostaną usunięte.
Czy na pewno chcesz kontynuować?</Text>
	<Text name="msg_del_title_protected_ask">Ten tytuł jest chroniony.
Czy na pewno chcesz usunąć ten tytuł?</Text>
	<Text name="msg_error_del_movie_folder">Nie można usunąć katalogu.
Katalog zawiera dane innego typu niż filmy wideo.</Text>
	<Text name="msg_error_smove_prohibit">Tego tytułu nie można przesunąć.</Text>
	<Text name="msg_corrupted_copyright">Informacje o ochronie praw autorskich są uszkodzone i zostaną przywrócone.</Text>
	<Text name="msg_error_corrupted_copyright">Podczas przywracania informacji o ochronie praw autorskich wystąpił błąd.</Text>
	<Text name="msg_error_no_execute">Tej operacji nie można tu wykonać.</Text>
	<Text name="msg_video_editor_and_upload">Edycja i przesyłanie filmów wideo</Text>
	<Text name="msg_video_editor_explanation">Można edytować wybrany film wideo, przesłać go do witryny internetowej udostępniania filmów wideo, a następnie zaprosić znajomych do jego obejrzenia.</Text>
	<Text name="msg_create_new_video">Utwórz nowy film wideo</Text>
	<Text name="msg_del_content_ask">Materiały zostaną usunięte.
Czy na pewno chcesz kontynuować?</Text>
	<Text name="msg_error_create_content_number_over">Osiągnięto maksymalną liczbę materiałów, które można utworzyć.</Text>
	<Text name="msg_backup_data_utility">Narzędzie do tworzenia kopii zapasowych danych</Text>
	<Text name="msg_bd_data_utility">Narzędzie danych BD</Text>
	<Text name="msg_common_cache_data">Dane udostępnionego bufora</Text>
	<Text name="msg_bd_data_delete_ask">Dane o płycie BD zostaną usunięte.
Czy na pewno chcesz kontynuować?</Text>
	<Text name="msg_service_coming_soon">Ta usługa będzie dostępna wkrótce.</Text>
	<Text name="msg_service_app_install_folder">Moje kanały</Text>
	<Text name="msg_vita_application_utility">Narzędzie aplikacji systemu PS Vita</Text>
	<Text name="msg_applications_vita">Aplikacje (PS Vita)</Text>
	<Text name="msg_applications_psp_other">Aplikacje (PSP™/inne)</Text>
	<Text name="msg_applications_ps1">Aplikacje (PS)</Text>
	<Text name="msg_applications_psm">Aplikacje (PlayStation®Mobile)</Text>
	<Text name="msg_gamedata_utility">Narzędzie danych gier</Text>
	<Text name="msg_savedata_utility_ps3">Narzędzie zapisanych danych (PS3™)</Text>
	<Text name="msg_savedata_utility_ps2">Narzędzie zapisanych danych (PS2)</Text>
	<Text name="msg_savedata_utility_minis_psp">Narzędzie zapisanych danych (minis/PSP™)</Text>
	<Text name="msg_savedata_utility_psp_emu_psp">Narzędzie zapisanych danych (PSP™ Remaster/PSP™)</Text>
	<Text name="msg_savedata_utility_minis_psp_emu_psp">Narzędzie zapisanych danych (minis/PSP™ Remaster/PSP™)</Text>
	<Text name="msg_memory_card_utility">Narzędzie Memory Card</Text>
	<Text name="msg_content_pc">Materiały ograniczone przez funkcję kontroli rodzicielskiej</Text>
	<Text name="msg_ps1_gamedisc">Płyta w formacie PlayStation®</Text>
	<Text name="msg_ps2_gamedisc">Płyta w formacie PlayStation®2</Text>
	<Text name="msg_ps2_format_software">Oprogramowanie w formacie PlayStation®2</Text>
	<Text name="msg_playstation">PlayStation®</Text>
	<Text name="msg_playstation2">PlayStation®2</Text>
	<Text name="msg_playstation3">PlayStation®3</Text>
	<Text name="msg_minis">minis</Text>
	<Text name="msg_psp_emu">PSP™ Remaster</Text>
	<Text name="msg_pc_engine">PCEngine</Text>
	<Text name="msg_neogeo">NEOGEO</Text>
	<Text name="msg_cannot_start_unless_install_install_ask">Tę grę można uruchomić dopiero po zainstalowaniu w pamięci masowej systemu.
Czy chcesz rozpocząć instalację?</Text>
	<Text name="msg_psstore_game_offline_explanation_sd">Sklep PlayStation®Store zawiera dużą liczbę doskonałych gier do pobrania, BEZPŁATNE wersje pokazowe dla systemu PS3™, pakiety dodatków i filmy wideo.

Odwiedź sklep już dziś!</Text>
	<Text name="msg_psstore_game_offline_explanation_hd">Dostępny BEZPŁATNIE* sklep PlayStation®Store to jedyne miejsce, w którym można pobierać nowe doskonałe gry dla systemu PS3™, BEZPŁATNE wersje pokazowe, pakiety dodatków i filmy wideo w wysokiej rozdzielczości.

Pobierz materiały dla systemu PS3™ i odwiedź sklep PlayStation®Store już dziś.

* Wymagane szerokopasmowe połączenie internetowe.</Text>
	<Text name="msg_disc_benefit">Korzyści z płyty</Text>
	<Text name="msg_select_receive_disc_benefit">Wybierz tę opcję, aby otrzymać korzyści z płyty.</Text>
	<Text name="msg_only_for_psp_need_copy_ask">Zawartość ta może być używana w systemie PSP™.
Czy chcesz ją skopiować do systemu PSP™?</Text>
	<Text name="msg_error_cannot_use_content_download_again_copy_can_use"><![CDATA[Nie można korzystać z tej zawartości.
Wpisz się do konta, za pośrednictwem którego dokonano zakupu tych materiałów, a następnie wybierz opcję [Wyświetl zawartość do pobrania] w obszarze [PlayStation®Network] > [PlayStation®Store], aby ponownie pobrać materiał.
Żeby używać tej zawartości, należy ją przesłać a następnie skopiować na urządzenie, która ją obsługuje.]]></Text>
	<Text name="msg_when_use_content_on_vita_hint">Jeśli używana jest zawartość w systemie PS Vita, podłącz system PS Vita za pomocą kabla USB, a następnie uruchom opcję [Menedżer zawartości] w systemie PS Vita.</Text>
	<Text name="msg_error_cannot_play_ps2_format">Ten model systemu PS3™ nie jest zgodny z oprogramowaniem w formacie PlayStation®2.</Text>
	<Text name="msg_error_game_wrong_region">Tego oprogramowania nie można uruchomić z powodu ograniczeń regionalnych.</Text>
	<Text name="msg_error_gamedisc_cannot_start">Tej płyty nie można uruchomić.</Text>
	<Text name="msg_error_game_start_failure">Podczas operacji uruchamiania wystąpił błąd.</Text>
	<Text name="msg_current_systemsoftware_update_ask">Wersja oprogramowania Twojego systemu PS3™ to %1.
Aby uruchomić, należy zaktualizować je do wersji %2 lub nowszej.
Czy chcesz zaktualizować je teraz?</Text>
	<Text name="msg_systemsoftware_update_ask">Przed kolejnym użyciem należy zaktualizować oprogramowanie systemowe.</Text>
	<Text name="msg_game_start">Rozpocznij</Text>
	<Text name="msg_about_game">Informacje o tej grze</Text>
	<Text name="msg_about_game_ps3_content">Library programs ©Sony Computer Entertainment Inc. Licensed for play on the PlayStation®3 Computer Entertainment System or authorized PlayStation®3 format systems. For full terms and conditions see the user's manual. This product is authorized and produced under license from Sony Computer Entertainment Inc. Use is subject to the copyright laws and the terms and conditions of the user's license.</Text>
	<Text name="msg_game_update_history">Historia aktualizacji</Text>
	<Text name="msg_purchase">Kup</Text>
	<Text name="msg_savedata_auto_upload">Automatyczne przesyłanie zapisanych danych</Text>
	<Text name="msg_installgame_delete_ask">Zainstalowana gra zostanie usunięta.
Czy na pewno chcesz kontynuować?</Text>
	<Text name="msg_error_no_savedata">Nie ma żadnych zapisanych danych.</Text>
	<Text name="msg_info_detail">Szczegóły</Text>
	<Text name="msg_protection">Zablokuj</Text>
	<Text name="msg_copy_prohibited">Kopiowanie zabronione</Text>
	<Text name="msg_error_history_auto_upload">Historia błędów (Automatyczne przesyłanie)</Text>
	<Text name="msg_online_storage">Dysk internetowy</Text>
	<Text name="msg_online_storage_explanation">Umożliwia przechowywanie zapisanych danych w Internecie.
Poznaj nowe możliwości pobierając zapisane dane na system PS3™ znajomych, aby kontynuować grę lub wykonując kopie zapasowe swoich danych w Internecie.</Text>
	<Text name="msg_to_save_data_select_copy_option">Aby zapisać dane na dysku internetowym, wybierz dane do zapisania, a następnie wybierz opcję [Kopiuj] z menu opcji.</Text>
	<Text name="msg_save_data_copy_prohibited_upload_explanation">Pobieranie tych zapisanych danych z dysku internetowego jest ograniczone.
Dane można pobierać i wysyłać na dysk internetowy po %1 godz. od czasu ostatniego przesłania lub pobrania danych.
Dane można przesłać na dysk internetowy w dowolnej chwili.</Text>
	<Text name="msg_error_online_storage_full">W pamięci masowej online brakuje wolnego miejsca.
Aby skopiować dane, potrzeba co najmniej o %1 więcej wolnego miejsca.</Text>
	<Text name="msg_error_save_data_copy_prohibited_download">W tej chwili nie można pobrać zapisanych danych.
Dane można pobrać raz na %1 godz.

Następne możliwe pobieranie:
%2</Text>
	<Text name="msg_vmc_ps1">Wewnętrzna Memory Card (PS)</Text>
	<Text name="msg_vmc_ps2">Wewnętrzna Memory Card (PS2)</Text>
	<Text name="msg_free_space_vmc_ps1">%1 / 120 KB</Text>
	<Text name="msg_free_space_vmc_ps2">%1 / 7998 KB</Text>
	<Text name="msg_category">Typ</Text>
	<Text name="msg_savedata">Zapisane dane</Text>
	<Text name="msg_savedata_ps1">Zapisane dane (PlayStation®)</Text>
	<Text name="msg_savedata_ps2">Zapisane dane (PlayStation®2)</Text>
	<Text name="msg_application_ps2">Oprogramowanie (PlayStation®2)</Text>
	<Text name="msg_application_pocketstation">Oprogramowanie (PocketStation™)</Text>
	<Text name="msg_setting_file_ps2">Plik ustawień (PlayStation®2)</Text>
	<Text name="msg_system_driver_ps2">Sterownik systemu (PlayStation®2)</Text>
	<Text name="msg_unknown_data">Nieznane</Text>
	<Text name="msg_vmc">Wewnętrzna Memory Card</Text>
	<Text name="msg_error_no_vmc">Nie ma żadnych wewnętrznych Memory Card.</Text>
	<Text name="msg_free_space_vmc_ps1_w_title">Wolne miejsce: %1 / 120 KB</Text>
	<Text name="msg_free_space_vmc_ps2_w_title">Wolne miejsce: %1 / 7998 KB</Text>
	<Text name="msg_pocketstation">PocketStation™</Text>
	<Text name="msg_created_date_time">Utworzone</Text>
	<Text name="msg_error_mc_no_access">Nie można uzyskać dostępu do Memory Card.</Text>
	<Text name="msg_error_savedata_cannot_copy">Kopiowanie tych zapisanych danych jest niedozwolone.</Text>
	<Text name="msg_error_no_gamedata">Nie ma żadnych danych gry.</Text>
	<Text name="msg_update_quit_software_update">Znaleziono najnowsze dane aktualizacji.
System zakończy program i rozpocznie instalowanie.</Text>
	<Text name="msg_wait_donot_turn_off">Czekaj...
Nie wyłączaj systemu.</Text>
	<Text name="msg_playmode">Tryb odtwarzania</Text>
	<Text name="msg_play_track_select">Wybierz utwór do odtworzenia.</Text>
	<Text name="msg_no_data">Nie ma żadnych danych.</Text>
	<Text name="msg_error_service_stop">Usługa ta już się skończyła.</Text>
	<Text name="msg_error_account_service">Korzystanie z tej usługi zostało zawieszone dla tego konta.</Text>
	<Text name="msg_browser">Przeglądarka internetowa</Text>
	<Text name="msg_ps3_portal">PlayStation®Store</Text>
	<Text name="msg_psp_connection">Gra zdalna</Text>
	<Text name="msg_remoteplay_explanation"><![CDATA[Użyj urządzenia obsługującego grę zdalną (np. systemu PS Vita lub PSP™), aby korzystać z tego systemu przez sieć. Przejdź do opcji [Ustawienia] > [Ustawienia gry zdalnej] > [Zarejestruj urządzenie] i zarejestruj urządzenie do gry zdalnej.]]></Text>
	<Text name="msg_onlinemanual">Podręczniki obsługi online</Text>
	<Text name="msg_file">Plik</Text>
	<Text name="msg_open">Otwórz</Text>
	<Text name="msg_internet_search">Wyszukiwanie w Internecie</Text>
	<Text name="msg_download_cancel_ask">Czy chcesz anulować operację pobierania?</Text>
	<Text name="msg_error_server_transaction_failure">Podczas komunikacji z serwerem wystąpił błąd.</Text>
	<Text name="msg_no_file">Nie ma żadnego pliku.</Text>
	<Text name="msg_content_not_support_remoteplay">Podczas gry zdalnej nie można korzystać z tych materiałów.</Text>
	<Text name="msg_error_cannot_operate_remoteplay">Podczas gry zdalnej nie można wykonać tej operacji.</Text>
	<Text name="msg_error_cannot_start_can_play_follow_device">Nie można uruchomić.
Zawartość można uruchomić podczas gry zdalnej jedynie na następujących urządzeniach:</Text>
	<Text name="msg_error_need_update_psp">Należy przeprowadzić aktualizację oprogramowania systemu PSP™.
Informacje na temat metod aktualizacji zawierają instrukcje do systemu PSP™.</Text>
	<Text name="msg_error_no_signup_ask">Musisz zapisać się do sieci Sony Entertainment Network.
Czy chcesz zapisać się teraz?</Text>
	<Text name="msg_download_control">Zarządzanie pobieraniem</Text>
	<Text name="msg_no_download_content">Nie ma żadnych plików do pobrania.</Text>
	<Text name="msg_variable_downloading">%1%% Trwa pobieranie...</Text>
	<Text name="msg_variable_download_error">%1%% Błąd pobierania</Text>
	<Text name="msg_variable_download_waiting">%1%% Oczekiwanie</Text>
	<Text name="msg_variable_download_pausing">%1%% Wstrzymane</Text>
	<Text name="msg_pause_all">Wstrzymaj wszystkie</Text>
	<Text name="msg_resume_all">Wznów wszystkie</Text>
	<Text name="msg_progress">Stan</Text>
	<Text name="msg_resume">Wznów</Text>
	<Text name="msg_download_restart">Wznów pobieranie</Text>
	<Text name="msg_download_cancel">Anuluj pobieranie</Text>
	<Text name="msg_install">Zainstaluj</Text>
	<Text name="msg_download_content_was_deleted">Materiały zostały usunięte z serwera.</Text>
	<Text name="msg_need_app_software_download_ask">Aby użyć tej funkcji, należy najpierw pobrać oprogramowanie.
Czy chcesz pobrać je teraz?</Text>
	<Text name="msg_cellbrowser_foldingathome">Folding@home™</Text>
	<Text name="msg_auto_start">Autouruchamianie</Text>
	<Text name="msg_title_lwp">Life with PlayStation®</Text>
	<Text name="msg_psstore_explanation_sd">Sklep PlayStation®Store zawiera dużą liczbę doskonałych gier do pobrania, BEZPŁATNE wersje pokazowe dla systemu PS3™, pakiety dodatków i filmy wideo.

Odwiedź sklep już dziś!</Text>
	<Text name="msg_psstore_explanation_hd">Dostępny BEZPŁATNIE* sklep PlayStation®Store to jedyne miejsce, w którym można pobierać nowe doskonałe gry dla systemu PS3™, BEZPŁATNE wersje pokazowe, pakiety dodatków i filmy wideo w wysokiej rozdzielczości.

Pobierz materiały dla systemu PS3™ i odwiedź sklep PlayStation®Store już dziś.

* Wymagane szerokopasmowe połączenie internetowe.</Text>
	<Text name="msg_reg_explanation_sd">Korzystaj z BEZPŁATNYCH* gier online, pobieraj gry, pakiety rozszerzeń i materiały niedostępne w innych witrynach, czatuj ze znajomymi i porównuj zdobyte trofea.
Zapisz się już dziś i pozwól sobie na dobrą zabawę!!
* Wymagane szerokopasmowe połączenie internetowe.</Text>
	<Text name="msg_reg_explanation_hd">Sieć PlayStation®Network to całe mnóstwo rozrywki i zabawy.
Korzystaj z BEZPŁATNYCH* gier online, pobieraj nowe gry, pakiety rozszerzeń dla najpopularniejszych gier, oglądaj zwiastuny i pobieraj materiały niedostępne w innych witrynach, czatuj ze znajomymi i porównuj zdobyte trofea.

Zapisz się już dziś – to łatwe i BEZPŁATNE!

* Wymagane szerokopasmowe połączenie internetowe.</Text>
	<Text name="msg_account_manage">Zarządzanie kontami</Text>
	<Text name="msg_can_change_psn_account_psstore_setteing">Dostosuj ustawienia konta w sieci lub zakupów w sklepie PlayStation®Store.</Text>
	<Text name="msg_your_channel">Co nowego</Text>
	<Text name="msg_your_channel_offline_explanation_hd">Witamy w PlayStation®3.

Ekran "Co nowego" zawiera najnowsze informacje, aktualizacje i łatwy dostęp do ostatnio granych gier PlayStation®.

Wywołanie ekranu "Co nowego" wymaga połączenia się z siecią PlayStation®Network* – członkostwo jest bezpłatne i wprowadza Cię do świata rozrywki, więc zapisz się niezwłocznie!

* Wymagane jest szerokopasmowe połączenie z Internetem.</Text>
	<Text name="msg_your_channel_offline_explanation_sd">Ekran "Co nowego" zawiera najnowsze informacje, dostęp do ostatnio granych gier PlayStation®; wystarczy tylko połączyć się z siecią PlayStation®Network* – członkostwo jest bezpłatne i wprowadza Cię do świata zabawy!
* Wymagane jest szerokopasmowe połączenie z Internetem.</Text>
	<Text name="msg_your_channel_caution_launching_website">Wprowadzasz witrynę internetową.</Text>
	<Text name="msg_trophy_collection">Kolekcja trofeów</Text>
	<Text name="msg_trophy_count">Trofea</Text>
	<Text name="msg_gain_date">Zdobyte</Text>
	<Text name="msg_no_trophy_explanation">Nie ma trofeów.
Jeżeli zagrasz w grę, która obsługuje funkcję trofeów i zdobędziesz trofea, zostaną one wyświetlone w tym miejscu.</Text>
	<Text name="msg_compare_trophy">Porównaj trofea</Text>
	<Text name="msg_trophy_grade">Stopień</Text>
	<Text name="msg_trophy_platinum">Platynowy</Text>
	<Text name="msg_trophy_gold">Złoty</Text>
	<Text name="msg_trophy_silver">Srebrny</Text>
	<Text name="msg_trophy_bronze">Brązowy</Text>
	<Text name="msg_sync_with_server">Synchronizuj z serwerem</Text>
	<Text name="msg_switch_mode">Przełącz tryby</Text>
	<Text name="msg_online_mode">Tryb online</Text>
	<Text name="msg_online_mode_trophy_explanation">Tryb online
Wyświetl informacje o trofeach zapisane na serwerze.</Text>
	<Text name="msg_offline_mode">Tryb offline</Text>
	<Text name="msg_offline_mode_trophy_explanation">Tryb offline
Wyświetl informacje o trofeach zapisane w tym systemie.</Text>
	<Text name="msg_trophy_base_addon">Gra główna/Dodatek</Text>
	<Text name="msg_hidden_trophy_name">Ukryte trofeum</Text>
	<Text name="msg_original_f">Kolejność początkowa</Text>
	<Text name="msg_trophy_grade_f">Stopień</Text>
	<Text name="msg_trophy_earned_f">Data uzyskania ▲</Text>
	<Text name="msg_trophy_earned_r">Data uzyskania ▼</Text>
	<Text name="msg_privacy_settings">Ustawienia prywatności</Text>
	<Text name="msg_ps_plus_psn">PlayStation®Plus</Text>
	<Text name="msg_health_warning_psn">Ostrzeżenia dotyczące zdrowia</Text>
	<Text name="msg_psp_exclusive_install_ask">Te materiały są przeznaczone wyłącznie do użytku w systemie PSP™. 
Czy chcesz teraz zainstalować je w systemie PSP™?</Text>
	<Text name="msg_bonus_digital_copy">Digital Copy</Text>
	<Text name="msg_bonus_digital_copy_explanation">Tych materiałów można używać dopiero po wpisaniu się do usługi PlayStation®Network i skopiowaniu ich w pamięci masowej systemu tego systemu.</Text>
	<Text name="msg_error_service_not_available_region">Ta usługa nie jest dostępna w Twoim kraju/regionie.</Text>
	<Text name="msg_sigining_in2">Trwa wpisywanie...</Text>
	<Text name="msg_auto_signin_off">Autowpisywanie wyłączone</Text>
	<Text name="msg_auto_signin">Autowpisywanie</Text>
	<Text name="msg_signout">Wypisz się</Text>
	<Text name="msg_error_no_execute_psn_maintenance_partially">Nie można wykonać tej operacji.
Trwa konserwacja niektórych funkcji sieci Sony Entertainment Network.</Text>
	<Text name="msg_error_no_player">Nie znaleziono graczy.</Text>
	<Text name="msg_signin">Wpisz się</Text>
	<Text name="msg_ignore_list">Lista zablokowanych</Text>
	<Text name="msg_friend_register">Dodaj znajomego</Text>
	<Text name="msg_play_with">Poznani gracze</Text>
	<Text name="msg_av_chatroom">Pokój czatu głosowego/wideo</Text>
	<Text name="msg_game_chatroom">Pokój czatu gier</Text>
	<Text name="msg_msg_box">Skrzynka wiadomości</Text>
	<Text name="msg_last_signin_minute_ago">Ostatni wpis: %1 min temu</Text>
	<Text name="msg_last_signin_hour_ago">Ostatni wpis: %1 godz. temu</Text>
	<Text name="msg_last_signin_day_ago">Ostatni wpis: %1 dni temu</Text>
	<Text name="msg_last_signin_month_ago">Ostatni wpis: %1 mies. temu</Text>
	<Text name="msg_last_signin_more_than_2year_ago">Ostatni wpis: 2 lub więcej lat temu</Text>
	<Text name="msg_to">Do</Text>
	<Text name="msg_sent">Wysyłanie ukończone.</Text>
	<Text name="msg_registered">Dodawanie ukończone.</Text>
	<Text name="msg_error_registered_number_over">Osiągnięto maksymalną liczbę osób, jaką można dodać.</Text>
	<Text name="msg_error_cannot_register_myself">Nie można dodać siebie.</Text>
	<Text name="msg_accept_friend_register_ask">Czy chcesz dodać tę osobę do listy znajomych?</Text>
	<Text name="msg_register_request">Prośba o dodanie znajomego</Text>
	<Text name="msg_asking_to_add">Oczekujące prośby o dodanie znajomego.</Text>
	<Text name="msg_asked_to_add">Masz wiadomość z prośbą o dodanie znajomego.</Text>
	<Text name="msg_msg_list">Lista wiadomości</Text>
	<Text name="msg_start_new_chat">Rozpocznij nowy czat</Text>
	<Text name="msg_new_msg">Utwórz wiadomość</Text>
	<Text name="msg_error_no_msg">Nie ma żadnych wiadomości.</Text>
	<Text name="msg_status_f">Stan</Text>
	<Text name="msg_name_f">Nazwa</Text>
	<Text name="msg_online_id">Identyfikator internetowy</Text>
	<Text name="msg_online_name">Nazwa internetowa</Text>
	<Text name="msg_about_me">O sobie</Text>
	<Text name="msg_my_lang">Moje języki</Text>
	<Text name="msg_received_msg_count">Odebrane wiadomości</Text>
	<Text name="msg_unread_msg_count">Nieprzeczytane wiadomości</Text>
	<Text name="msg_protect_msg_count">Chronione wiadomości</Text>
	<Text name="msg_sent_msg_count">Wysłane wiadomości</Text>
	<Text name="msg_received_msg_count_with_variable">Odebrane wiadomości %1</Text>
	<Text name="msg_sent_msg_count_with_variable">Wysłane wiadomości %1</Text>
	<Text name="msg_from">Od</Text>
	<Text name="msg_received_datetime">Odebrane</Text>
	<Text name="msg_sent_datetime">Wysłane</Text>
	<Text name="msg_reply_to_friend_register">Odpowiedz na prośbę o dodanie znajomego</Text>
	<Text name="msg_del_addingfriend_ask">Znajomy oczekujący na dodanie zostanie usunięty.
Po usunięciu tej osoby zostaniesz usunięty z listy znajomych tej osoby.
Czy na pewno chcesz kontynuować?</Text>
	<Text name="msg_del_friend_ask">Ten znajomy zostanie usunięty.
Po usunięciu tej osoby użytkownik zostanie usunięty z listy znajomych tej osoby.
Czy na pewno chcesz kontynuować?</Text>
	<Text name="msg_status">Stan</Text>
	<Text name="msg_profile">Profil</Text>
	<Text name="msg_online">Online</Text>
	<Text name="msg_afk">Niedostępne</Text>
	<Text name="msg_add_ignore_list">Dodaj do listy zablokowanych</Text>
	<Text name="msg_game_title">Tytuł gry</Text>
	<Text name="msg_information">Informacje</Text>
	<Text name="msg_played_date_hour">Zagrano</Text>
	<Text name="msg_add_ignore_list_ask">Po dodaniu do listy zablokowanych nie będziesz otrzymywać wiadomości od tej osoby.
Czy chcesz kontynuować?</Text>
	<Text name="msg_adding">Trwa dodawanie...
Czekaj.</Text>
	<Text name="msg_del_from_ignore_list">Usuń z listy zablokowanych</Text>
	<Text name="msg_del_ignore_list_ask">Czy na pewno chcesz usunąć z listy zablokowanych?</Text>
	<Text name="msg_error_not_registered">Nie dodano żadnych osób.</Text>
	<Text name="msg_error_try_again_later">Wystąpił błąd.
Spróbuj ponownie później.</Text>
	<Text name="msg_send_grief_report">Zażalenie</Text>
	<Text name="msg_received_box">Odebrane</Text>
	<Text name="msg_sent_box">Wysłane</Text>
	<Text name="msg_list">Lista</Text>
	<Text name="msg_protect">Chroń</Text>
	<Text name="msg_unprotected">Usuń ochronę</Text>
	<Text name="msg_edit">Edytuj</Text>
	<Text name="msg_attach_image_select">Wybierz obraz do dołączenia.</Text>
	<Text name="msg_attach_cancel_ask">Czy chcesz anulować operację dołączania?</Text>
	<Text name="msg_dell_msg_all_ask">Czy chcesz usunąć wszystkie wiadomości?
Wiadomości chronione nie zostaną usunięte.</Text>
	<Text name="msg_del_msgl_ask">Czy na pewno chcesz usunąć wiadomość?</Text>
	<Text name="msg_dell_msg_all_ask2">Czy chcesz usunąć wszystkie wiadomości?</Text>
	<Text name="msg_voice_text_chatroom">Pokój czatu głosowego/tekstowego</Text>
	<Text name="msg_text_chatroom">Pokój czatu (tylko tekst)</Text>
	<Text name="msg_mic_on">Mikrofon włączony</Text>
	<Text name="msg_mic_off">Mikrofon wyłączony</Text>
	<Text name="msg_chat_volume">Głośność czatu</Text>
	<Text name="msg_camera_on">Kamera włączona</Text>
	<Text name="msg_camera_off">Kamera wyłączona</Text>
	<Text name="msg_chat_screen_on">Wyświetl obraz czatu</Text>
	<Text name="msg_chat_screen_off">Ukryj obraz czatu</Text>
	<Text name="msg_invite_friend">Zaproś znajomego</Text>
	<Text name="msg_new_msg_all">Utwórz wiadomość do wszystkich</Text>
	<Text name="msg_quit">Wyjdź</Text>
	<Text name="msg_cancel2">Anuluj</Text>
	<Text name="msg_invite_chat">Zaproszenie do czatu</Text>
	<Text name="msg_participants_list">Lista uczestników</Text>
	<Text name="msg_invite_game">Zaproszenie do gry</Text>
	<Text name="msg_error_add">Podczas dodawania wystąpił błąd.</Text>
	<Text name="msg_error_attach_size_over">Osiągnięto maksymalny rozmiar dołączanych plików.</Text>
	<Text name="msg_error_attach_deleted">Dołączony plik został usunięty.</Text>
	<Text name="msg_error_player_added">Ten gracz został już dodany.</Text>
	<Text name="msg_protect_msg_over">Osiągnięto maksymalną liczbę wiadomości, jaką można zabezpieczyć.
Można zabezpieczyć najwyżej 50 wiadomości.</Text>
	<Text name="msg_error_cannot_operate_signin_pls">Nie można wykonać tej operacji.
Użytkownik nie jest wpisany.</Text>
	<Text name="msg_error_cannot_creat_message">Nie można teraz utworzyć wiadomości.</Text>
	<Text name="msg_error_ignore_list_friend">Nie można dodać znajomego do listy zablokowanych.
Należy usunąć tę osobę z listy znajomych przed dodaniem jej do listy zablokowanych.</Text>
	<Text name="msg_version">Wersja</Text>
	<Text name="msg_new_user_create">Utworzyć nowego użytkownika</Text>
	<Text name="msg_logout_ask">Czy chcesz się wylogować?</Text>
	<Text name="msg_login_ask">Czy chcesz się zalogować jako wybrany użytkownik?
Aktualnie zalogowany użytkownik zostanie wylogowany.</Text>
	<Text name="msg_username_create">Wprowadź nazwę użytkownika.</Text>
	<Text name="msg_error_max_num_users_reached">Nie można utworzyć dodatkowych użytkowników.
Maksymalnie można utworzyć 16 użytkowników.</Text>
	<Text name="msg_error_other_username_create_pls">Wprowadzona nazwa jest już używana.
Wprowadź inną nazwę użytkownika.</Text>
	<Text name="msg_error_new_user_create">Podczas tworzenia danych użytkownika wystąpił błąd.</Text>
	<Text name="msg_user_del_2nd_ask">Czy na pewno chcesz usunąć użytkownika?</Text>
	<Text name="msg_auto_login_set">Od tego momentu użytkownik "%1" będzie logowany automatycznie po uruchomieniu systemu PS3™.</Text>
	<Text name="msg_username">Użytkownik</Text>
	<Text name="msg_username_num">Użytkownik %1</Text>
	<Text name="msg_auto_login">Automatyczne logowanie</Text>
	<Text name="msg_logout">Wyloguj</Text>
	<Text name="msg_user_del_ask">Usunięcie użytkownika spowoduje także usunięcie zapisanych danych oprogramowania w formacie PlayStation®3, wiadomości, trofeów i innych informacji.
Czy na pewno chcesz kontynuować?</Text>
	<Text name="msg_error_character">Nie można wprowadzać następujących znaków: 
%1</Text>
	<Text name="msg_health_warning_detail_scee_1">Ataki wywołane bodźcami świetlnymi (padaczka światło wrażliwa)

</Text>
	<Text name="msg_health_warning_detail_scee_2">W przypadku wcześniejszego występowania ataków padaczki przed rozpoczęciem grania należy skontaktować się z lekarzem. Niektóre osoby mogą odczuwać przemęczenie wzroku, zmiany widzenia, migreny, skurcze mięśni, konwulsje lub doznawać uczucia zamroczenia, dezorientacji albo utraty świadomości w wyniku działania migających świateł i innych bodźców wizualnych wyświetlanych na ekranie telewizyjnym lub podczas grania w gry wideo. Jeśli podczas grania wystąpi którykolwiek z powyższych objawów, należy natychmiast przerwać korzystanie z urządzenia i skonsultować się z lekarzem.

</Text>
	<Text name="msg_health_warning_detail_scee_3">W przypadku zauważenia poniższych objawów należy natychmiast przerwać granie:
</Text>
	<Text name="msg_health_warning_detail_scee_4">Poza przypadkami wystąpienia powyższych objawów należy natychmiast przerwać korzystanie z produktu w przypadku odczuwania bólu i zawrotów głowy, mdłości, zmęczenia, objawów podobnych do choroby lokomocyjnej, dyskomfortu lub bólu w jakiejkolwiek części ciała, np. oczach, uszach, ramionach czy stopach. jeżeli uczucie nie ustępuje, należy skonsultować się w lekarzem.



</Text>
	<Text name="msg_health_warning_detail_scee_5">Obrazy trójwymiarowe

</Text>
	<Text name="msg_health_warning_detail_scee_6">Niektóre osoby mogą doznać dyskomfortu (zaczerwienienie, łzawienie, ból lub szczypanie oczu, przemęczenie wzroku lub mdłości) podczas oglądania obrazów wideo 3D lub grania w gry 3D na telewizorach 3D. W razie doznania takiego uczucia należy natychmiast zaprzestać patrzenia w telewizor, dopóki dyskomfort nie ustanie.
</Text>
	<Text name="msg_health_warning_detail_scee_7">Generalnie rekomendujemy unikanie zbyt długiego korzystania z systemu PlayStation®3 i robienie 15-minutowych przerw w czasie każdej godziny gry. Długość i częstotliwość przerw może się jednak różnić w zale ności od osoby - proszę rób przerwy, które są wystarczająco długie, by ustało uczucie dyskomfortu. Jeżeli symptomy nie ustają, skonsultuj się z lekarzem.
</Text>
	<Text name="msg_health_warning_detail_scee_8">Wzrok małych dzieci (szczególnie poniżej 6 roku życia) ciągle się rozwija. Skonsultuj się z pediatrą Twojego dziecka lub optometrią zanim pozwolisz dziecku oglądać obrazy wideo w 3D lub grać w gry 3D. Dorośli powinni dopilnować tego, by dzieci przestrzegały powyższych zaleceń.



</Text>
	<Text name="msg_health_warning_detail_scee_9">Uwagi dotyczące bezpieczeństwa korzystania z kontrolera bezprzewodowego DUALSHOCK™3

</Text>
	<Text name="msg_health_warning_detail_scee_10">Nie należy używać funkcji wibracji w przypadku schorzeń kości, stawów lub mięśni dłoni albo ramion. W przypadku występowania takich schorzeń można grać przy użyciu kontrolera bezprzewodowego DUALSHOCK™3 tylko z opcją Vibration function (funkcja wibracji) ustawioną na [Off] (Wyłączone).



</Text>
	<Text name="msg_health_warning_detail_scee_11">・Urządzenia należy używać przy dobrym świetle, zachowując bezpieczną odległość od ekranu telewizora.
・Należy unikać długotrwałego korzystania z systemu PS3™. W czasie grania należy co godzinę robić 15-minutowe przerwy.
・Należy unikać grania, jeśli użytkownik jest zmęczony lub niewyspany.
</Text>
	<Text name="msg_health_warning_detail_scee_12">・Należy natychmiast przestać używać systemu w przypadku odczuwania dyskomfortu lub bólu w okolicy dłoni lub ramion podczas korzystania z kontrolera bezprzewodowego. Jeśli objawy się utrzymują, należy skonsultować się z lekarzem.
</Text>
	<Text name="msg_health_warning_detail_scee_13">・Jeśli użytkownik odczuwa jakiekolwiek z poniższych problemów zdrowotnych, należy natychmiast przerwać korzystanie z systemu. Jeśli objawy się utrzymują, należy skonsultować się z lekarzem.
- Zawroty głowy, mdłości, przemęczenie lub objawy choroby lokomocyjnej
- Dyskomfort lub ból w różnych częściach ciała, takich jak oczy, uszy, dłonie lub ramiona</Text>
	<Text name="msg_health_warning_detail_scea_1">Photosensitivity/Epilepsy/Seizures

</Text>
	<Text name="msg_health_warning_detail_scea_2">A very small percentage of individuals may experience epileptic seizures or blackouts when exposed to certain light patterns or flashing lights. Exposure to certain patterns or backgrounds on a television screen or when playing video games may trigger epileptic seizures or blackouts in these individuals. These conditions may trigger previously undetected epileptic symptoms or seizures in persons who have no history of prior seizures or epilepsy. If you, or anyone in your family, has an epileptic condition or has had seizures of any kind, consult your doctor before playing.

</Text>
	<Text name="msg_health_warning_detail_scea_3">IMMEDIATELY DISCONTINUE use and consult your doctor before resuming gameplay if you or your child experience any of the following health problems or symptoms:
・dizziness,
・altered vision,
・eye or muscle twitches,
・loss of awareness,
・disorientation,
・seizures, or
・any involuntary movement or convulsion.
RESUME GAMEPLAY ONLY ON APPROVAL OF YOUR DOCTOR.

</Text>
	<Text name="msg_health_warning_detail_scea_4">Use and handling of video games to reduce the likelihood of a seizure
・Use in a well-lit area and keep as far away as possible from the television screen.
・Avoid large screen televisions. Use the smallest television screen available.
・Avoid prolonged use of the PS3™ system. Take a 15-minute break during each hour of play.
・Avoid playing when you are tired or need sleep.



</Text>
	<Text name="msg_health_warning_detail_scea_5">3D images

</Text>
	<Text name="msg_health_warning_detail_scea_6">Some people may experience discomfort (such as eye strain, eye fatigue, or nausea) while watching 3D video images or playing stereoscopic 3D games on 3D televisions. If you experience such discomfort you should immediately discontinue use of your television until the discomfort subsides.
</Text>
	<Text name="msg_health_warning_detail_scea_7">SCE recommends that all viewers take regular breaks while watching 3D video, or playing stereoscopic 3D games. The length and frequency of necessary breaks may vary from person to person - please take breaks that are long enough to allow any feelings of discomfort to subside. If symptoms persist, consult your doctor.
</Text>
	<Text name="msg_health_warning_detail_scea_8">The vision of young children (especially those under six years old) is still under development. SCE recommends that you consult with a doctor (such as a pediatrician or eye doctor) before allowing a young child to watch 3D video images or play stereoscopic 3D games. Adults should supervise young children to ensure they follow the recommendations listed above. When using any 3D enabled device with your PlayStation®3 system you should read the instruction manual for that device and check www.us.playstation.com/support/3D for updated information.



</Text>
	<Text name="msg_health_warning_detail_scea_9">Notes on safety when using the DUALSHOCK™3 Wireless Controller

</Text>
	<Text name="msg_health_warning_detail_scea_10">・Stop using the system immediately if you begin to feel tired or if you experience discomfort or pain in your hands or arms while operating the DUALSHOCK™3 Wireless Controller. If the condition persists, consult a doctor.
・The vibration function of the DUALSHOCK™3 Wireless Controller can aggravate injuries. Do not use the vibration function if you have any ailment or injury to the bones, joints or muscles of your hands or arms. If you have an ailment or an injury, do not play software titles that contain the vibration function using the DUALSHOCK™3 Wireless Controller unless you have set the vibration function to [Off].
</Text>
	<Text name="msg_health_warning_detail_scea_11">・Avoid prolonged use of the DUALSHOCK™3 Wireless Controller. Take a break at about 30-minute intervals.
・Note that some software titles set the vibration function to [On] by default. To disable the vibration function, press the PS button of the controller, and then select [Controller Settings]→ [Vibration Function]→[Off].



</Text>
	<Text name="msg_health_warning_detail_scea_12">・Use in a well-lit area and keep as far away as possible from the television screen.
・Avoid prolonged use of the PS3™ system and wireless controller.
</Text>
	<Text name="msg_health_warning_detail_scea_13">・Stop using the system immediately if you begin to feel tired or if you experience discomfort or pain in your hands or arms while operating the wireless controller. If the condition persists, consult a doctor.
</Text>
	<Text name="msg_health_warning_detail_scea_14">・If you experience any of the following health problems, discontinue use of the system immediately. If symptoms persist, consult with your doctor.
- Dizziness, nausea, fatigue or symptoms similar to motion sickness
- Discomfort or pain in a part of the body, such as eyes, ears, hands or arms</Text>
	<Text name="msg_health_warning_detail_scej_1">光の刺激によって引き起こされる発作について

</Text>
	<Text name="msg_health_warning_detail_scej_2">点滅を繰り返す画面や、その他の光の刺激によって、まれに、目の痛み、視覚異常、偏頭痛、けいれんや意識障害（失神など）などの症状（光感受性発作）が起きることがあります。こうした症状のある方は、事前に必ず医師に相談してください。

</Text>
	<Text name="msg_health_warning_detail_scej_3">こんなときはすぐに使用を中止する
</Text>
	<Text name="msg_health_warning_detail_scej_4"><![CDATA[上記の症状に加え、頭痛、めまい、吐き気、疲労感、乗り物酔いに似た症状などを感じたときや、目、耳、手、腕、足など、身体の一部に不快感や痛みを感じたときは、すぐに使用を中止してください。使用を中止しても治らないときは、医師の診察を受けてください。



]]></Text>
	<Text name="msg_health_warning_detail_scej_5">3D映像、3D立体視ゲームについて

</Text>
	<Text name="msg_health_warning_detail_scej_6">3D映像の視聴中や3D対応テレビでの3D立体視ゲームのプレイ中に、目の疲労、気分が悪くなるなどの不快な症状が出ることがあります。不快な症状が出たときは、直ちにテレビのご利用を中止し、回復するまでご利用をお控えください。
3D映像を視聴したり、3D立体視ゲームをプレイしたりするときは、定期的に休憩をとることをおすすめします。必要な休憩の長さや頻度は個人によって異なりますので、ご自身でご判断ください。不快な症状が回復するまで、十分に休憩をとってください。もし症状が続く場合は、医師にご相談ください。
</Text>
	<Text name="msg_health_warning_detail_scej_7"><![CDATA[なお、お子さま(特に6歳未満の子)の視覚は発達段階にあります。お子さまが3D映像を視聴したり、3D立体視ゲームをプレイしたりする前に、小児科や眼科などの医師にご相談いただくことをおすすめします。大人のかたは、お子さまが上記注意点を守るよう監督してください。
最新情報については、ホームページ(http://www.jp.playstation.com/support/)をご覧ください。



]]></Text>
	<Text name="msg_health_warning_detail_scej_8">コントローラの振動機能に対応したソフトウェアについて

</Text>
	<Text name="msg_health_warning_detail_scej_9">振動障害のある方は、バイブレーション（振動）機能を使用しないでください。



</Text>
	<Text name="msg_health_warning_detail_scej_10">・使用するときは部屋を明るくし、できるだけ画面から離れてください。
・疲れているときや睡眠不足のときは、使用を避けてください。
</Text>
	<Text name="msg_health_warning_detail_scej_11">・使用するときは健康のため、1時間ごとに15分程度の休憩を取ってください。
・使用中に体調が悪くなったら、すぐに使用をやめてください。</Text>
	<Text name="msg_health_warning_detail_sceasia_1">Photosensitivity/Epilepsy/Seizures

</Text>
	<Text name="msg_health_warning_detail_sceasia_2">A very small percentage of individuals may experience epileptic seizures or blackouts when exposed to certain light patterns or flashing lights. Exposure to certain patterns or backgrounds on a television screen or when playing video games may trigger epileptic seizures or blackouts in these individuals. These conditions may trigger previously undetected epileptic symptoms or seizures in persons who have no history of prior seizures or epilepsy. If you, or anyone in your family, has an epileptic condition or has had seizures of any kind, consult your physician before playing.

</Text>
	<Text name="msg_health_warning_detail_sceasia_3">IMMEDIATELY DISCONTINUE use and consult your physician before resuming gameplay if you or your child experience any of the following health problems or symptoms:
・dizziness,
・altered vision,
・eye or muscle twitches,
・loss of awareness,
・disorientation,
・seizures, or
・any involuntary movement or convulsion.
RESUME GAMEPLAY ONLY ON APPROVAL OF YOUR PHYSICIAN.

</Text>
	<Text name="msg_health_warning_detail_sceasia_4">Use and handling of video games to reduce the likelihood of a seizure
・Use in a well-lit area and keep as far away as possible from the television screen.
・Avoid large screen televisions. Use the smallest television screen available.
・Avoid prolonged use of the PS3™ system. Take a 15-minute break during each hour of play.
・Avoid playing when you are tired or need sleep.



</Text>
	<Text name="msg_health_warning_detail_sceasia_5">3D images

</Text>
	<Text name="msg_health_warning_detail_sceasia_6">Some people may experience discomfort (such as eye strain, eye fatigue, or nausea) while watching 3D video images or playing stereoscopic 3D games on 3D televisions. If you experience such discomfort you should immediately discontinue use of your television until the discomfort subsides.
</Text>
	<Text name="msg_health_warning_detail_sceasia_7">SCE recommends that all viewers take regular breaks while watching 3D video, or playing stereoscopic 3D games. The length and frequency of necessary breaks may vary from person to person - please take breaks that are long enough to allow any feelings of discomfort to subside. If symptoms persist, consult your physician.
</Text>
	<Text name="msg_health_warning_detail_sceasia_8">The vision of young children (especially those under six years old) is still under development. SCE recommends that you consult with physician (such as a pediatrician or eye doctor) before allowing a young child to watch 3D video images or play stereoscopic 3D games. When using any 3D enabled device with your PlayStation®3 system you should read the instruction manual for that device.



</Text>
	<Text name="msg_health_warning_detail_sceasia_9">Notes on safety when using the DUALSHOCK™3 Wireless Controller

</Text>
	<Text name="msg_health_warning_detail_sceasia_10">・Stop using the system immediately if you begin to feel tired or if you experience discomfort or pain in your hands or arms while operating the DUALSHOCK™3 wireless controller. If the condition persists, consult a doctor.
・The vibration function of the DUALSHOCK™3 wireless controller can aggravate injuries. Do not use the vibration function if you have any ailment or injury to the bones, joints or muscles of your hands or arms. If you have an ailment or an injury, do not play such titles using the DUALSHOCK™3 wireless controller unless you have set the vibration function to [Off].
</Text>
	<Text name="msg_health_warning_detail_sceasia_11">・Avoid prolonged use of the DUALSHOCK™3 wireless controller. Take a break at about 30-minute intervals.
・Note that some software titles set the vibration function to [On] by default. To disable the vibration function, press the PS button of the controller, and then select [Controller Settings]→[Vibration Function]→[Off].



</Text>
	<Text name="msg_health_warning_detail_sceasia_12">・Use in a well-lit area and keep a safe distance from the TV screen.
・Avoid prolonged use of the PS3™ system. Take a 15-minute break during each hour of play.
・Avoid playing when you are tired or need sleep.
</Text>
	<Text name="msg_health_warning_detail_sceasia_13">・Stop using the system immediately if you begin to feel tired or if you experience discomfort or pain in your hands or arms while operating the wireless controller If the condition persists, consult a doctor.
</Text>
	<Text name="msg_health_warning_detail_sceasia_14">・If you experience any of the following health problems, discontinue use of the system immediately. If symptoms persist, consult with your physician.
- Dizziness, nausea, fatigue or symptoms similar to motion sickness
- Discomfort or pain in a part of the body, such as eyes, ears, hands or arms</Text>
</TextLang>
