﻿<?xml version="1.0" encoding="utf-8"?>
<!-- This XML was generated by Rcomage v1.1.1 -->
<TextLang>
	<Text name="msg_setting">Ayarlar</Text>
	<Text name="msg_photo">Fotoğraf</Text>
	<Text name="msg_music">Müzik</Text>
	<Text name="msg_video">Video</Text>
	<Text name="msg_game">Oyun</Text>
	<Text name="msg_net">Ağ</Text>
	<Text name="msg_friend">Arkadaşlar</Text>
	<Text name="msg_user">Kullanıcılar</Text>
	<Text name="msg_login">Oturum Aç</Text>
	<Text name="msg_tv">TV</Text>
	<Text name="msg_tv_video_service">TV/Video Hizmetleri</Text>
	<Text name="msg_psn">PlayStation®
Network</Text>
	<Text name="msg_power_off_console2">Sistemi Kapat</Text>
	<Text name="msg_photo_gallery">Photo Gallery</Text>
	<Text name="msg_untitled">Bilinmeyen</Text>
	<Text name="msg_new_vmc">Yeni Dahili Memory Card Oluştur</Text>
	<Text name="msg_signup">Kaydol</Text>
	<Text name="msg_playstation_home">PlayStation®Home</Text>
	<Text name="msg_start_new_chat2">Yeni Sohbet Başlat</Text>
	<Text name="msg_ms">Memory Stick™</Text>
	<Text name="msg_sd">SD Kart</Text>
	<Text name="msg_cf">CompactFlash®</Text>
	<Text name="msg_bd_rom">BD-ROM</Text>
	<Text name="msg_bd_r">BD-R</Text>
	<Text name="msg_bd_re">BD-RE</Text>
	<Text name="msg_dvdr">DVD-R</Text>
	<Text name="msg_dvdplusr">DVD+R</Text>
	<Text name="msg_dvdrw">DVD-RW</Text>
	<Text name="msg_dvdplusrw">DVD+RW</Text>
	<Text name="msg_dvdrom">DVD-ROM</Text>
	<Text name="msg_dvdvideo">DVD Video</Text>
	<Text name="msg_dvdvr">DVD-VR</Text>
	<Text name="msg_dvdplusvr">DVD+VR</Text>
	<Text name="msg_avchd">AVCHD</Text>
	<Text name="msg_avcrec">AVCREC</Text>
	<Text name="msg_bdmv">BDMV</Text>
	<Text name="msg_bdav">BDAV</Text>
	<Text name="msg_cdaudio">Ses CD'si</Text>
	<Text name="msg_cddata">Veri Diski</Text>
	<Text name="msg_sacd">Super Audio CD</Text>
	<Text name="msg_mc_ps1">Memory Card (PS)</Text>
	<Text name="msg_mc_ps2">Memory Card (PS2)</Text>
	<Text name="msg_disc">Disk</Text>
	<Text name="msg_dsd_disc">DSD Disk</Text>
	<Text name="msg_psp">PSP™ (PlayStation®Portable)</Text>
	<Text name="msg_psp_bracket">PSP™ (PlayStation®Portable) %1</Text>
	<Text name="msg_vita_abbreviated">PS Vita Sistemi</Text>
	<Text name="msg_psp_name">Takma Ad</Text>
	<Text name="msg_usb">USB Cihazı</Text>
	<Text name="msg_usb_id">USB Cihazı (%1)</Text>
	<Text name="msg_digitalcamera">Dijital Kamera</Text>
	<Text name="msg_digitalcamera_id">Dijital Kamera (%1)</Text>
	<Text name="msg_walkman">ATRAC Audio Device</Text>
	<Text name="msg_walkman_id">ATRAC Audio Device (%1)</Text>
	<Text name="msg_cancel">İptal</Text>
	<Text name="msg_ok">OK</Text>
	<Text name="msg_fix">OK</Text>
	<Text name="msg_yes">Evet</Text>
	<Text name="msg_no">Hayır</Text>
	<Text name="msg_on">Açık</Text>
	<Text name="msg_off">Kapalı</Text>
	<Text name="msg_nrml">Normal</Text>
	<Text name="msg_normal">Normal</Text>
	<Text name="msg_plus1">+1</Text>
	<Text name="msg_plus2">+2</Text>
	<Text name="msg_plus3">+3</Text>
	<Text name="msg_plus4">+4</Text>
	<Text name="msg_minus1">-1</Text>
	<Text name="msg_minus2">-2</Text>
	<Text name="msg_minus3">-3</Text>
	<Text name="msg_minus4">-4</Text>
	<Text name="msg_1">1</Text>
	<Text name="msg_2">2</Text>
	<Text name="msg_3">3</Text>
	<Text name="msg_4">4</Text>
	<Text name="msg_5">5</Text>
	<Text name="msg_percent">%1%%</Text>
	<Text name="msg_image_count_value">%1 Görüntü</Text>
	<Text name="msg_images_count_value">%1 Görüntü</Text>
	<Text name="msg_track_count_value">%1 Parça</Text>
	<Text name="msg_tracks_count_value">%1 Parça</Text>
	<Text name="msg_title_count_value">%1 Başlık</Text>
	<Text name="msg_titles_count_value">%1 Başlık</Text>
	<Text name="msg_savedata_count_value">%1 Kaydedilen</Text>
	<Text name="msg_savedatas_count_value">%1 Kaydedilen</Text>
	<Text name="msg_time_num1">%1:%2:%3</Text>
	<Text name="msg_time_num2">%1:%2'%3''</Text>
	<Text name="msg_time_num3">%1'%2''</Text>
	<Text name="msg_datetime_num1">%1/%2/%3  %4:%5</Text>
	<Text name="msg_am">AM</Text>
	<Text name="msg_pm">PM</Text>
	<Text name="msg_time_hour_num2">%1:%2'</Text>
	<Text name="msg_day_plural">%1 Gün</Text>
	<Text name="msg_sort">Sırala</Text>
	<Text name="msg_importeddate_f">İçe Aktarma Tarihi ▲</Text>
	<Text name="msg_importeddate_r">İçe Aktarma Tarihi ▼</Text>
	<Text name="msg_shootdate_f">Çekim Tarihi ▲</Text>
	<Text name="msg_shootdate_r">Çekim Tarihi ▼</Text>
	<Text name="msg_sale_year_f">Çıkış Yılı ▲</Text>
	<Text name="msg_sale_year_r">Çıkış Yılı ▼</Text>
	<Text name="msg_created_date_time_f">Oluşturma Tarihi ▲</Text>
	<Text name="msg_created_date_time_r">Oluşturma Tarihi ▼</Text>
	<Text name="msg_updated_date_f">Güncelleme Tarihi ▲</Text>
	<Text name="msg_updated_date_r">Güncelleme Tarihi ▼</Text>
	<Text name="msg_format_f">Format</Text>
	<Text name="msg_imagename_f">Görüntü Adı</Text>
	<Text name="msg_albumname_f">Albüm Adı</Text>
	<Text name="msg_genre_f">Tür Adı</Text>
	<Text name="msg_artist_f">Sanatçı Adı</Text>
	<Text name="msg_track_f">Parça Adı</Text>
	<Text name="msg_title_f">Başlık Adı</Text>
	<Text name="msg_subtitle_f">Alt Başlık</Text>
	<Text name="msg_start_date_f">En Son Oynananlar</Text>
	<Text name="msg_folder_class">İçeriği Grupla</Text>
	<Text name="msg_all">Tümü</Text>
	<Text name="msg_year_folder">Yıla Göre</Text>
	<Text name="msg_month_folder">Aya Göre</Text>
	<Text name="msg_album_folder">Albüme Göre</Text>
	<Text name="msg_genre_folder">Türe Göre</Text>
	<Text name="msg_artist_folder">Sanatçıya Göre</Text>
	<Text name="msg_sale_year_folder">Çıkış Yılına Göre</Text>
	<Text name="msg_track_folder">Parçaya Göre</Text>
	<Text name="msg_title_folder">Başlığa Göre</Text>
	<Text name="msg_format_folder">Formata Göre</Text>
	<Text name="msg_copy">Kopyala</Text>
	<Text name="msg_copy_plural">Çoklu Kopyala</Text>
	<Text name="msg_del">Sil</Text>
	<Text name="msg_del_plural">Çoklu Sil</Text>
	<Text name="msg_slideshow">Slayt Gösterisi</Text>
	<Text name="msg_display_all">Tümünü Görüntüle</Text>
	<Text name="msg_cddbdata_get">CD Bilgisi Al</Text>
	<Text name="msg_import">İçe Aktar</Text>
	<Text name="msg_titlelist">Başlık Listesi</Text>
	<Text name="msg_play">Oynat</Text>
	<Text name="msg_play_begin">En Baştan Oynat</Text>
	<Text name="msg_smove">Hareket Ettir</Text>
	<Text name="msg_disc_eject">Diski Çıkar</Text>
	<Text name="msg_info">Bilgi</Text>
	<Text name="msg_repeat">Tekrarla</Text>
	<Text name="msg_shuffle">Karıştır</Text>
	<Text name="msg_pause">Duraklat</Text>
	<Text name="msg_display">Görüntüle</Text>
	<Text name="msg_volume_control">Ses Kontrolü</Text>
	<Text name="msg_plus">+</Text>
	<Text name="msg_minus">-</Text>
	<Text name="msg_slideshow_with_icon">Slayt Gösterisi </Text>
	<Text name="msg_fix_with_icon">OK </Text>
	<Text name="msg_folder_class_with_icon">İçeriği Grupla </Text>
	<Text name="msg_option_with_icon">: Seçenekler</Text>
	<Text name="msg_help_start">: Başlat</Text>
	<Text name="msg_copy_psplus_with_icon">Kopyala </Text>
	<Text name="msg_copy_plural_psplus_with_icon">Çoklu Kopyala </Text>
	<Text name="msg_savedata_auto_upload_psplus_with_icon">Kaydedilmiş Verileri Otomatik Yükleme </Text>
	<Text name="msg_icon_start"></Text>
	<Text name="msg_info_none">-</Text>
	<Text name="msg_format">Format</Text>
	<Text name="msg_size">Boyut</Text>
	<Text name="msg_space">Boş Alan</Text>
	<Text name="msg_shoot_date">Çekim Tarihi</Text>
	<Text name="msg_updated_date">Güncelleme Tarihi</Text>
	<Text name="msg_corrupted_data">Bozuk Veriler</Text>
	<Text name="msg_unsupported_data">Desteklenmeyen Veriler</Text>
	<Text name="msg_folder">Klasör</Text>
	<Text name="msg_resolution">Çözünürlük</Text>
	<Text name="msg_multiply">%1 x %2</Text>
	<Text name="msg_image">Görüntü</Text>
	<Text name="msg_image_count">Görüntü</Text>
	<Text name="msg_camera">Film Çekme Cihazı</Text>
	<Text name="msg_album">Albüm</Text>
	<Text name="msg_genre">Tür</Text>
	<Text name="msg_artist">Sanatçı</Text>
	<Text name="msg_imported_size">İçe Aktarmadan Sonraki Boyut</Text>
	<Text name="msg_size_counting">Sayıyor...</Text>
	<Text name="msg_sale_year">Çıkış Yılı</Text>
	<Text name="msg_play_time">Uzunluk</Text>
	<Text name="msg_comment">Yorum</Text>
	<Text name="msg_samplingfrequency">Örnekleme Sıklığı</Text>
	<Text name="msg_disc_number">Disk Numarası</Text>
	<Text name="msg_track_count">Parça</Text>
	<Text name="msg_track_number">Parça Numarası</Text>
	<Text name="msg_track">Parça</Text>
	<Text name="msg_bpm">BPM</Text>
	<Text name="msg_codec">Codec</Text>
	<Text name="msg_lastplay_datetime">Son Oynatıldığı Tarih</Text>
	<Text name="msg_ch">Kanal</Text>
	<Text name="msg_various_artists">Çeşitli Sanatçılar</Text>
	<Text name="msg_imported_date">İçe Aktarıldığı Tarih</Text>
	<Text name="msg_created_date">Çekim Tarihi</Text>
	<Text name="msg_start_date">Başlama Tarihi</Text>
	<Text name="msg_expiration_date">Sona Erme Tarihi</Text>
	<Text name="msg_remaining_time">Kalan Saat</Text>
	<Text name="msg_play_count">Oynatma Sayısı</Text>
	<Text name="msg_file_number">Dosya Numarası</Text>
	<Text name="msg_title">Başlık</Text>
	<Text name="msg_subtitle">Alt Başlık</Text>
	<Text name="msg_disc_type">Disk Tipi</Text>
	<Text name="msg_disc_protect">Şifre Kilidi</Text>
	<Text name="msg_title_count">Başlık</Text>
	<Text name="msg_video_codec">Video Codec'i</Text>
	<Text name="msg_audio_codec">Ses Codec'i</Text>
	<Text name="msg_file_type">Dosya Tipi</Text>
	<Text name="msg_mediaserver">Ortam Sunucusu</Text>
	<Text name="msg_dlna_date_time">Tarih ve Saat</Text>
	<Text name="msg_produced_date">Üretim Tarihi</Text>
	<Text name="msg_info_valid_from">Başlama Tarihi</Text>
	<Text name="msg_info_valid_to">Sona Erme Tarihi</Text>
	<Text name="msg_magicgate">MagicGate™</Text>
	<Text name="msg_mg_supported">Destekleniyor</Text>
	<Text name="msg_mg_not_supported">Desteklenmiyor</Text>
	<Text name="msg_info_unknown">Bilinmeyen</Text>
	<Text name="msg_savedata_count">Kaydedilen</Text>
	<Text name="msg_model">Model</Text>
	<Text name="msg_can_play_only_for_variable_hours">(İçerik ilk oynatımdan sonra yalnızca %1 saat içinde oynatılabilir.)</Text>
	<Text name="msg_can_play_only_for_variable_hours_game">(İçerik ilk başlatmadan itibaren yalnızca %1 dakika içinde oynatılabilir.)</Text>
	<Text name="msg_video_description">Açıklama</Text>
	<Text name="msg_copyright">Telif Hakkı Bilgisi</Text>
	<Text name="msg_owner">Satın Alan</Text>
	<Text name="msg_all_use_content_delete_cannot_use">Bu içerik, içeriği satın alanlar dışındaki kişiler tarafından kullanılabilir. Ancak tüm satın alanlar silinirse içeriği kullanamazsınız.</Text>
	<Text name="msg_need_save_psn_pw_other_owner_use_content">Bu içerik, içeriği satın alanlar dışındaki kişiler tarafından kullanılabilir. Ancak, diğer kullanıcıların içeriği kullanabilmesi için içeriği satın alanın Sony Entertainment Network şifresi sisteme kaydedilmelidir.</Text>
	<Text name="msg_jpeg">JPEG</Text>
	<Text name="msg_gif">GIF</Text>
	<Text name="msg_png">PNG</Text>
	<Text name="msg_tiff">TIFF</Text>
	<Text name="msg_bmp">BMP</Text>
	<Text name="msg_mpo">MPO (MP Format)</Text>
	<Text name="msg_aac_kbps">AAC %1 kb/s</Text>
	<Text name="msg_mp3_kpbs">MP3 %1 kb/s</Text>
	<Text name="msg_atrac_kbps">ATRAC %1 kb/s</Text>
	<Text name="msg_wma_kbps">WMA %1 kb/s</Text>
	<Text name="msg_lpcm_bit_ch">Doğrusal PCM  %1 Bit  %2 Kan.</Text>
	<Text name="msg_non_lpcm">Doğrusal olmayan PCM %1 kb/s</Text>
	<Text name="msg_dsd_ch">DSD %1 Kan.</Text>
	<Text name="msg_dolby">Dolby Digital</Text>
	<Text name="msg_mpeg1">MPEG-1</Text>
	<Text name="msg_mpeg2">MPEG-2</Text>
	<Text name="msg_mpeg2_ts">MPEG-2 TS</Text>
	<Text name="msg_mpeg4">MPEG-4</Text>
	<Text name="msg_mpeg_layer1">MPEG Layer 1</Text>
	<Text name="msg_mpeg_layer2">MPEG Layer 2</Text>
	<Text name="msg_mpeg_layer3">MPEG Layer 3</Text>
	<Text name="msg_avc">AVC</Text>
	<Text name="msg_motion_jpeg">Motion JPEG</Text>
	<Text name="msg_divx">DivX®</Text>
	<Text name="msg_wmv">VC-1 (WMV)</Text>
	<Text name="msg_mpeg1_mbps">MPEG-1 %1 Mb/s</Text>
	<Text name="msg_mpeg2_mbps">MPEG-2 %1 Mb/s</Text>
	<Text name="msg_mpeg2_ts_mbps">MPEG-2 TS %1 Mb/s</Text>
	<Text name="msg_mpeg4_mbps">MPEG-4 %1 Mb/s</Text>
	<Text name="msg_avc_kbps">AVC %1 kb/s</Text>
	<Text name="msg_khz">%1 kHz</Text>
	<Text name="msg_kbps">%1 kb/s</Text>
	<Text name="msg_mbps">%1 Mb/s</Text>
	<Text name="msg_ch_2">2 Kan.</Text>
	<Text name="msg_multi_ch">Çoklu Kanal</Text>
	<Text name="msg_power_off_console">Sistemi Kapat</Text>
	<Text name="msg_turnoff_system_ask">Sistemi kapatmak istiyor musunuz?</Text>
	<Text name="msg_after_background_download_auto_turn_off">Arka Planda İndirme Tamamlandıktan Sonra Sistemi Otomatik Olarak Kapat</Text>
	<Text name="msg_slot_assign">Yuva Atama</Text>
	<Text name="msg_slot1">Yuva 1</Text>
	<Text name="msg_slot2">Yuva 2</Text>
	<Text name="msg_eject">Kaldır</Text>
	<Text name="msg_user_name">Kullanıcı Adı</Text>
	<Text name="msg_need_quit_to_operate_ask">Bu işlemi gerçekleştirmek için [%1] uygulamasından çıkmanız gerekiyor.
Yazılımdan şimdi çıkmak istiyor musunuz?</Text>
	<Text name="msg_error_hdd_full_perform_operation">Sistem depolama alanında yeterli boş alan yok.
Bu işlemi gerçekleştirmek için en az %1 daha boş alan gerekli.</Text>
	<Text name="msg_content_already_copied">Bu içerik önceden kopyalanmış olabilir.</Text>
	<Text name="msg_save_newly">Yeniden Kaydet</Text>
	<Text name="msg_original_content">Mevcut İçerik</Text>
	<Text name="msg_new_content">Yeni İçerik</Text>
	<Text name="msg_save_destination_select">Hedefi seçin.</Text>
	<Text name="msg_error_no_storagemedia">Kayıt hedefindeki depolama ortamına bağlanın.</Text>
	<Text name="msg_ps3_photo">Sistem Depolama Alanı (Fotoğraf)</Text>
	<Text name="msg_ps3_video">Sistem Depolama Alanı (Video)</Text>
	<Text name="msg_ps3_music">Sistem Depolama Alanı (Müzik)</Text>
	<Text name="msg_folder_name">Klasör Adı</Text>
	<Text name="msg_same_name_file">Kayıt hedefinde aynı adı taşıyan bir dosya var.</Text>
	<Text name="msg_different_name_save">Yeniden Adlandır ve Kaydet</Text>
	<Text name="msg_overwrite_save">Üzerine Yaz ve Kaydet</Text>
	<Text name="msg_save_no">Kaydetme</Text>
	<Text name="msg_save_yes">Kaydet</Text>
	<Text name="msg_apply_all">Tümüne Uygula</Text>
	<Text name="msg_select_all">Tümünü Seç</Text>
	<Text name="msg_deselect_all">Tümünü Temizle</Text>
	<Text name="msg_copying">Kopyalanıyor...
Lütfen bekleyin.</Text>
	<Text name="msg_copied">Kopyalama işlemi tamamlandı.</Text>
	<Text name="msg_copy_incomplete_ms_ask">Memory Stick™'te yeterli boş alan yok. Kopyalama işlemi başarıyla tamamlanmayabilir.
Devam etmek istiyor musunuz?</Text>
	<Text name="msg_copy_incomplete_sd_ask">SD kartta yeterli boş alan yok. Kopyalama işlemi başarıyla tamamlanmayabilir.
Devam etmek istiyor musunuz?</Text>
	<Text name="msg_copy_incomplete_cf_ask">CompactFlash®'ta yeterli boş alan yok. Kopyalama işlemi başarıyla tamamlanmayabilir.
Devam etmek istiyor musunuz?</Text>
	<Text name="msg_copy_incomplete_usb_ask">USB cihazında yeterli boş alan yok. Kopyalama işlemi başarıyla tamamlanmayabilir.
Devam etmek istiyor musunuz?</Text>
	<Text name="msg_copy_incomplete_hdd_ask">Sistem depolama alanında yeterli boş alan yok. Kopyalama işlemi başarıyla tamamlanmayabilir.
Devam etmek istiyor musunuz?</Text>
	<Text name="msg_copy_incomplete">Yeterli boş alan yok. Kopyalama işlemi tamamlanmadı.</Text>
	<Text name="msg_completed_count">Tamamlandı</Text>
	<Text name="msg_copy_cancel_ask">Kopyalama işlemini iptal etmek istiyor musunuz?</Text>
	<Text name="msg_error_content_over_copy">Kaydedilebilecek içerik öğesi sayısı üst sınırına ulaşıldı. Kopyalama işlemi tamamlanmadı.</Text>
	<Text name="msg_copied_delete_content_saved_ps3_ask">Kopyalama işlemi tamamlandı.
PS3™ sisteminde kayıtlı olan mevcut içeriği silmek istiyor musunuz?</Text>
	<Text name="msg_sure_to_delete_ask">Bunu silmek istediğinizden emin misiniz?</Text>
	<Text name="msg_deleting">Siliniyor...
Lütfen bekleyin.</Text>
	<Text name="msg_deleted">Silme işlemi tamamlandı.</Text>
	<Text name="msg_cannot_delete_folder_on_this_system">Klasör bu sistem kullanılarak silinemiyor.</Text>
	<Text name="msg_change_upfolder">Yukarıdaki Klasöre Taşı</Text>
	<Text name="msg_create_newfolder">Yeni Klasör Oluştur</Text>
	<Text name="msg_folder_name_new">Yeni Klasör %1</Text>
	<Text name="msg_error_no_folder">Klasör yok.</Text>
	<Text name="msg_wait">Lütfen bekleyin...</Text>
	<Text name="msg_error">Bir hata oluştu.</Text>
	<Text name="msg_error_corrupted_data">Veri bozuk.</Text>
	<Text name="msg_error_unsupported_data">Veri tipi desteklenmiyor.</Text>
	<Text name="msg_error_copy">Kopyalama işlemi sırasında bir hata oluştu.</Text>
	<Text name="msg_error_del">Silme işlemi sırasında bir hata oluştu.</Text>
	<Text name="msg_error_no_name">Ad girilmedi.
En az 1 karakterden oluşan bir ad girin.</Text>
	<Text name="msg_error_ms_full">Memory Stick™'te yeterli boş alan yok.</Text>
	<Text name="msg_error_ms_locked">Memory Stick™ kilitli.</Text>
	<Text name="msg_error_ms_no_access">Memory Stick™'e erişilemiyor.</Text>
	<Text name="msg_error_ms_no_read">Memory Stick™ okunamıyor.</Text>
	<Text name="msg_error_no_ms">Memory Stick™ takılı değil.</Text>
	<Text name="msg_error_sd_full">SD kartta yeterli boş alan yok.</Text>
	<Text name="msg_error_sd_locked">SD kart kilitli.</Text>
	<Text name="msg_error_sd_no_access">SD karta erişilemiyor.</Text>
	<Text name="msg_error_sd_no_read">SD kart okunamıyor.</Text>
	<Text name="msg_error_no_sd">SD kart takılı değil.</Text>
	<Text name="msg_error_cf_full">CompactFlash®'ta yeterli boş alan yok.</Text>
	<Text name="msg_error_cf_locked">CompactFlash® kilitli.</Text>
	<Text name="msg_error_cf_no_access">CompactFlash®'a erişilemiyor.</Text>
	<Text name="msg_error_cf_no_read">CompactFlash® okunamıyor.</Text>
	<Text name="msg_error_no_cf">CompactFlash® takılı değil.</Text>
	<Text name="msg_error_usb_full">USB cihazında yeterli boş alan yok.</Text>
	<Text name="msg_error_usb_locked">USB cihazı kilitli.</Text>
	<Text name="msg_error_usb_no_access">USB cihazına erişilemiyor.</Text>
	<Text name="msg_error_usb_no_read">USB cihazı okunamıyor.</Text>
	<Text name="msg_error_no_usb">USB cihazı takılı değil.</Text>
	<Text name="msg_error_hdd_full">Sistem depolama alanında yeterli boş alan yok.</Text>
	<Text name="msg_error_hdd_no_access">Sistem depolama alanına erişilemiyor.</Text>
	<Text name="msg_error_no_signin">PlayStation®Network'e giriş yapmanız gerekiyor.</Text>
	<Text name="msg_error_no_signup">Sony Entertainment Network'e kaydolmanız gerekiyor.</Text>
	<Text name="msg_icon_image_select">Simge olarak kullanmak için görüntü seçin.</Text>
	<Text name="msg_icon_change_albumtrack_ask1">Albümdeki parçaların simgeleri değiştirilecek.
Devam etmek istiyor musunuz?</Text>
	<Text name="msg_cannot_display_all_mediaserver">Çok fazla ortam sunucusu var.
Bazı ortam sunucuları görüntülenemeyecek.</Text>
	<Text name="msg_scan_mediaserver">Ortam Sunucuları Ara</Text>
	<Text name="msg_not_allowed_access_confirm_pls">Ortam sunucusuna erişime izin verilmiyor. "%1" adlı PS3™ sistemi için sistem adı kaydedilmemiş olabilir.
Ortam sunucusu ayarlarını kontrol edin.</Text>
	<Text name="msg_playlists">Çalma Listeleri</Text>
	<Text name="msg_playlist_pane">Çalma Listesi</Text>
	<Text name="msg_create_new_playlist">Yeni Çalma Listesi Oluştur</Text>
	<Text name="msg_to_add_content_playlist_select_edit">Bu çalma listesine içerik eklemek için seçenekler menüsünden [Düzenle] seçeneğini belirleyin.</Text>
	<Text name="msg_error_cannot_edit_playlist_no_track">Sistem depolama alanında parça yok. Çalma listesi düzenlenemiyor.</Text>
	<Text name="msg_error_cannot_edit_playlist_no_image">Sistem depolama alanında görüntü yok. Çalma listesi düzenlenemiyor.</Text>
	<Text name="msg_error_same_name_cannot_use">Bu ad zaten kullanılmakta.
Başka bir ad girin.</Text>
	<Text name="msg_error_no_content">İçerik öğesi yok.</Text>
	<Text name="msg_add_to_playlist">Çalma Listesine Ekle</Text>
	<Text name="msg_add_playlist">Ekle</Text>
	<Text name="msg_add_all_playlist">Tümünü Ekle</Text>
	<Text name="msg_delete_playlist_ask">Çalma listesi silinecek.
Devam etmek istediğinizden emin misiniz?</Text>
	<Text name="msg_error_startdate_video">İçerik, başlama tarihinden önce kullanılamaz.</Text>
	<Text name="msg_error_expired_video">İçerik tarihi sona erdi ve artık kullanılamaz.</Text>
	<Text name="msg_info_no_time_limit">Zaman Sınırı Yok</Text>
	<Text name="msg_info__expired">Sona Erdi</Text>
	<Text name="msg_expires_on_variable">Sona Erme Tarihi %1</Text>
	<Text name="msg_error_timelimited_video"><![CDATA[Bu içerik için zaman sınırı vardır.
Bu işlemi gerçekleştirmek için sırasıyla [Ayarlar] > [Tarih ve Saat Ayarları] > [Tarih ve Saat] seçeneklerine gidin ve ardından saati ve tarihi ayarlamak için [İnternet Üzerinden Ayarla] seçeneğini belirleyin.]]></Text>
	<Text name="msg_can_play_variable_first_play_now_ask">Bu içerik ilk oynatımdan sonra yalnızca %1 saat oynatılabilir.
Şimdi oynatmak istiyor musunuz?</Text>
	<Text name="msg_del_content_cannot_dl_again_conf_psn">İçerik silinecek ve tekrar indirilemeyecek.
Devam etmek istediğinizden emin misiniz?</Text>
	<Text name="msg_to_enable_setting_enable_auto_login">Değişiklikleriniz aşağıdaki ayarları devre dışı bıraktı.
%1

Bu değişiklikleri etkinleştirmek için [Kullanıcılar] altında otomatik oturum açacak bir Kullanıcı belirlemeniz gerekir. Otomatik oturum açma seçeneğinin ayarlanmasına ilişkin bilgi için çevrimiçi kılavuza bakın.</Text>
	<Text name="msg_to_enable_setting_enable_auto_signin">Değişiklikleriniz aşağıdaki ayarları devre dışı bıraktı.
%1

Bu ayarları etkinleştirmek için ayarlarınızı PlayStation®Network'e otomatik giriş yapılacak şekilde düzenlemeniz gerekir. Otomatik giriş yapma seçeneğini ayarlamaya ilişkin bilgi için çevrimiçi kılavuza bakın.</Text>
	<Text name="msg_remoteplay_remote_start"><![CDATA[[Ayarlar] > [Uzaktan Oynatma Ayarları] > [Uzaktan Başlatma]]]></Text>
	<Text name="msg_console_setting_auto_download"><![CDATA[[Ayarlar] > [Sistem Ayarları] > [Otomatik Güncelleme]]]></Text>
	<Text name="msg_lang_japan">Japonca</Text>
	<Text name="msg_lang_english">İngilizce</Text>
	<Text name="msg_lang_french">Fransızca</Text>
	<Text name="msg_lang_spanish">İspanyolca</Text>
	<Text name="msg_lang_german">Almanca</Text>
	<Text name="msg_lang_italian">İtalyanca</Text>
	<Text name="msg_lang_dutch">Flemenkçe</Text>
	<Text name="msg_lang_portuguese">Portekizce</Text>
	<Text name="msg_lang_russian">Rusça</Text>
	<Text name="msg_lang_polish">Lehçe</Text>
	<Text name="msg_lang_finnish">Fince</Text>
	<Text name="msg_lang_danish">Danca</Text>
	<Text name="msg_lang_norwegian">Norveççe</Text>
	<Text name="msg_lang_swedish">İsveççe</Text>
	<Text name="msg_lang_turkish">Türkçe</Text>
	<Text name="msg_lang_korean">Korece</Text>
	<Text name="msg_lang_chinese_t">Geleneksel Çince</Text>
	<Text name="msg_lang_chinese_s">Basitleştirilmiş Çince</Text>
	<Text name="msg_lpcm">Doğrusal PCM</Text>
	<Text name="msg_display_on">Görüntüle</Text>
	<Text name="msg_display_off">Görüntüleme</Text>
	<Text name="msg_macaddress">MAC Adresi</Text>
	<Text name="msg_ipaddress">IP Adresi</Text>
	<Text name="msg_atrac_not_activated_set_pls"><![CDATA[ATRAC etkinleştirilmemiş.
[Ayarlar] > [Sistem Ayarları] seçeneklerine gidin ve ATRAC özelliğini etkinleştirin.]]></Text>
	<Text name="msg_backup">Yedekle</Text>
	<Text name="msg_restore">Geri Yükle</Text>
	<Text name="msg_audio_device_setting">Ses Cihazı Ayarları</Text>
	<Text name="msg_print">Yazdır</Text>
	<Text name="msg_manufacturer">Üretici</Text>
	<Text name="msg_10min">10 Dakika Sonra</Text>
	<Text name="msg_20min">20 Dakika Sonra</Text>
	<Text name="msg_30min">30 Dakika Sonra</Text>
	<Text name="msg_remain_time">Kalan Süre</Text>
	<Text name="msg_others">Diğer</Text>
	<Text name="msg_level_1">Düzey 1</Text>
	<Text name="msg_level_2">Düzey 2</Text>
	<Text name="msg_level_3">Düzey 3</Text>
	<Text name="msg_level_4">Düzey 4</Text>
	<Text name="msg_level_5">Düzey 5</Text>
	<Text name="msg_level_6">Düzey 6</Text>
	<Text name="msg_level_7">Düzey 7</Text>
	<Text name="msg_level_8">Düzey 8</Text>
	<Text name="msg_level_9">Düzey 9</Text>
	<Text name="msg_level_10">Düzey 10</Text>
	<Text name="msg_level_11">Düzey 11</Text>
	<Text name="msg_gameetc_pc">Ebeveyn Kontrolü</Text>
	<Text name="msg_netservice">PlayStation®Network</Text>
	<Text name="msg_error_server_connect_timeout">Sunucu bağlantısı zaman aşımına uğradı.</Text>
	<Text name="msg_cannot_operate_in_demonstration_mode">Bu işlem tanıtım modunda kullanılamaz.</Text>
	<Text name="msg_tool_install_file"><![CDATA[★ Install Package Files]]></Text>
	<Text name="msg_tool_app_home_ps3_game"><![CDATA[★ /app_home/PS3_GAME/]]></Text>
	<Text name="msg_tool_title_store_preview">Title Store Preview</Text>
	<Text name="msg_tool_title_store_preview_ingame"><![CDATA[★ Title Store Preview (inGame)]]></Text>
	<Text name="msg_tool_title_store_preview_store"><![CDATA[★ Title Store Preview (Store)]]></Text>
	<Text name="msg_tool_lock"><![CDATA[★ Lock]]></Text>
	<Text name="msg_tool_unlock"><![CDATA[★ Unlock]]></Text>
	<Text name="msg_tool_check"><![CDATA[★ Check]]></Text>
	<Text name="msg_tool_cancel_purchase"><![CDATA[★ Cancel Purchase]]></Text>
	<Text name="msg_tool_del"><![CDATA[★ Delete]]></Text>
	<Text name="msg_tool_import"><![CDATA[★ Import]]></Text>
	<Text name="msg_tool_export"><![CDATA[★ Export]]></Text>
	<Text name="msg_tool_quick_sign_up"><![CDATA[★ Quick Sign Up]]></Text>
	<Text name="msg_tool_performance_bar"><![CDATA[★ Performance Bar]]></Text>
	<Text name="msg_tool_no_memory_limit"><![CDATA[★ No Memory Limit]]></Text>
	<Text name="msg_tool_quick_preview"><![CDATA[★ Quick Preview]]></Text>
	<Text name="msg_tool_owner_info"><![CDATA[★ Owner Information]]></Text>
	<Text name="msg_no_trophy">There are no trophies.</Text>
	<Text name="msg_bdu_software">Software</Text>
	<Text name="msg_digitalcamera_image">Dijital Kamera Görüntüleri</Text>
	<Text name="msg_del_image_ask">Görüntü silinecek.
Devam etmek istediğinizden emin misiniz?</Text>
	<Text name="msg_del_images_ask">Seçilen görüntüler silinecek.
Devam etmek istediğinizden emin misiniz?</Text>
	<Text name="msg_del_camerafolder_ask">Klasör ve klasördeki korumalı görüntüler dahil tüm görüntüler silinecek.
Devam etmek istediğinizden emin misiniz?</Text>
	<Text name="msg_del_image_protected_ask">Bu görüntü korumalı.
Görüntüyü silmek istediğinizden emin misiniz?</Text>
	<Text name="msg_del_imagefolder_ask">Klasör ve klasördeki tüm görüntüler silinecek.
Devam etmek istediğinizden emin misiniz?</Text>
	<Text name="msg_error_del_imagefolder">Silme işlemi başarısız.
Klasör, görüntü verileri dışında veri tipleri içeriyor.</Text>
	<Text name="msg_del_image_select">Silinecek görüntüleri seçin.</Text>
	<Text name="msg_copy_image_select">Kopyalanacak görüntüleri seçin.</Text>
	<Text name="msg_error_no_image_copy">Kopyalanabilecek görüntü yok.</Text>
	<Text name="msg_error_no_image">Görüntü yok.</Text>
	<Text name="msg_mmyyyy_jan">Oca %1</Text>
	<Text name="msg_mmyyyy_feb">Şub %1</Text>
	<Text name="msg_mmyyyy_mar">Mar %1</Text>
	<Text name="msg_mmyyyy_apr">Nis %1</Text>
	<Text name="msg_mmyyyy_may">May %1</Text>
	<Text name="msg_mmyyyy_jun">Haz %1</Text>
	<Text name="msg_mmyyyy_jul">Tem %1</Text>
	<Text name="msg_mmyyyy_aug">Ağu %1</Text>
	<Text name="msg_mmyyyy_sep">Eyl %1</Text>
	<Text name="msg_mmyyyy_oct">Eki %1</Text>
	<Text name="msg_mmyyyy_nov">Kas %1</Text>
	<Text name="msg_mmyyyy_dec">Ara %1</Text>
	<Text name="msg_yyyy">%1</Text>
	<Text name="msg_slideshow_type1">Kaydırma</Text>
	<Text name="msg_slideshow_type2">Portre</Text>
	<Text name="msg_slideshow_type3">Fotoğraf Albümü</Text>
	<Text name="msg_slideshow_type4">Fotoğraf Albümü 2</Text>
	<Text name="msg_piccto_explanation">Fotoğraflarınızın keyfini çıkarabileceğiniz ve güzelleştirebileceğiniz bir alan yaratın.
PS3™ sisteminizdeki fotoğraflarınızı dakikalar içinde mükemmel albümlere dönüştürün.
Fotoğraflarınızı konularına göre gruplayabilir, slayt gösterisine müzik ve fotoğraflarınıza özel çerçeveler ekleyerek daha eğlenceli hale getirebilirsiniz. Ne kadar çok fotoğraf, o kadar çok eğlence! Olanaklarda sınır yok!</Text>
	<Text name="msg_piccto_explanation_sd">Fotoğraflarınızın keyfini çıkarabileceğiniz ve güzelleştirebileceğiniz bir alan yaratın.
PS3™ sisteminizdeki fotoğraflarınızı dakikalar içinde mükemmel albümlere dönüştürün.</Text>
	<Text name="msg_cddbdata_getting">CD bilgisi alınıyor...
Lütfen bekleyin.</Text>
	<Text name="msg_cddbdata_pluralfound_select">Birden çok CD bilgi öğesi bulundu.
İlgili CD bilgi öğesini seçin.</Text>
	<Text name="msg_cddbdata_send">CD Bilgisi Gönder</Text>
	<Text name="msg_cddbdata_sending">CD bilgisi gönderiliyor...
Lütfen bekleyin.</Text>
	<Text name="msg_select_import">Çoklu İçe Aktar</Text>
	<Text name="msg_select_import_pls">İçe aktarılacak parçaları seçin.</Text>
	<Text name="msg_copy_track_select">Kopyalanacak parçaları seçin.</Text>
	<Text name="msg_del_track_protected_ask">Bu parça korumalı.
Parçayı silmek istediğinizden emin misiniz?</Text>
	<Text name="msg_del_folder_track_protected_ask">Klasör ve klasördeki korumalı parçalar dahil tüm parçalar silinecek.
Devam etmek istediğinizden emin misiniz?</Text>
	<Text name="msg_cannot_copy_protected_truck">Telif haklarıyla korunan parçalar kopyalanmayacak.</Text>
	<Text name="msg_copied_except_copyright_protected_track">Kopyalama işlemi tamamlandı.
Telif haklarıyla korunan parçalar kopyalanmadı.</Text>
	<Text name="msg_del_track_select">Silinecek parçaları seçin.</Text>
	<Text name="msg_del_track_ask">Parçayı silmek istediğinizden emin misiniz?</Text>
	<Text name="msg_del_tracks_ask">Seçili parçaları silmek istediğinizden emin misiniz?</Text>
	<Text name="msg_del_trackfolder_ask">Klasör ve klasördeki tüm parçalar silinecek.
Devam etmek istediğinizden emin misiniz?</Text>
	<Text name="msg_error_del_trackfolder_different">Klasör silinemedi.
Klasör, müzik verileri dışında veri tipleri içeriyor.</Text>
	<Text name="msg_importing">İçe aktarılıyor...
Lütfen bekleyin.</Text>
	<Text name="msg_import_cancel_ask">İçe aktarma işlemini iptal etmek istiyor musunuz?</Text>
	<Text name="msg_imported">İçe aktarma işlemi tamamlandı.</Text>
	<Text name="msg_error_import">İçe aktarma işlemi sırasında bir hata oluştu.</Text>
	<Text name="msg_error_track_over">Kaydedilebilecek parça sayısı üst sınırına ulaşıldı.
İçe aktarma işlemi durduruldu.</Text>
	<Text name="msg_error_no_trackfolder_copy">Kopyalanabilecek parça yok.</Text>
	<Text name="msg_error_copyright_track">Telif hakkı koruma bilgisi geçersiz.</Text>
	<Text name="msg_changedinfo_save_music_ask">Gözden geçirilen bilgileri kaydetmek istiyor musunuz?
Gözden geçirilen içerikler klasördeki tüm parçalara uygulanacak.</Text>
	<Text name="msg_error_no_track">Parça yok.</Text>
	<Text name="msg_error_no_nexttrack">Kullanılabilir parça yok.</Text>
	<Text name="msg_error_no_prevtrack">Kullanılabilir parça yok.</Text>
	<Text name="msg_track_number_value">Parça %1</Text>
	<Text name="msg_digitalcamera_video">Dijital Kamerada Çekilmiş Filmler</Text>
	<Text name="msg_psstore_video_offline_explanation_sd">PlayStation®Store, PS3™, PS Vita ve PSP™ sistemleriniz için en yeni filmleri kiralayabileceğiniz ya da satın alabileceğiniz tek yerdir.
PlayStation®Store'u şimdi ziyaret edin.</Text>
	<Text name="msg_psstore_video_offline_explanation_hd">PlayStation®Store, PS3™, PS Vita ve PSP™ sistemleriniz için en yeni filmleri kiralayabileceğiniz ya da satın alabileceğiniz tek yerdir.
PlayStation®Store'u şimdi ziyaret edin.</Text>
	<Text name="msg_error_no_title">Başlık yok.</Text>
	<Text name="msg_error_title_over">Kaydedilebilecek başlık sayısı üst sınırına ulaşıldı.</Text>
	<Text name="msg_copy_title_select">Kopyalanacak başlık seçin.</Text>
	<Text name="msg_copy_titlefolder2">Telif haklarıyla korunan başlıklar kopyalanmayacak.</Text>
	<Text name="msg_error_no_title_copy">Kopyalanabilecek başlık yok.</Text>
	<Text name="msg_error_magicgate_device_required">Bu işlemin yürütülmesi için telif hakkı koruma özellikleriyle uyumlu bir USB cihazı gerekiyor.</Text>
	<Text name="msg_copied_except_copyright_protected_title">Kopyalama işlemi tamamlandı.
Telif haklarıyla korunan başlıklar kopyalanmadı.</Text>
	<Text name="msg_title_number_value">Başlık %1</Text>
	<Text name="msg_smove_destination_select">Bir hedef seçin.</Text>
	<Text name="msg_smoving">Taşınıyor...
Lütfen bekleyin.</Text>
	<Text name="msg_smove_cancel_ask">Taşıma işlemini iptal etmek istiyor musunuz?</Text>
	<Text name="msg_smoved">Taşıma işlemi tamamlandı.</Text>
	<Text name="msg_error_smove">Taşıma işlemi sırasında bir hata oluştu.</Text>
	<Text name="msg_error_move_mspro">Taşıma işlemi tamamlanamıyor.
Bu başlığı taşımak için Memory Stick PRO™ kullanmanız gerekir.</Text>
	<Text name="msg_del_title_select">Silinecek başlığı seçin.</Text>
	<Text name="msg_del_title_ask">Başlık silinecek.
Devam etmek istediğinizden emin misiniz?</Text>
	<Text name="msg_del_titles_ask">Seçili başlıklar silinecek.
Devam etmek istediğinizden emin misiniz?</Text>
	<Text name="msg_del_titlefolder_ask">Klasör ve klasördeki tüm başlıklar silinecek.
Devam etmek istediğinizden emin misiniz?</Text>
	<Text name="msg_del_camerafolder_video_ask">Klasör ve klasördeki korumalı başlıklar dahil tüm başlıklar silinecek.
Devam etmek istediğinizden emin misiniz?</Text>
	<Text name="msg_del_title_protected_ask">Bu başlık korumalı.
Başlığı silmek istediğinizden emin misiniz?</Text>
	<Text name="msg_error_del_movie_folder">Klasör silinemedi.
Klasör, video verileri dışında veri tipleri içeriyor.</Text>
	<Text name="msg_error_smove_prohibit">Bu başlık taşınamıyor.</Text>
	<Text name="msg_corrupted_copyright">Telif hakkı koruma bilgisi bozuk ve yeniden yüklenecek.</Text>
	<Text name="msg_error_corrupted_copyright">Telif hakkı koruma bilgisini geri yüklenme işlemi sırasında bir hata oluştu.</Text>
	<Text name="msg_error_no_execute">Bu işlem burada yürütülemez.</Text>
	<Text name="msg_video_editor_and_upload">Video Düzenleyicisi ve Yükleyicisi</Text>
	<Text name="msg_video_editor_explanation">İstediğiniz bir videoyu düzenleyebilir, bunu bir video paylaşım sitesine yükleyebilir ve ardından videoyu görüntülemeleri için arkadaşlarınızı davet edebilirsiniz.</Text>
	<Text name="msg_create_new_video">Yeni Video Oluştur</Text>
	<Text name="msg_del_content_ask">İçerik silinecek.
Devam etmek istediğinizden emin misiniz?</Text>
	<Text name="msg_error_create_content_number_over">Oluşturulabilecek içerik öğesi sayısı üst sınırına ulaşıldı.</Text>
	<Text name="msg_backup_data_utility">Veri Yedekleme Yardımcı Programı</Text>
	<Text name="msg_bd_data_utility">BD Verileri Yardımcı Programı</Text>
	<Text name="msg_common_cache_data">Paylaşılan Önbellek Verileri</Text>
	<Text name="msg_bd_data_delete_ask">BD verileri silinecek.
Devam etmek istediğinizden emin misiniz?</Text>
	<Text name="msg_service_coming_soon">Bu hizmet yakında kullanıma sunulacak.</Text>
	<Text name="msg_service_app_install_folder">My Channels</Text>
	<Text name="msg_vita_application_utility">PS Vita Sistemi Uygulama Yardımcı Programı</Text>
	<Text name="msg_applications_vita">Uygulamalar (PS Vita)</Text>
	<Text name="msg_applications_psp_other">Uygulamalar (PSP™/Diğer)</Text>
	<Text name="msg_applications_ps1">Uygulamalar (PS)</Text>
	<Text name="msg_applications_psm">Uygulamalar (PlayStation®Mobile)</Text>
	<Text name="msg_gamedata_utility">Oyun Verileri Yardımcı Programı</Text>
	<Text name="msg_savedata_utility_ps3">Kayıtlı Veriler Yardımcı Programı (PS3™)</Text>
	<Text name="msg_savedata_utility_ps2">Kayıtlı Veriler Yardımcı Programı (PS2)</Text>
	<Text name="msg_savedata_utility_minis_psp">Kayıtlı Veriler Yardımcı Programı (minis/PSP™)</Text>
	<Text name="msg_savedata_utility_psp_emu_psp">Kayıtlı Veriler Yardımcı Programı (PSP™ Remaster/PSP™)</Text>
	<Text name="msg_savedata_utility_minis_psp_emu_psp">Kayıtlı Veriler Yardımcı Programı (minis/PSP™ Remaster/PSP™)</Text>
	<Text name="msg_memory_card_utility">Memory Card Yardımcı Programı</Text>
	<Text name="msg_content_pc">Ebeveyn Kontrolü Sınırlı İçerik</Text>
	<Text name="msg_ps1_gamedisc">PlayStation® Formatındaki Disk</Text>
	<Text name="msg_ps2_gamedisc">PlayStation®2 Formatındaki Disk</Text>
	<Text name="msg_ps2_format_software">PlayStation®2 Formatındaki Yazılım</Text>
	<Text name="msg_playstation">PlayStation®</Text>
	<Text name="msg_playstation2">PlayStation®2</Text>
	<Text name="msg_playstation3">PlayStation®3</Text>
	<Text name="msg_minis">minis</Text>
	<Text name="msg_psp_emu">PSP™ Remaster</Text>
	<Text name="msg_pc_engine">PCEngine</Text>
	<Text name="msg_neogeo">NEOGEO</Text>
	<Text name="msg_cannot_start_unless_install_install_ask">Bu oyun sistem depolama alanına kurulmadan başlatılamaz.
Kurulumu başlatmak istiyor musunuz?</Text>
	<Text name="msg_psstore_game_offline_explanation_sd">PlayStation®Store'da yok yok: Size özel indirebilir oyunlar, ÜCRETSİZ PS3™ demoları, eklenti paketleri ve videolar.

Mağazayı bugün ziyaret edin!</Text>
	<Text name="msg_psstore_game_offline_explanation_hd">ÜCRETSİZ* erişebileceğiniz PlayStation®Store, yeni ve özel PS3™ oyunları, ÜCRETSİZ oynanabilir demolar, eklenti paketleri ve yüksek çözünürlüklü videolar indirebileceğiniz tek yerdir.

Bugün PlayStation®Store'u ziyaret ederek PS3™ sisteminiz için daha fazlasını alın!

* Genişbant İnternet bağlantısı gerekir.</Text>
	<Text name="msg_disc_benefit">Disk Faydaları</Text>
	<Text name="msg_select_receive_disc_benefit">Disk faydalarını almak için bu seçeneği belirleyin.</Text>
	<Text name="msg_only_for_psp_need_copy_ask">Bu içeriği PSP™ sisteminde kullanabilirsiniz.
İçeriği bir PSP™ sistemine kopyalamak istiyor musunuz?</Text>
	<Text name="msg_error_cannot_use_content_download_again_copy_can_use"><![CDATA[Bu içerik kullanılamıyor.
Bu içeriği satın alırken kullandığınız hesap ile giriş yapın, ardından içeriği yeniden indirmek için [PlayStation®Network] > [PlayStation®Store] altındaki [İndirilebilecekleri Görüntüle] seçeneğini belirleyin.
Bu içeriği kullanmak için içeriği indirerek kullanımını destekleyen bir cihaza kopyalamanız gerekir.]]></Text>
	<Text name="msg_when_use_content_on_vita_hint">İçeriği PS Vita sisteminde kullanıyorsanız, PS Vita sistemini USB kablosuyla bağlayın ve ardından PS Vita sisteminde [İçerik Yöneticisi] uygulamasını başlatın.</Text>
	<Text name="msg_error_cannot_play_ps2_format">PS3™ sisteminin bu modeli PlayStation®2 formatındaki yazılım ile uyumlu değil.</Text>
	<Text name="msg_error_game_wrong_region">Bu yazılım, bölge sınırlamaları nedeniyle başlatılamıyor.</Text>
	<Text name="msg_error_gamedisc_cannot_start">Bu disk başlatılamıyor.</Text>
	<Text name="msg_error_game_start_failure">Başlatma işlemi sırasında bir hata oluştu.</Text>
	<Text name="msg_current_systemsoftware_update_ask">PS3™ sisteminizin sistem yazılımı sürümü %1.
Başlatmak için %2 sürümüne ya da daha sonraki bir sürüme güncellemeniz gerekiyor.
Şimdi güncellemek istiyor musunuz?</Text>
	<Text name="msg_systemsoftware_update_ask">Bir sonraki kullanımdan önce sistem yazılımını güncellemeniz gerekecek.</Text>
	<Text name="msg_game_start">Başlat</Text>
	<Text name="msg_about_game">Bu Oyun Hakkında</Text>
	<Text name="msg_about_game_ps3_content">Library programs ©Sony Computer Entertainment Inc. Licensed for play on the PlayStation®3 Computer Entertainment System or authorized PlayStation®3 format systems. For full terms and conditions see the user's manual. This product is authorized and produced under license from Sony Computer Entertainment Inc. Use is subject to the copyright laws and the terms and conditions of the user's license.</Text>
	<Text name="msg_game_update_history">Güncelleme Geçmişi</Text>
	<Text name="msg_purchase">Satın Alın</Text>
	<Text name="msg_savedata_auto_upload">Kaydedilmiş Verileri Otomatik Yükleme</Text>
	<Text name="msg_installgame_delete_ask">Kurulu oyun silinecek.
Devam etmek istediğinizden emin misiniz?</Text>
	<Text name="msg_error_no_savedata">Kayıtlı veri yok.</Text>
	<Text name="msg_info_detail">Ayrıntılı Bilgi</Text>
	<Text name="msg_protection">Kilitle</Text>
	<Text name="msg_copy_prohibited">Kopyalama Yasak</Text>
	<Text name="msg_error_history_auto_upload">Hata Geçmişi (Otomatik Yükleme)</Text>
	<Text name="msg_online_storage">Çevrimiçi Depolama Alanı</Text>
	<Text name="msg_online_storage_explanation">Kayıtlı verileri çevrimiçi saklar.
Oyununuza devam etmek için kayıtlı verilerinizi arkadaşınızın PS3™ sistemine indirerek ya da verilerinizi çevrimiçi yedekleyerek oyun ufkunuzu genişletin.</Text>
	<Text name="msg_to_save_data_select_copy_option">Çevrimiçi depolama alanındaki verilerinizi kaydetmek için kaydetmek istediğiniz verileri seçerek seçenekler menüsünden [Kopyala] öğesini belirleyin.</Text>
	<Text name="msg_save_data_copy_prohibited_upload_explanation">Kaydedilmiş verileri çevrimiçi depolama alanından ne kadar sıklıkta indirebileceğinize ilişkin sınırlamalar vardır.
Çevrimiçi depolama alanına yaptığınız en son yükleme ya da indirme işleminden en az %1 saat sonra yeniden indirme yapabilirsiniz.
Çevrimiçi depolama alanına istediğiniz zaman yükleme yapabilirsiniz.</Text>
	<Text name="msg_error_online_storage_full">Çevrimiçi depolama alanında yeterli boş alan yok.
Kopyalamak için en az %1 daha alana ihtiyacınız var.</Text>
	<Text name="msg_error_save_data_copy_prohibited_download">Bu kayıtlı verileri şu anda indiremezsiniz.
%1 saatte yalnızca bir kez indirme yapabilirsiniz.

Bir Sonraki İndirme:
%2</Text>
	<Text name="msg_vmc_ps1">Dahili Memory Card (PS)</Text>
	<Text name="msg_vmc_ps2">Dahili Memory Card (PS2)</Text>
	<Text name="msg_free_space_vmc_ps1">%1 / 120 KB</Text>
	<Text name="msg_free_space_vmc_ps2">%1 / 7998 KB</Text>
	<Text name="msg_category">Tipi</Text>
	<Text name="msg_savedata">Kayıtlı Veriler</Text>
	<Text name="msg_savedata_ps1">Kayıtlı Veriler (PlayStation®)</Text>
	<Text name="msg_savedata_ps2">Kayıtlı Veriler (PlayStation®2)</Text>
	<Text name="msg_application_ps2">Yazılım (PlayStation®2)</Text>
	<Text name="msg_application_pocketstation">Yazılım (PocketStation™)</Text>
	<Text name="msg_setting_file_ps2">Ayarlar Dosyası (PlayStation®2)</Text>
	<Text name="msg_system_driver_ps2">Sistem Sürücüsü (PlayStation®2)</Text>
	<Text name="msg_unknown_data">Bilinmeyen</Text>
	<Text name="msg_vmc">Dahili Memory Card</Text>
	<Text name="msg_error_no_vmc">Dahili Memory Card yok.</Text>
	<Text name="msg_free_space_vmc_ps1_w_title">Boş Alan: %1 / 120 KB</Text>
	<Text name="msg_free_space_vmc_ps2_w_title">Boş Alan: %1 / 7998 KB</Text>
	<Text name="msg_pocketstation">PocketStation™</Text>
	<Text name="msg_created_date_time">Oluşturulduğu Tarih</Text>
	<Text name="msg_error_mc_no_access">Memory Card'a erişilemiyor.</Text>
	<Text name="msg_error_savedata_cannot_copy">Bu kayıtlı verilerin kopyalanmasına izin verilmiyor.</Text>
	<Text name="msg_error_no_gamedata">Oyun verileri yok.</Text>
	<Text name="msg_update_quit_software_update">En yeni güncelleme verileri bulundu.
Sistem, bu yazılımdan çıkacak ve kurulumu başlatacak.</Text>
	<Text name="msg_wait_donot_turn_off">Lütfen bekleyin...
Sistemi kapatmayın.</Text>
	<Text name="msg_playmode">Çalma Modu</Text>
	<Text name="msg_play_track_select">Çalınacak parçayı seçin.</Text>
	<Text name="msg_no_data">Veri yok.</Text>
	<Text name="msg_error_service_stop">Bu hizmet sona erdi.</Text>
	<Text name="msg_error_account_service">Bu hizmetin kullanımı bu hesap için askıya alındı.</Text>
	<Text name="msg_browser">İnternet Tarayıcısı</Text>
	<Text name="msg_ps3_portal">PlayStation®Store</Text>
	<Text name="msg_psp_connection">Uzaktan Oynatma</Text>
	<Text name="msg_remoteplay_explanation"><![CDATA[Sistemi bir ağ üzerinden çalıştırmak için uzaktan oynatmayı destekleyen (PS Vita ya da PSP™ sistemi gibi) bir cihaz kullanın. [Ayarlar] > [Uzaktan Oynatma Ayarları] > [Cihazı Kaydet] seçeneklerine giderek uzaktan oynatma cihazını kaydedin.]]></Text>
	<Text name="msg_onlinemanual">Çevrimiçi Kullanım Kılavuzları</Text>
	<Text name="msg_file">Dosya</Text>
	<Text name="msg_open">Aç</Text>
	<Text name="msg_internet_search">İnternet Araması</Text>
	<Text name="msg_download_cancel_ask">İndirme işlemini iptal etmek istiyor musunuz?</Text>
	<Text name="msg_error_server_transaction_failure">Sunucu ile iletişim sırasında bir hata oluştu.</Text>
	<Text name="msg_no_file">Dosya yok.</Text>
	<Text name="msg_content_not_support_remoteplay">Bu içerik, uzaktan oynatma sırasında kullanılamaz.</Text>
	<Text name="msg_error_cannot_operate_remoteplay">Bu işlem, uzaktan oynatma sırasında gerçekleştirilemez.</Text>
	<Text name="msg_error_cannot_start_can_play_follow_device">Başlatılamıyor.
Bu içeriği, uzaktan oynatma sırasında yalnızca aşağıdaki cihazlardan başlatabilirsiniz:</Text>
	<Text name="msg_error_need_update_psp">PSP™ sistem yazılımını güncellemeniz gerekiyor.
Güncelleme yöntemleri hakkında bilgi için PSP™ sistem talimatlarına bakın.</Text>
	<Text name="msg_error_no_signup_ask">Sony Entertainment Network'e kaydolmanız gerekiyor.
Şimdi kaydolmak istiyor musunuz?</Text>
	<Text name="msg_download_control">İndirme Yönetimi</Text>
	<Text name="msg_no_download_content">İndirilebilecek içerik yok.</Text>
	<Text name="msg_variable_downloading">%1%% İndiriliyor...</Text>
	<Text name="msg_variable_download_error">%1%% İndirme Hatası</Text>
	<Text name="msg_variable_download_waiting">%1%% Bekleniyor</Text>
	<Text name="msg_variable_download_pausing">%1%% Duraklatıldı</Text>
	<Text name="msg_pause_all">Tümünü Duraklat</Text>
	<Text name="msg_resume_all">Tümünü Sürdür</Text>
	<Text name="msg_progress">Durum</Text>
	<Text name="msg_resume">Sürdür</Text>
	<Text name="msg_download_restart">İndirmeyi Sürdür</Text>
	<Text name="msg_download_cancel">İndirmeyi İptal Et</Text>
	<Text name="msg_install">Kur</Text>
	<Text name="msg_download_content_was_deleted">İçerik sunucudan silindi.</Text>
	<Text name="msg_need_app_software_download_ask">Bu özelliği kullanmak için önce yazılımı indirmeniz gerekiyor.
Şimdi indirmek istiyor musunuz?</Text>
	<Text name="msg_cellbrowser_foldingathome">Folding@home™</Text>
	<Text name="msg_auto_start">Otomatik Başlat</Text>
	<Text name="msg_title_lwp">Life with PlayStation®</Text>
	<Text name="msg_psstore_explanation_sd">PlayStation®Store'da yok yok: Size özel indirebilir oyunlar, ÜCRETSİZ PS3™ demoları, eklenti paketleri ve videolar.

Mağazayı bugün ziyaret edin!</Text>
	<Text name="msg_psstore_explanation_hd">ÜCRETSİZ* erişebileceğiniz PlayStation®Store, yeni ve özel PS3™ oyunları, ÜCRETSİZ oynanabilir demolar, eklenti paketleri ve yüksek çözünürlüklü videolar indirebileceğiniz tek yerdir.

Bugün PlayStation®Store'u ziyaret ederek PS3™ sisteminiz için daha fazlasını alın!

* Genişbant İnternet bağlantısı gerekir.</Text>
	<Text name="msg_reg_explanation_sd">ÜCRETSİZ* çevrimiçi oyunların keyfini çıkarın, oyunlar, genişletme paketleri ve size özel içerikler indirin, arkadaşlarınızla sohbet edin, Kupalarınızı karşılaştırın.
Şimdi kaydolun ve eğlenceye atılın!
* Genişbant İnternet bağlantısı gerekir.</Text>
	<Text name="msg_reg_explanation_hd">Eğlence ve etkileşime dair her şey PlayStation®Network'te.
ÜCRETSİZ* çevrimiçi oyunların keyfini çıkarın, mükemmel yeni oyunlar, bir sürü güncel oyun için oyun genişletme paketleri indirin, tanıtım filmlerini izleyin, özel içeriklere erişin, arkadaşlarınızla sohbet edin ve Kupalarınızı karşılaştırın.

Bugün kaydolun – hem kolay hem ÜCRETSİZ!

* Genişbant İnternet bağlantısı gerekir.</Text>
	<Text name="msg_account_manage">Hesap Yönetimi</Text>
	<Text name="msg_can_change_psn_account_psstore_setteing">Hesabınızın veya PlayStation®Store'da yaptığınız alışverişlerin ayarlarını yapılandırın.</Text>
	<Text name="msg_your_channel">Yenilikler</Text>
	<Text name="msg_your_channel_offline_explanation_hd">PlayStation®3'e Hoş Geldiniz!
"Yenilikler" ekranından PlayStation® ile ilgili tüm haberlere ve güncellemelere ulaşabilir, en son oynadığınız oyunlara kolayca erişebilirsiniz.
"Yenilikler" ekranına erişmek için PlayStation®Network* sayfasına bağlanın – eğlence dünyasına açılan bu kapıyı ücretsiz aralayın; şimdi kaydolun!

* Genişbant İnternet bağlantısı gerekir.</Text>
	<Text name="msg_your_channel_offline_explanation_sd">"Yenilikler" ekranından PlayStation® ile ilgili tüm haberlere ulaşabilir, en son oynadığınız oyunlara kolayca erişebilirsiniz; sadece PlayStation®Network* sayfasına bağlanmanız yeterli – eğlence dünyasına açılan bu kapıyı ücretsiz aralayın!
* Genişbant İnternet bağlantısı gerekir.</Text>
	<Text name="msg_your_channel_caution_launching_website">Bir İnternet sitesi açıyorsunuz.</Text>
	<Text name="msg_trophy_collection">Kupa Koleksiyonu</Text>
	<Text name="msg_trophy_count">Kupalar</Text>
	<Text name="msg_gain_date">Kazanıldığı Tarih</Text>
	<Text name="msg_no_trophy_explanation">Kupa yok.
Kupa özelliğini destekleyen bir oyun oynayıp kupalar topluyorsanız, kupalarınız burada görüntülenecektir.</Text>
	<Text name="msg_compare_trophy">Kupaları Karşılaştır</Text>
	<Text name="msg_trophy_grade">Derece</Text>
	<Text name="msg_trophy_platinum">Platin</Text>
	<Text name="msg_trophy_gold">Altın</Text>
	<Text name="msg_trophy_silver">Gümüş</Text>
	<Text name="msg_trophy_bronze">Bronz</Text>
	<Text name="msg_sync_with_server">Sunucu ile Senkronize Et</Text>
	<Text name="msg_switch_mode">Mod Geçişi Yap</Text>
	<Text name="msg_online_mode">Çevrimiçi Mod</Text>
	<Text name="msg_online_mode_trophy_explanation">Çevrimiçi Mod
Sunucuda kayıtlı kupa bilgilerini görüntüleyin.</Text>
	<Text name="msg_offline_mode">Çevrimdışı Mod</Text>
	<Text name="msg_offline_mode_trophy_explanation">Çevrimdışı Mod
Bu sistemde kayıtlı kupa bilgilerini görüntüleyin.</Text>
	<Text name="msg_trophy_base_addon">Temel Oyun/Eklenti</Text>
	<Text name="msg_hidden_trophy_name">Gizli Kupa</Text>
	<Text name="msg_original_f">Özgün Sıralama</Text>
	<Text name="msg_trophy_grade_f">Derece</Text>
	<Text name="msg_trophy_earned_f">Kazanıldığı Tarih ▲</Text>
	<Text name="msg_trophy_earned_r">Kazanıldığı Tarih ▼</Text>
	<Text name="msg_privacy_settings">Gizlilik Ayarları</Text>
	<Text name="msg_ps_plus_psn">PlayStation®Plus</Text>
	<Text name="msg_health_warning_psn">Sağlık Uyarıları</Text>
	<Text name="msg_psp_exclusive_install_ask">Bu içerik yalnızca PSP™ sistemiyle kullanılabilir.
İçeriği PSP™ sistemine şimdi kurmak istiyor musunuz?</Text>
	<Text name="msg_bonus_digital_copy">Digital Copy</Text>
	<Text name="msg_bonus_digital_copy_explanation">Bu içerik, PlayStation®Network'e giriş yapıldıktan ve içerik sistemin sistem depolama alanına kopyalandıktan sonra kullanılabilir.</Text>
	<Text name="msg_error_service_not_available_region">Bu hizmet, ülkenizde/bölgenizde kullanılamıyor.</Text>
	<Text name="msg_sigining_in2">Giriş yapılıyor...</Text>
	<Text name="msg_auto_signin_off">Otomatik Giriş Kapalı</Text>
	<Text name="msg_auto_signin">Otomatik Giriş</Text>
	<Text name="msg_signout">Çıkış</Text>
	<Text name="msg_error_no_execute_psn_maintenance_partially">İşlem gerçekleştirilemiyor.
Sony Entertainment Network özelliklerinden bazıları bakım aşamasında.</Text>
	<Text name="msg_error_no_player">Oyuncu bulunamadı.</Text>
	<Text name="msg_signin">Giriş</Text>
	<Text name="msg_ignore_list">Engellenenler Listesi</Text>
	<Text name="msg_friend_register">Arkadaş Ekle</Text>
	<Text name="msg_play_with">Oyuncular Buluşması</Text>
	<Text name="msg_av_chatroom">Sesli Sohbet/Görüntülü Sohbet</Text>
	<Text name="msg_game_chatroom">Oyun Sohbet Odası</Text>
	<Text name="msg_msg_box">Mesaj Kutusu</Text>
	<Text name="msg_last_signin_minute_ago">Son Giriş: %1 Dakika Önce</Text>
	<Text name="msg_last_signin_hour_ago">Son Giriş: %1 Saat Önce</Text>
	<Text name="msg_last_signin_day_ago">Son Giriş: %1 Gün Önce</Text>
	<Text name="msg_last_signin_month_ago">Son Giriş: %1 Ay Önce</Text>
	<Text name="msg_last_signin_more_than_2year_ago">Son Giriş: 2 ya da Daha Fazla Yıl Önce</Text>
	<Text name="msg_to">Kime</Text>
	<Text name="msg_sent">Gönderme işlemi tamamlandı.</Text>
	<Text name="msg_registered">Ekleme işlemi tamamlandı.</Text>
	<Text name="msg_error_registered_number_over">Eklenebilecek kişi sayısı üst sınırına ulaşıldı.</Text>
	<Text name="msg_error_cannot_register_myself">Kendinizi ekleyemezsiniz.</Text>
	<Text name="msg_accept_friend_register_ask">Arkadaş olarak eklemek istiyor musunuz?</Text>
	<Text name="msg_register_request">Arkadaşlık İsteği</Text>
	<Text name="msg_asking_to_add">Arkadaşlık isteğinize yanıt bekleniyor.</Text>
	<Text name="msg_asked_to_add">Bir Arkadaşlık isteği aldınız.</Text>
	<Text name="msg_msg_list">Mesaj Listesi</Text>
	<Text name="msg_start_new_chat">Yeni Sohbet Başlat</Text>
	<Text name="msg_new_msg">Mesaj Yaz</Text>
	<Text name="msg_error_no_msg">Mesaj yok.</Text>
	<Text name="msg_status_f">Durum</Text>
	<Text name="msg_name_f">Ad</Text>
	<Text name="msg_online_id">Çevrimiçi Kimlik</Text>
	<Text name="msg_online_name">Çevrimiçi Ad</Text>
	<Text name="msg_about_me">Hakkımda</Text>
	<Text name="msg_my_lang">Dillerim</Text>
	<Text name="msg_received_msg_count">Alınan Mesajlar</Text>
	<Text name="msg_unread_msg_count">Okunmamış Mesajlar</Text>
	<Text name="msg_protect_msg_count">Korunan Mesajlar</Text>
	<Text name="msg_sent_msg_count">Gönderilen Mesajlar</Text>
	<Text name="msg_received_msg_count_with_variable">%1 Alınan Mesaj</Text>
	<Text name="msg_sent_msg_count_with_variable">%1 Gönderilen Mesaj</Text>
	<Text name="msg_from">Gönderen</Text>
	<Text name="msg_received_datetime">Alınanlar</Text>
	<Text name="msg_sent_datetime">Gönderilenler</Text>
	<Text name="msg_reply_to_friend_register">Arkadaşlık İsteğini Yanıtla</Text>
	<Text name="msg_del_addingfriend_ask">Eklenmeyi bekleyen bir Arkadaş silinecek.
Bu Arkadaşı silerseniz, onun Arkadaş listesinden de silinirsiniz.
Devam etmek istediğinizden emin misiniz?</Text>
	<Text name="msg_del_friend_ask">Bu Arkadaş silinecek.
Bu Arkadaşı silerseniz, onun Arkadaş listesinden de silinirsiniz.
Devam etmek istediğinizden emin misiniz?</Text>
	<Text name="msg_status">Durum</Text>
	<Text name="msg_profile">Profil</Text>
	<Text name="msg_online">Çevrimiçi</Text>
	<Text name="msg_afk">Kullanılamaz</Text>
	<Text name="msg_add_ignore_list">Engellenenler Listesine Ekle</Text>
	<Text name="msg_game_title">Oyun Başlığı</Text>
	<Text name="msg_information">Bilgi</Text>
	<Text name="msg_played_date_hour">Oynandığı Tarih</Text>
	<Text name="msg_add_ignore_list_ask">Bu kişiyi engellenenler listesine eklerseniz, bundan sonra bu kişiden mesaj almayacaksınız.
Devam etmek istiyor musunuz?</Text>
	<Text name="msg_adding">Ekleniyor...
Lütfen bekleyin.</Text>
	<Text name="msg_del_from_ignore_list">Engellenenler Listesinden Sil</Text>
	<Text name="msg_del_ignore_list_ask">Engellenenler listesinden silmek istediğinizden emin misiniz?</Text>
	<Text name="msg_error_not_registered">Hiçbir kişi eklenmedi.</Text>
	<Text name="msg_error_try_again_later">Bir hata oluştu.
Daha sonra tekrar deneyin.</Text>
	<Text name="msg_send_grief_report">Şikayet Raporu</Text>
	<Text name="msg_received_box">Alınanlar</Text>
	<Text name="msg_sent_box">Gönderilenler</Text>
	<Text name="msg_list">Listele</Text>
	<Text name="msg_protect">Koru</Text>
	<Text name="msg_unprotected">Korumayı Kaldır</Text>
	<Text name="msg_edit">Düzenle</Text>
	<Text name="msg_attach_image_select">Eklenecek resmi seçin.</Text>
	<Text name="msg_attach_cancel_ask">Ekleme işlemini iptal etmek istiyor musunuz?</Text>
	<Text name="msg_dell_msg_all_ask">Tüm mesajları silmek istiyor musunuz?
Korunan mesajlar silinmeyecek.</Text>
	<Text name="msg_del_msgl_ask">Mesajı silmek istediğinizden emin misiniz?</Text>
	<Text name="msg_dell_msg_all_ask2">Tüm mesajları silmek istiyor musunuz?</Text>
	<Text name="msg_voice_text_chatroom">Sesli Sohbet/Metin Sohbeti Odası</Text>
	<Text name="msg_text_chatroom">Sohbet Odası (Yalnızca Metin)</Text>
	<Text name="msg_mic_on">Mikrofon Açık</Text>
	<Text name="msg_mic_off">Mikrofon Kapalı</Text>
	<Text name="msg_chat_volume">Sohbet Sesi</Text>
	<Text name="msg_camera_on">Kamera Açık</Text>
	<Text name="msg_camera_off">Kamera Kapalı</Text>
	<Text name="msg_chat_screen_on">Sohbet Resmini Göster</Text>
	<Text name="msg_chat_screen_off">Sohbet Resmini Gizle</Text>
	<Text name="msg_invite_friend">Arkadaşını Davet Et</Text>
	<Text name="msg_new_msg_all">Tümüne Gönderilecek Mesaj Oluştur</Text>
	<Text name="msg_quit">Ayrıl</Text>
	<Text name="msg_cancel2">İptal</Text>
	<Text name="msg_invite_chat">Sohbet Daveti</Text>
	<Text name="msg_participants_list">Katılımcı Listesi</Text>
	<Text name="msg_invite_game">Oyun Daveti</Text>
	<Text name="msg_error_add">Ekleme işlemi sırasında bir hata oluştu.</Text>
	<Text name="msg_error_attach_size_over">Eklenebilecek dosya sayısı üst sınırına ulaşıldı.</Text>
	<Text name="msg_error_attach_deleted">Ekli dosya silindi.</Text>
	<Text name="msg_error_player_added">Bu oyuncu önceden eklendi.</Text>
	<Text name="msg_protect_msg_over">Saklanabilecek mesaj sayısı üst sınırına ulaşıldı.
En fazla 50 mesajı saklayabilirsiniz.</Text>
	<Text name="msg_error_cannot_operate_signin_pls">İşlem gerçekleştirilemiyor.
Giriş yapmadınız.</Text>
	<Text name="msg_error_cannot_creat_message">Şu anda mesaj oluşturamazsınız.</Text>
	<Text name="msg_error_ignore_list_friend">Arkadaş listenizdeki bir kişiyi engellenenler listenize ekleyemezsiniz.
Engellenenler listenize eklemek için o kişiyi öncelikle Arkadaşlar listenizden silmeniz gerekir.</Text>
	<Text name="msg_version">Sürüm</Text>
	<Text name="msg_new_user_create">Yeni Kullanıcı Oluştur</Text>
	<Text name="msg_logout_ask">Oturumu kapatmak istiyor musunuz?</Text>
	<Text name="msg_login_ask">Seçilen kullanıcı olarak oturum açmak istiyor musunuz?
Şu anda oturumu açık olan kullanıcının oturumu kapatılacak.</Text>
	<Text name="msg_username_create">Kullanıcı adı girin.</Text>
	<Text name="msg_error_max_num_users_reached">Başka kullanıcı oluşturulamaz.
Oluşturulabilecek kullanıcı sayısı üst sınırı 16.</Text>
	<Text name="msg_error_other_username_create_pls">Girdiğiniz ad zaten kullanılıyor.
Farklı bir kullanıcı adı girin.</Text>
	<Text name="msg_error_new_user_create">Kullanıcı oluşturulurken bir hata oluştu.</Text>
	<Text name="msg_user_del_2nd_ask">Kullanıcıyı silmek istediğinizden emin misiniz?</Text>
	<Text name="msg_auto_login_set">Bundan sonra, PS3™ sistemi başlatıldığında "%1" kullanıcısının oturumu otomatik olarak açılacak.</Text>
	<Text name="msg_username">Kullanıcı</Text>
	<Text name="msg_username_num">Kullanıcı %1</Text>
	<Text name="msg_auto_login">Oturumu Otomatik Aç</Text>
	<Text name="msg_logout">Oturumu Kapat</Text>
	<Text name="msg_user_del_ask">Kullanıcıyı silerseniz, PlayStation®3 formatındaki yazılım için kayıtlı veriler, mesajlar, kupalar ve diğer bilgiler de silinecek.
Devam etmek istediğinizden emin misiniz?</Text>
	<Text name="msg_error_character">Şu karakterler girilemez:
%1</Text>
	<Text name="msg_health_warning_detail_scee_1">Işık uyarımlarından kaynaklanan nöbetler (Fotosensitif Epilepsi)

</Text>
	<Text name="msg_health_warning_detail_scee_2">Epilektik bir durumunuz varsa ya da daha önce nöbet geçirdiyseniz, oynamadan önce doktorunuza danışın. Video oyunları oynarken veya televizyon ekranındaki yanıp sönen ya da titreyen ışıklara veya diğer ışık uyarımlarına maruz kaldıklarında bazı bireylerde; göz ağrısı, görme bozukluğu, migren, kas çekilmesi, konvülziyon, baygınlık, bilinç kaybı ya da yönleri karıştırma gibi rahatsızlıklar görülebilir. Oyun oynarken yukarıdaki belirtilerden herhangi birini yaşarsanız, hemen oynamayı bırakın ve doktorunuza danışın.

</Text>
	<Text name="msg_health_warning_detail_scee_3">Aşağıdaki belirtilerden birini yaşarsanız oyunu oynamayı hemen bırakın:
</Text>
	<Text name="msg_health_warning_detail_scee_4">Yukarıdaki belirtilere ek olarak, oyun oynarken baş ağrısı, baş dönmesi, mide bulantısı, yorgunluk, taşıt tutmasına benzer belirtiler söz konusu olursa ya da göz, kulak, el, kol, ayak gibi vücudunuzun herhangi bir uzvunda rahatsızlık ya da ağrı hissederseniz, oyunu oynamayı hemen bırakın. Bu durum devam ederse, tıbbi yardım alın.



</Text>
	<Text name="msg_health_warning_detail_scee_5">3D görüntüler

</Text>
	<Text name="msg_health_warning_detail_scee_6">Bazı kişiler 3D video görüntülerini izlerken ya da 3D televizyonlarda stereoskopik 3D oyunlar oynarken bazı rahatsızlıklar (göz yorgunluğu ya da mide bulantısı gibi) hissedebilirler. Bu tür bir rahatsızlık hissederseniz, hemen televizyonun başından ayrılmalı ve rahatsızlığınız geçene kadar televizyonunuzu kullanmamalısınız.
</Text>
	<Text name="msg_health_warning_detail_scee_7">Genel olarak, PlayStation®3 sisteminizi kesintisiz şekilde uzun süre kullanmaktan kaçınmanızı ve her saat başı 15 dakika ara vermenizi öneririz. Bununla birlikte, stereoskopik 3D oyunlar oynarken ya da 3D video izlerken, verilmesi gereken aranın sıklığı ve süresi kişiden kişiye değişir – lütfen herhangi bir rahatsızlık hissinin tamamen geçmesi için yeterli uzunlukta aralar verin. Belirtiler devam ederse doktorunuza başvurun.
</Text>
	<Text name="msg_health_warning_detail_scee_8">Özellikle altı yaşından küçük çocukların görme duyuları henüz gelişme aşamasındadır. Çocuklarınızın 3D video görüntüleri izlemesine ya da stereoskopik oyunlar oynamasına izin vermeden önce çocuğunuzun doktoruna veya göz hastalıkları uzmanına danışın. Yetişkinler, yukarıda verilen önerileri uygulayıp uygulamadıklarından emin olmak için küçük çocukları gözlemlemelidir.



</Text>
	<Text name="msg_health_warning_detail_scee_9">DUALSHOCK™3 Kablosuz Kontrol cihazının kullanılmasıyla ilgili güvenlik bilgileri

</Text>
	<Text name="msg_health_warning_detail_scee_10">El ya da kol kemiklerinizde, eklemlerinizde veya kaslarınızda herhangi bir hastalık söz konusuysa, titreşim işlevini kullanmayın. Bir hastalığınız varsa ya da yaralanmışsanız, titreşim işlevini [Kapalı] konuma getirmeden DUALSHOCK™3 Kablosuz Kontrol Cihazını kullanarak bu tür oyunları oynamayın.



</Text>
	<Text name="msg_health_warning_detail_scee_11">・İyi aydınlatılmış bir alanda kullanın ve televizyon ekranından yeterince uzakta durun.
・PS3™ sistemin uzun süre kesintisiz kullanmaktan kaçının. Her saat başı 15 dakika ara verin.
・Yorgunken ve uykusuzken oyun oynamaktan kaçının.
</Text>
	<Text name="msg_health_warning_detail_scee_12">・Kablosuz Kontrol Cihazını kullanırken kendinizi yorgun hissetmeye başlarsanız ya da ellerinizde veya kollarınızda rahatsızlık ya da ağrı hissederseniz, sistemi kullanmayı bırakın. Bu durum devam ederse, bir doktora danışın.
</Text>
	<Text name="msg_health_warning_detail_scee_13">・Oyun oynarken aşağıdaki sağlık sorunlarından herhangi birini yaşarsanız, sistemi kullanmayı hemen bırakın. Belirtiler devam ederse bir doktora danışın.
- Baş dönmesi, mide bulantısı, yorgunluk ya da taşıt tutmasına benzer belirtiler
- Göz, kulak, el ya da kol gibi vücudun herhangi bir uzvunda rahatsızlık ya da ağrı</Text>
	<Text name="msg_health_warning_detail_scea_1">Photosensitivity/Epilepsy/Seizures

</Text>
	<Text name="msg_health_warning_detail_scea_2">A very small percentage of individuals may experience epileptic seizures or blackouts when exposed to certain light patterns or flashing lights. Exposure to certain patterns or backgrounds on a television screen or when playing video games may trigger epileptic seizures or blackouts in these individuals. These conditions may trigger previously undetected epileptic symptoms or seizures in persons who have no history of prior seizures or epilepsy. If you, or anyone in your family, has an epileptic condition or has had seizures of any kind, consult your doctor before playing.

</Text>
	<Text name="msg_health_warning_detail_scea_3">IMMEDIATELY DISCONTINUE use and consult your doctor before resuming gameplay if you or your child experience any of the following health problems or symptoms:
・dizziness,
・altered vision,
・eye or muscle twitches,
・loss of awareness,
・disorientation,
・seizures, or
・any involuntary movement or convulsion.
RESUME GAMEPLAY ONLY ON APPROVAL OF YOUR DOCTOR.

</Text>
	<Text name="msg_health_warning_detail_scea_4">Use and handling of video games to reduce the likelihood of a seizure
・Use in a well-lit area and keep as far away as possible from the television screen.
・Avoid large screen televisions. Use the smallest television screen available.
・Avoid prolonged use of the PS3™ system. Take a 15-minute break during each hour of play.
・Avoid playing when you are tired or need sleep.



</Text>
	<Text name="msg_health_warning_detail_scea_5">3D images

</Text>
	<Text name="msg_health_warning_detail_scea_6">Some people may experience discomfort (such as eye strain, eye fatigue, or nausea) while watching 3D video images or playing stereoscopic 3D games on 3D televisions. If you experience such discomfort you should immediately discontinue use of your television until the discomfort subsides.
</Text>
	<Text name="msg_health_warning_detail_scea_7">SCE recommends that all viewers take regular breaks while watching 3D video, or playing stereoscopic 3D games. The length and frequency of necessary breaks may vary from person to person - please take breaks that are long enough to allow any feelings of discomfort to subside. If symptoms persist, consult your doctor.
</Text>
	<Text name="msg_health_warning_detail_scea_8">The vision of young children (especially those under six years old) is still under development. SCE recommends that you consult with a doctor (such as a pediatrician or eye doctor) before allowing a young child to watch 3D video images or play stereoscopic 3D games. Adults should supervise young children to ensure they follow the recommendations listed above. When using any 3D enabled device with your PlayStation®3 system you should read the instruction manual for that device and check www.us.playstation.com/support/3D for updated information.



</Text>
	<Text name="msg_health_warning_detail_scea_9">Notes on safety when using the DUALSHOCK™3 Wireless Controller

</Text>
	<Text name="msg_health_warning_detail_scea_10">・Stop using the system immediately if you begin to feel tired or if you experience discomfort or pain in your hands or arms while operating the DUALSHOCK™3 Wireless Controller. If the condition persists, consult a doctor.
・The vibration function of the DUALSHOCK™3 Wireless Controller can aggravate injuries. Do not use the vibration function if you have any ailment or injury to the bones, joints or muscles of your hands or arms. If you have an ailment or an injury, do not play software titles that contain the vibration function using the DUALSHOCK™3 Wireless Controller unless you have set the vibration function to [Off].
</Text>
	<Text name="msg_health_warning_detail_scea_11">・Avoid prolonged use of the DUALSHOCK™3 Wireless Controller. Take a break at about 30-minute intervals.
・Note that some software titles set the vibration function to [On] by default. To disable the vibration function, press the PS button of the controller, and then select [Controller Settings]→ [Vibration Function]→[Off].



</Text>
	<Text name="msg_health_warning_detail_scea_12">・Use in a well-lit area and keep as far away as possible from the television screen.
・Avoid prolonged use of the PS3™ system and wireless controller.
</Text>
	<Text name="msg_health_warning_detail_scea_13">・Stop using the system immediately if you begin to feel tired or if you experience discomfort or pain in your hands or arms while operating the wireless controller. If the condition persists, consult a doctor.
</Text>
	<Text name="msg_health_warning_detail_scea_14">・If you experience any of the following health problems, discontinue use of the system immediately. If symptoms persist, consult with your doctor.
- Dizziness, nausea, fatigue or symptoms similar to motion sickness
- Discomfort or pain in a part of the body, such as eyes, ears, hands or arms</Text>
	<Text name="msg_health_warning_detail_scej_1">光の刺激によって引き起こされる発作について

</Text>
	<Text name="msg_health_warning_detail_scej_2">点滅を繰り返す画面や、その他の光の刺激によって、まれに、目の痛み、視覚異常、偏頭痛、けいれんや意識障害（失神など）などの症状（光感受性発作）が起きることがあります。こうした症状のある方は、事前に必ず医師に相談してください。

</Text>
	<Text name="msg_health_warning_detail_scej_3">こんなときはすぐに使用を中止する
</Text>
	<Text name="msg_health_warning_detail_scej_4"><![CDATA[上記の症状に加え、頭痛、めまい、吐き気、疲労感、乗り物酔いに似た症状などを感じたときや、目、耳、手、腕、足など、身体の一部に不快感や痛みを感じたときは、すぐに使用を中止してください。使用を中止しても治らないときは、医師の診察を受けてください。



]]></Text>
	<Text name="msg_health_warning_detail_scej_5">3D映像、3D立体視ゲームについて

</Text>
	<Text name="msg_health_warning_detail_scej_6">3D映像の視聴中や3D対応テレビでの3D立体視ゲームのプレイ中に、目の疲労、気分が悪くなるなどの不快な症状が出ることがあります。不快な症状が出たときは、直ちにテレビのご利用を中止し、回復するまでご利用をお控えください。
3D映像を視聴したり、3D立体視ゲームをプレイしたりするときは、定期的に休憩をとることをおすすめします。必要な休憩の長さや頻度は個人によって異なりますので、ご自身でご判断ください。不快な症状が回復するまで、十分に休憩をとってください。もし症状が続く場合は、医師にご相談ください。
</Text>
	<Text name="msg_health_warning_detail_scej_7"><![CDATA[なお、お子さま(特に6歳未満の子)の視覚は発達段階にあります。お子さまが3D映像を視聴したり、3D立体視ゲームをプレイしたりする前に、小児科や眼科などの医師にご相談いただくことをおすすめします。大人のかたは、お子さまが上記注意点を守るよう監督してください。
最新情報については、ホームページ(http://www.jp.playstation.com/support/)をご覧ください。



]]></Text>
	<Text name="msg_health_warning_detail_scej_8">コントローラの振動機能に対応したソフトウェアについて

</Text>
	<Text name="msg_health_warning_detail_scej_9">振動障害のある方は、バイブレーション（振動）機能を使用しないでください。



</Text>
	<Text name="msg_health_warning_detail_scej_10">・使用するときは部屋を明るくし、できるだけ画面から離れてください。
・疲れているときや睡眠不足のときは、使用を避けてください。
</Text>
	<Text name="msg_health_warning_detail_scej_11">・使用するときは健康のため、1時間ごとに15分程度の休憩を取ってください。
・使用中に体調が悪くなったら、すぐに使用をやめてください。</Text>
	<Text name="msg_health_warning_detail_sceasia_1">Photosensitivity/Epilepsy/Seizures

</Text>
	<Text name="msg_health_warning_detail_sceasia_2">A very small percentage of individuals may experience epileptic seizures or blackouts when exposed to certain light patterns or flashing lights. Exposure to certain patterns or backgrounds on a television screen or when playing video games may trigger epileptic seizures or blackouts in these individuals. These conditions may trigger previously undetected epileptic symptoms or seizures in persons who have no history of prior seizures or epilepsy. If you, or anyone in your family, has an epileptic condition or has had seizures of any kind, consult your physician before playing.

</Text>
	<Text name="msg_health_warning_detail_sceasia_3">IMMEDIATELY DISCONTINUE use and consult your physician before resuming gameplay if you or your child experience any of the following health problems or symptoms:
・dizziness,
・altered vision,
・eye or muscle twitches,
・loss of awareness,
・disorientation,
・seizures, or
・any involuntary movement or convulsion.
RESUME GAMEPLAY ONLY ON APPROVAL OF YOUR PHYSICIAN.

</Text>
	<Text name="msg_health_warning_detail_sceasia_4">Use and handling of video games to reduce the likelihood of a seizure
・Use in a well-lit area and keep as far away as possible from the television screen.
・Avoid large screen televisions. Use the smallest television screen available.
・Avoid prolonged use of the PS3™ system. Take a 15-minute break during each hour of play.
・Avoid playing when you are tired or need sleep.



</Text>
	<Text name="msg_health_warning_detail_sceasia_5">3D images

</Text>
	<Text name="msg_health_warning_detail_sceasia_6">Some people may experience discomfort (such as eye strain, eye fatigue, or nausea) while watching 3D video images or playing stereoscopic 3D games on 3D televisions. If you experience such discomfort you should immediately discontinue use of your television until the discomfort subsides.
</Text>
	<Text name="msg_health_warning_detail_sceasia_7">SCE recommends that all viewers take regular breaks while watching 3D video, or playing stereoscopic 3D games. The length and frequency of necessary breaks may vary from person to person - please take breaks that are long enough to allow any feelings of discomfort to subside. If symptoms persist, consult your physician.
</Text>
	<Text name="msg_health_warning_detail_sceasia_8">The vision of young children (especially those under six years old) is still under development. SCE recommends that you consult with physician (such as a pediatrician or eye doctor) before allowing a young child to watch 3D video images or play stereoscopic 3D games. When using any 3D enabled device with your PlayStation®3 system you should read the instruction manual for that device.



</Text>
	<Text name="msg_health_warning_detail_sceasia_9">Notes on safety when using the DUALSHOCK™3 Wireless Controller

</Text>
	<Text name="msg_health_warning_detail_sceasia_10">・Stop using the system immediately if you begin to feel tired or if you experience discomfort or pain in your hands or arms while operating the DUALSHOCK™3 wireless controller. If the condition persists, consult a doctor.
・The vibration function of the DUALSHOCK™3 wireless controller can aggravate injuries. Do not use the vibration function if you have any ailment or injury to the bones, joints or muscles of your hands or arms. If you have an ailment or an injury, do not play such titles using the DUALSHOCK™3 wireless controller unless you have set the vibration function to [Off].
</Text>
	<Text name="msg_health_warning_detail_sceasia_11">・Avoid prolonged use of the DUALSHOCK™3 wireless controller. Take a break at about 30-minute intervals.
・Note that some software titles set the vibration function to [On] by default. To disable the vibration function, press the PS button of the controller, and then select [Controller Settings]→[Vibration Function]→[Off].



</Text>
	<Text name="msg_health_warning_detail_sceasia_12">・Use in a well-lit area and keep a safe distance from the TV screen.
・Avoid prolonged use of the PS3™ system. Take a 15-minute break during each hour of play.
・Avoid playing when you are tired or need sleep.
</Text>
	<Text name="msg_health_warning_detail_sceasia_13">・Stop using the system immediately if you begin to feel tired or if you experience discomfort or pain in your hands or arms while operating the wireless controller If the condition persists, consult a doctor.
</Text>
	<Text name="msg_health_warning_detail_sceasia_14">・If you experience any of the following health problems, discontinue use of the system immediately. If symptoms persist, consult with your physician.
- Dizziness, nausea, fatigue or symptoms similar to motion sickness
- Discomfort or pain in a part of the body, such as eyes, ears, hands or arms</Text>
</TextLang>
