<?xml version="1.0" encoding="iso-8859-1"?>
<!-- This XML representation of an RCO structure was generated by Rcomage v1.1.1 -->
<RcoFile UMDFlag="0" rcomageXmlVer="1.1" type="ps3" minFirmwareVer="unknownId0x130">
	<MainTree name="category_setting_plugin">
		<ImageTree>
			<Image name="tex_system" src="Images\tex_system.gim" format="gim" compression="zlib" unknownByte="0" />
			<Image name="tex_edy" src="Images\tex_edy.gim" format="gim" compression="zlib" unknownByte="0" />
		</ImageTree>
		<TextTree>
			<TextLang src="Text\ChineseSimpl.xml" language="ChineseSimpl" format="utf16" />
			<TextLang src="Text\ChineseTrad.xml" language="ChineseTrad" format="utf16" />
			<TextLang src="Text\Danish.xml" language="Danish" format="utf16" />
			<TextLang src="Text\Dutch.xml" language="Dutch" format="utf16" />
			<TextLang src="Text\English.xml" language="English" format="utf16" />
			<TextLang src="Text\Finnish.xml" language="Finnish" format="utf16" />
			<TextLang src="Text\French.xml" language="French" format="utf16" />
			<TextLang src="Text\German.xml" language="German" format="utf16" />
			<TextLang src="Text\Italian.xml" language="Italian" format="utf16" />
			<TextLang src="Text\Japanese.xml" language="Japanese" format="utf16" />
			<TextLang src="Text\Korean.xml" language="Korean" format="utf16" />
			<TextLang src="Text\Norwegian.xml" language="Norwegian" format="utf16" />
			<TextLang src="Text\Portugese.xml" language="Portugese" format="utf16" />
			<TextLang src="Text\Russian.xml" language="Russian" format="utf16" />
			<TextLang src="Text\Spanish.xml" language="Spanish" format="utf16" />
			<TextLang src="Text\Swedish.xml" language="Swedish" format="utf16" />
			<TextLang src="Text\unknown0x10.xml" language="unknown0x10" format="utf16" />
			<TextLang src="Text\unknown0x11.xml" language="unknown0x11" format="utf16" />
			<TextLang src="Text\unknown0x12.xml" language="unknown0x12" format="utf16" />
			<TextLang src="Text\unknown0x13.xml" language="unknown0x13" format="utf16" />
		</TextTree>
	</MainTree>
</RcoFile>
