﻿<?xml version="1.0" encoding="utf-8"?>
<!-- This XML was generated by Rcomage v1.1.1 -->
<TextLang>
	<Text name="msg_setting">設定</Text>
	<Text name="msg_photo">相片</Text>
	<Text name="msg_music">音樂</Text>
	<Text name="msg_video">影像</Text>
	<Text name="msg_game">遊戲</Text>
	<Text name="msg_net">網路</Text>
	<Text name="msg_friend">好友</Text>
	<Text name="msg_user">使用者</Text>
	<Text name="msg_error">發生錯誤。</Text>
	<Text name="msg_error_hdd_no_access">無法存取主機儲存空間。</Text>
	<Text name="msg_update">系統更新</Text>
	<Text name="msg_update_explanation">更新本主機的系統軟件。</Text>
	<Text name="msg_edyviewer">Edy Viewer</Text>
	<Text name="msg_edyviewer_explanation"></Text>
	<Text name="msg_game_setting">遊戲設定</Text>
	<Text name="msg_game_setting_explanation">遊戲的相關設定。</Text>
	<Text name="msg_video_setting">影像設定</Text>
	<Text name="msg_video_setting_explanation">影像的相關設定。</Text>
	<Text name="msg_music_setting">音樂設定</Text>
	<Text name="msg_music_setting_explanation">音樂的相關設定。</Text>
	<Text name="msg_chat_setting">聊天設定</Text>
	<Text name="msg_chat_setting_explanation">聊天的相關設定。</Text>
	<Text name="msg_console_setting">主機設定</Text>
	<Text name="msg_console_setting_explanation">此PS3™主機的一般設定。</Text>
	<Text name="msg_theme_settings">主題設定</Text>
	<Text name="msg_theme_settings_explanation">XMB™螢幕外觀的相關設定。</Text>
	<Text name="msg_datetime_setting">日期與時間設定</Text>
	<Text name="msg_datetime_setting_explanation">日期和時間的相關設定。</Text>
	<Text name="msg_power_saving_setting">省電設定</Text>
	<Text name="msg_power_saving_setting_explanation">可節約本主機用電的設定。</Text>
	<Text name="msg_pd_setting">設定周邊機器</Text>
	<Text name="msg_pd_setting_explanation">與本主機連接的周邊機器之相關設定。</Text>
	<Text name="msg_printer_settings">設定印表機</Text>
	<Text name="msg_printer_settings_explanation">與本主機連接的印表機之相關設定。</Text>
	<Text name="msg_display_setting">顯示器設定</Text>
	<Text name="msg_display_setting_explanation">影像輸出的相關設定。</Text>
	<Text name="msg_sound_setting">聲音設定</Text>
	<Text name="msg_sound_setting_explanation">聲音輸出的相關設定。</Text>
	<Text name="msg_security_setting">加密設定</Text>
	<Text name="msg_security_setting_explanation">由監護人設定之限制的相關設定。</Text>
	<Text name="msg_remoteplay_setting">遙控遊玩設定</Text>
	<Text name="msg_remoteplay_setting_explanation">遙控遊玩的相關設定。遙控遊玩是使用支援遙控遊玩的裝置（PS Vita或PSP™等），經由網路遠距離操作本主機的機能。</Text>
	<Text name="msg_net_setting">網路設定</Text>
	<Text name="msg_net_setting_explanation">網路連線的相關設定。</Text>
	<Text name="msg_photo_setting">相片設定</Text>
	<Text name="msg_tool_string_viewer">String Viewer</Text>
	<Text name="msg_tool_install_file"><![CDATA[★ Install Package Files]]></Text>
	<Text name="msg_tool_debug_settings"><![CDATA[★ Debug Settings]]></Text>
</TextLang>
