﻿<?xml version="1.0" encoding="utf-8"?>
<!-- This XML was generated by Rcomage v1.1.1 -->
<TextLang>
	<Text name="msg_setting">设定</Text>
	<Text name="msg_photo">照片</Text>
	<Text name="msg_music">音乐</Text>
	<Text name="msg_video">视频影像</Text>
	<Text name="msg_game">游戏</Text>
	<Text name="msg_net">网络</Text>
	<Text name="msg_friend">朋友</Text>
	<Text name="msg_user">用户</Text>
	<Text name="msg_error">发生了错误。</Text>
	<Text name="msg_error_hdd_no_access">无法存取主机存储器。</Text>
	<Text name="msg_update">系统升级</Text>
	<Text name="msg_update_explanation">升级本主机的系统软件。</Text>
	<Text name="msg_edyviewer">Edy Viewer</Text>
	<Text name="msg_edyviewer_explanation"></Text>
	<Text name="msg_game_setting">游戏设定</Text>
	<Text name="msg_game_setting_explanation">游戏的相关设定。</Text>
	<Text name="msg_video_setting">视频影像设定</Text>
	<Text name="msg_video_setting_explanation">视频影像的相关设定。</Text>
	<Text name="msg_music_setting">音乐设定</Text>
	<Text name="msg_music_setting_explanation">音乐的相关设定。</Text>
	<Text name="msg_chat_setting">聊天设定</Text>
	<Text name="msg_chat_setting_explanation">聊天的相关设定。</Text>
	<Text name="msg_console_setting">主机设定</Text>
	<Text name="msg_console_setting_explanation">本PS3™的总体设定。</Text>
	<Text name="msg_theme_settings">主题设定</Text>
	<Text name="msg_theme_settings_explanation">XMB™外观的相关设定。</Text>
	<Text name="msg_datetime_setting">日期与时间设定</Text>
	<Text name="msg_datetime_setting_explanation">日期和时间的相关设定。</Text>
	<Text name="msg_power_saving_setting">省电设定</Text>
	<Text name="msg_power_saving_setting_explanation">本主机的省电设定。</Text>
	<Text name="msg_pd_setting">周边设备设定</Text>
	<Text name="msg_pd_setting_explanation">与本主机相连接之周边设备的相关设定。</Text>
	<Text name="msg_printer_settings">打印机设定</Text>
	<Text name="msg_printer_settings_explanation">与本主机相连接之打印机的相关设定。</Text>
	<Text name="msg_display_setting"><![CDATA[显示设定]]></Text>
	<Text name="msg_display_setting_explanation">视频输出的相关设定。</Text>
	<Text name="msg_sound_setting">音频设定</Text>
	<Text name="msg_sound_setting_explanation">音频输出的相关设定。</Text>
	<Text name="msg_security_setting">安全设定</Text>
	<Text name="msg_security_setting_explanation">视听者限制的相关设定。</Text>
	<Text name="msg_remoteplay_setting">遥控操作设定</Text>
	<Text name="msg_remoteplay_setting_explanation">遥控操作的相关设定。遥控操作是使用支持遥控操作的设备（PS Vita或PSP™等），通过网络远距离操作本主机的功能。</Text>
	<Text name="msg_net_setting">网络设定</Text>
	<Text name="msg_net_setting_explanation">互联网连接的相关设定。</Text>
	<Text name="msg_photo_setting">照片设定</Text>
	<Text name="msg_tool_string_viewer">String Viewer</Text>
	<Text name="msg_tool_install_file"><![CDATA[★ Install Package Files]]></Text>
	<Text name="msg_tool_debug_settings"><![CDATA[★ Debug Settings]]></Text>
</TextLang>
