﻿<?xml version="1.0" encoding="utf-8"?>
<!-- This XML was generated by Rcomage v1.1.1 -->
<TextLang>
	<Text name="msg_setting">Indstillinger</Text>
	<Text name="msg_photo">Foto</Text>
	<Text name="msg_music">Musik</Text>
	<Text name="msg_video">Video</Text>
	<Text name="msg_game">Spil</Text>
	<Text name="msg_net">Netværk</Text>
	<Text name="msg_friend">Venner</Text>
	<Text name="msg_user">Brugere</Text>
	<Text name="msg_error">Der er opstået en fejl.</Text>
	<Text name="msg_error_hdd_no_access">Adgang til systemlageret er ikke mulig.</Text>
	<Text name="msg_update">Systemopdatering</Text>
	<Text name="msg_update_explanation">Opdaterer systemsoftwaren på dette system.</Text>
	<Text name="msg_edyviewer">Edy Viewer</Text>
	<Text name="msg_edyviewer_explanation"></Text>
	<Text name="msg_game_setting">Spilindstillinger</Text>
	<Text name="msg_game_setting_explanation">Justerer indstillinger for spil.</Text>
	<Text name="msg_video_setting">Videoindstillinger</Text>
	<Text name="msg_video_setting_explanation">Justerer indstillinger for video.</Text>
	<Text name="msg_music_setting">Musikindstillinger</Text>
	<Text name="msg_music_setting_explanation">Justerer indstillinger for musik.</Text>
	<Text name="msg_chat_setting">Chatindstillinger</Text>
	<Text name="msg_chat_setting_explanation">Justerer indstillinger for chat.</Text>
	<Text name="msg_console_setting">Systemindstillinger</Text>
	<Text name="msg_console_setting_explanation">Justerer indstillinger for dette PS3™ system.</Text>
	<Text name="msg_theme_settings">Temaindstillinger</Text>
	<Text name="msg_theme_settings_explanation">Justerer indstillinger vedrørende XMB™ skærmens udseende.</Text>
	<Text name="msg_datetime_setting">Dato og tidsindstillinger</Text>
	<Text name="msg_datetime_setting_explanation">Justerer dato- og tidsindstillinger.</Text>
	<Text name="msg_power_saving_setting">Strømspareindstillinger</Text>
	<Text name="msg_power_saving_setting_explanation">Justerer indstillinger for at reducere dette systems strømforbrug.</Text>
	<Text name="msg_pd_setting">Tilbehørsindstillinger</Text>
	<Text name="msg_pd_setting_explanation">Justerer indstillinger for tilbehør, der er sluttet til dette system.</Text>
	<Text name="msg_printer_settings">Printerindstillinger</Text>
	<Text name="msg_printer_settings_explanation">Justerer indstillinger for printere, der er sluttet til dette system.</Text>
	<Text name="msg_display_setting">Skærmindstillinger</Text>
	<Text name="msg_display_setting_explanation">Justerer indstillinger for video output.</Text>
	<Text name="msg_sound_setting">Lydindstillinger</Text>
	<Text name="msg_sound_setting_explanation">Justerer indstillinger for audio output.</Text>
	<Text name="msg_security_setting">Sikkerhedsindstillinger</Text>
	<Text name="msg_security_setting_explanation">Justerer forældrekontrolindstillinger.</Text>
	<Text name="msg_remoteplay_setting">Remote Play indstillinger</Text>
	<Text name="msg_remoteplay_setting_explanation">Justerer indstillinger for Remote Play. Remote Play gør det muligt at bruge en enhed, som understøtter Remote Play (såsom et PS Vita- eller et PSP™-system), til at betjene dette system over et netværk.</Text>
	<Text name="msg_net_setting">Netværksindstillinger</Text>
	<Text name="msg_net_setting_explanation">Justerer indstillinger for internetforbindelsen.</Text>
	<Text name="msg_photo_setting">Fotoindstillinger</Text>
	<Text name="msg_tool_string_viewer">String Viewer</Text>
	<Text name="msg_tool_install_file"><![CDATA[★ Install Package Files]]></Text>
	<Text name="msg_tool_debug_settings"><![CDATA[★ Debug Settings]]></Text>
</TextLang>
