﻿<?xml version="1.0" encoding="utf-8"?>
<!-- This XML was generated by Rcomage v1.1.1 -->
<TextLang>
	<Text name="msg_setting">Instellingen</Text>
	<Text name="msg_photo">Foto</Text>
	<Text name="msg_music">Muziek</Text>
	<Text name="msg_video">Video</Text>
	<Text name="msg_game">Game</Text>
	<Text name="msg_net">Netwerk</Text>
	<Text name="msg_friend">Vrienden</Text>
	<Text name="msg_user">Gebruikers</Text>
	<Text name="msg_error">Er is een fout opgetreden.</Text>
	<Text name="msg_error_hdd_no_access">Toegang tot de systeemopslag is niet mogelijk.</Text>
	<Text name="msg_update">Systeemupdate</Text>
	<Text name="msg_update_explanation">Update de systeemsoftware op dit systeem.</Text>
	<Text name="msg_edyviewer">Edy Viewer</Text>
	<Text name="msg_edyviewer_explanation"></Text>
	<Text name="msg_game_setting">Game-instellingen</Text>
	<Text name="msg_game_setting_explanation">Wijzigt de instellingen voor games.</Text>
	<Text name="msg_video_setting">Video-instellingen</Text>
	<Text name="msg_video_setting_explanation">Wijzigt de instellingen voor video.</Text>
	<Text name="msg_music_setting">Muziekinstellingen</Text>
	<Text name="msg_music_setting_explanation">Wijzigt de instellingen voor muziek.</Text>
	<Text name="msg_chat_setting">Chatinstellingen</Text>
	<Text name="msg_chat_setting_explanation">Wijzigt de instellingen voor chatten.</Text>
	<Text name="msg_console_setting">Systeeminstellingen</Text>
	<Text name="msg_console_setting_explanation">Wijzigt de instellingen voor dit PS3™-systeem.</Text>
	<Text name="msg_theme_settings">Thema-instellingen</Text>
	<Text name="msg_theme_settings_explanation">Wijzigt de instellingen verwant aan de weergave van het XMB™-scherm.</Text>
	<Text name="msg_datetime_setting">Datum- en tijdinstellingen</Text>
	<Text name="msg_datetime_setting_explanation">Wijzigt de datum- en tijdinstellingen.</Text>
	<Text name="msg_power_saving_setting">Instellingen voor energiebesparing</Text>
	<Text name="msg_power_saving_setting_explanation">Wijzigt de instellingen om het energieverbuik van dit systeem te verminderen.</Text>
	<Text name="msg_pd_setting">Randapparatuurinstellingen</Text>
	<Text name="msg_pd_setting_explanation">Wijzigt de instellingen voor accessoires die met dit systeem zijn verbonden.</Text>
	<Text name="msg_printer_settings">Printerinstellingen</Text>
	<Text name="msg_printer_settings_explanation">Wijzigt de instellingen voor printers die met dit systeem zijn verbonden.</Text>
	<Text name="msg_display_setting">Beeldscherminstellingen</Text>
	<Text name="msg_display_setting_explanation">Wijzigt de instellingen voor video-uitvoer.</Text>
	<Text name="msg_sound_setting">Geluidsinstellingen</Text>
	<Text name="msg_sound_setting_explanation">Wijzigt de instellingen voor audio-uitvoer.</Text>
	<Text name="msg_security_setting">Beveiligingsinstellingen</Text>
	<Text name="msg_security_setting_explanation">Wijzigt de instellingen voor ouderlijk toezicht.</Text>
	<Text name="msg_remoteplay_setting">Remote-Play-instellingen</Text>
	<Text name="msg_remoteplay_setting_explanation">Wijzigt de instellingen voor remote-play. Remote-play geeft het apparaat met remote-play-functie (zoals een PS Vita- of PSP™-systeem) de mogelijkheid dit systeem via een netwerk te bedienen.</Text>
	<Text name="msg_net_setting">Netwerkinstellingen</Text>
	<Text name="msg_net_setting_explanation">Wijzigt de instellingen voor de internetverbinding.</Text>
	<Text name="msg_photo_setting">Foto-instellingen</Text>
	<Text name="msg_tool_string_viewer">String Viewer</Text>
	<Text name="msg_tool_install_file"><![CDATA[★ Install Package Files]]></Text>
	<Text name="msg_tool_debug_settings"><![CDATA[★ Debug Settings]]></Text>
</TextLang>
