﻿<?xml version="1.0" encoding="utf-8"?>
<!-- This XML was generated by Rcomage v1.1.1 -->
<TextLang>
	<Text name="msg_setting">editsettingsname</Text>
	<Text name="msg_photo">editphotoname</Text>
	<Text name="msg_music">editmusicname</Text>
	<Text name="msg_video">editvideoname</Text>
	<Text name="msg_game">xdpxgamename</Text>
	<Text name="msg_net">editnetworkname</Text>
	<Text name="msg_friend">Friends</Text>
	<Text name="msg_user">editusersname</Text>
	<Text name="msg_error">An error has occurred.</Text>
	<Text name="msg_error_hdd_no_access">The system storage cannot be accessed.</Text>
	<Text name="msg_update">System Update</Text>
	<Text name="msg_update_explanation">Updates the system software on this system.</Text>
	<Text name="msg_edyviewer">Edy Viewer</Text>
	<Text name="msg_edyviewer_explanation">Edyギフトの受け取りやオンライン残高照会などのサービスを利用できます。この機能を使うには、本機をインターネットに接続し、非接触ICカードリーダ・ライタを用意してください。</Text>
	<Text name="msg_game_setting">Game Settings</Text>
	<Text name="msg_game_setting_explanation">Adjusts settings for games.</Text>
	<Text name="msg_video_setting">Video Settings</Text>
	<Text name="msg_video_setting_explanation">Adjusts settings for video.</Text>
	<Text name="msg_music_setting">Music Settings</Text>
	<Text name="msg_music_setting_explanation">Adjusts settings for music.</Text>
	<Text name="msg_chat_setting">Chat Settings</Text>
	<Text name="msg_chat_setting_explanation">Adjusts settings for chat.</Text>
	<Text name="msg_console_setting">System Settings</Text>
	<Text name="msg_console_setting_explanation">Adjusts settings for this PS3™ system.</Text>
	<Text name="msg_theme_settings">Theme Settings</Text>
	<Text name="msg_theme_settings_explanation">Adjusts settings related to the appearance of the XMB™ screen.</Text>
	<Text name="msg_datetime_setting">Date and Time Settings</Text>
	<Text name="msg_datetime_setting_explanation">Adjusts date and time settings.</Text>
	<Text name="msg_power_saving_setting">Power Save Settings</Text>
	<Text name="msg_power_saving_setting_explanation">Adjusts settings to reduce power usage by this system.</Text>
	<Text name="msg_pd_setting">Accessory Settings</Text>
	<Text name="msg_pd_setting_explanation">Adjusts settings for accessories that are connected to this system.</Text>
	<Text name="msg_printer_settings">Printer Settings</Text>
	<Text name="msg_printer_settings_explanation">Adjusts settings for printers that are connected to this system.</Text>
	<Text name="msg_display_setting">Display Settings</Text>
	<Text name="msg_display_setting_explanation">Adjusts settings for video output.</Text>
	<Text name="msg_sound_setting">Sound Settings</Text>
	<Text name="msg_sound_setting_explanation">Adjusts settings for audio output.</Text>
	<Text name="msg_security_setting">Security Settings</Text>
	<Text name="msg_security_setting_explanation">Adjusts parental control settings.</Text>
	<Text name="msg_remoteplay_setting">Remote Play Settings</Text>
	<Text name="msg_remoteplay_setting_explanation">Adjusts settings for remote play. Remote play enables you to use a device that supports remote play (such as a PS Vita or a PSP™ system) to operate this system over a network.</Text>
	<Text name="msg_net_setting">Network Settings</Text>
	<Text name="msg_net_setting_explanation">Adjusts settings for the Internet connection.</Text>
	<Text name="msg_photo_setting">Photo Settings</Text>
	<Text name="msg_tool_string_viewer">String Viewer</Text>
	<Text name="msg_tool_install_file"><![CDATA[★ Install Package Files]]></Text>
	<Text name="msg_tool_debug_settings"><![CDATA[★ Debug Settings]]></Text>
</TextLang>
