﻿<?xml version="1.0" encoding="utf-8"?>
<!-- This XML was generated by Rcomage v1.1.1 -->
<TextLang>
	<Text name="msg_setting">Asetukset</Text>
	<Text name="msg_photo">Kuvat</Text>
	<Text name="msg_music">Musiikki</Text>
	<Text name="msg_video">Videot</Text>
	<Text name="msg_game">Pelit</Text>
	<Text name="msg_net">Verkko</Text>
	<Text name="msg_friend">Ystävät</Text>
	<Text name="msg_user">Käyttäjät</Text>
	<Text name="msg_error">Virhe on tapahtunut.</Text>
	<Text name="msg_error_hdd_no_access">Järjestelmän tallennustilaa ei voida käyttää.</Text>
	<Text name="msg_update">Järjestelmäpäivitys</Text>
	<Text name="msg_update_explanation">Päivittää järjestelmän käyttöjärjestelmän.</Text>
	<Text name="msg_edyviewer">Edy Viewer</Text>
	<Text name="msg_edyviewer_explanation"></Text>
	<Text name="msg_game_setting">Peliasetukset</Text>
	<Text name="msg_game_setting_explanation">Säätää pelien asetuksia.</Text>
	<Text name="msg_video_setting">Videoasetukset</Text>
	<Text name="msg_video_setting_explanation">Säätää videoasetuksia.</Text>
	<Text name="msg_music_setting">Musiikkiasetukset</Text>
	<Text name="msg_music_setting_explanation">Säätää musiikkiasetuksia.</Text>
	<Text name="msg_chat_setting">Chat-asetukset</Text>
	<Text name="msg_chat_setting_explanation">Säätää chat-asetuksia.</Text>
	<Text name="msg_console_setting">Järjestelmäasetukset</Text>
	<Text name="msg_console_setting_explanation">Säätää tämän PS3™-järjestelmän asetuksia.</Text>
	<Text name="msg_theme_settings">Teema-asetukset</Text>
	<Text name="msg_theme_settings_explanation">Säätää XMB™-näytön ulkoasuun liittyviä asetuksia.</Text>
	<Text name="msg_datetime_setting">Päivä- ja aika-asetukset</Text>
	<Text name="msg_datetime_setting_explanation">Säätää päiväys- ja aika-asetuksia.</Text>
	<Text name="msg_power_saving_setting">Virransäästöasetukset</Text>
	<Text name="msg_power_saving_setting_explanation">Säätää järjestelmän virransäästöasetuksia.</Text>
	<Text name="msg_pd_setting">Lisälaiteasetukset</Text>
	<Text name="msg_pd_setting_explanation">Säätää järjestelmään liitettyjen lisälaitteiden asetuksia.</Text>
	<Text name="msg_printer_settings">Tulostimen asetukset</Text>
	<Text name="msg_printer_settings_explanation">Säätää järjestelmään liitettyjen tulostimien asetuksia.</Text>
	<Text name="msg_display_setting">Näyttöasetukset</Text>
	<Text name="msg_display_setting_explanation">Säätää videoulostulon asetuksia.</Text>
	<Text name="msg_sound_setting">Ääniasetukset</Text>
	<Text name="msg_sound_setting_explanation">Säätää ääniulostulon asetuksia.</Text>
	<Text name="msg_security_setting">Turva-asetukset</Text>
	<Text name="msg_security_setting_explanation">Säätää lapsilukkoasetuksia.</Text>
	<Text name="msg_remoteplay_setting">Etäkäyttöasetukset</Text>
	<Text name="msg_remoteplay_setting_explanation">Säätää etäkäytön asetuksia. Etäkäytön avulla voit käyttää laitetta, joka tukee etäkäyttöominaisuutta (kuten PS Vita- tai PSP™-järjestelmää) tämän järjestelmän käyttämiseksi verkon kautta.</Text>
	<Text name="msg_net_setting">Verkkoasetukset</Text>
	<Text name="msg_net_setting_explanation">Säätää Internet-yhteyden asetuksia.</Text>
	<Text name="msg_photo_setting">Kuva-asetukset</Text>
	<Text name="msg_tool_string_viewer">String Viewer</Text>
	<Text name="msg_tool_install_file"><![CDATA[★ Install Package Files]]></Text>
	<Text name="msg_tool_debug_settings"><![CDATA[★ Debug Settings]]></Text>
</TextLang>
