﻿<?xml version="1.0" encoding="utf-8"?>
<!-- This XML was generated by Rcomage v1.1.1 -->
<TextLang>
	<Text name="msg_setting">Paramètres</Text>
	<Text name="msg_photo">Photo</Text>
	<Text name="msg_music">Musique</Text>
	<Text name="msg_video">Vidéo</Text>
	<Text name="msg_game">Jeu</Text>
	<Text name="msg_net">Réseau</Text>
	<Text name="msg_friend">Amis</Text>
	<Text name="msg_user">Utilisateurs</Text>
	<Text name="msg_error">Une erreur est survenue.</Text>
	<Text name="msg_error_hdd_no_access">Accès au stockage système impossible.</Text>
	<Text name="msg_update">Mise à jour système</Text>
	<Text name="msg_update_explanation">Met à jour le logiciel système.</Text>
	<Text name="msg_edyviewer">Edy Viewer</Text>
	<Text name="msg_edyviewer_explanation"></Text>
	<Text name="msg_game_setting">Paramètres de jeu</Text>
	<Text name="msg_game_setting_explanation">Règle les paramètres des jeux.</Text>
	<Text name="msg_video_setting">Paramètres vidéo</Text>
	<Text name="msg_video_setting_explanation">Règle les paramètres vidéo.</Text>
	<Text name="msg_music_setting">Paramètres musique</Text>
	<Text name="msg_music_setting_explanation">Règle les paramètres musique.</Text>
	<Text name="msg_chat_setting">Paramètres chat</Text>
	<Text name="msg_chat_setting_explanation">Règle les paramètres de chat.</Text>
	<Text name="msg_console_setting">Paramètres système</Text>
	<Text name="msg_console_setting_explanation">Règle les paramètres du système PS3™.</Text>
	<Text name="msg_theme_settings">Paramètres thème</Text>
	<Text name="msg_theme_settings_explanation">Règle les paramètres d'affichage de l'écran XMB™.</Text>
	<Text name="msg_datetime_setting">Paramètres date et heure</Text>
	<Text name="msg_datetime_setting_explanation">Règle les paramètres de date et d'heure.</Text>
	<Text name="msg_power_saving_setting">Paramètres gestion de l'alimentation</Text>
	<Text name="msg_power_saving_setting_explanation">Règle les paramètres permettant de réduire la consommation d'énergie du système.</Text>
	<Text name="msg_pd_setting">Paramètres accessoires</Text>
	<Text name="msg_pd_setting_explanation">Règle les paramètres des accessoires connectés au système.</Text>
	<Text name="msg_printer_settings">Paramètres imprimante</Text>
	<Text name="msg_printer_settings_explanation">Règle les paramètres des imprimantes connectées au système.</Text>
	<Text name="msg_display_setting">Paramètres affichage</Text>
	<Text name="msg_display_setting_explanation">Règle les paramètres de sortie vidéo.</Text>
	<Text name="msg_sound_setting">Paramètres son</Text>
	<Text name="msg_sound_setting_explanation">Règle les paramètres de sortie audio.</Text>
	<Text name="msg_security_setting">Paramètres sécurité</Text>
	<Text name="msg_security_setting_explanation">Règle les paramètres de contrôle parental.</Text>
	<Text name="msg_remoteplay_setting">Paramètres de lecture à distance</Text>
	<Text name="msg_remoteplay_setting_explanation">Règle les paramètres de lecture à distance. Ceci vous permet d'utiliser un périphérique compatible avec cette fonctionnalité (comme un système PS Vita ou un système PSP™) pour contrôler ce système par réseau.</Text>
	<Text name="msg_net_setting">Paramètres réseau</Text>
	<Text name="msg_net_setting_explanation">Règle les paramètres de connexion Internet.</Text>
	<Text name="msg_photo_setting">Paramètres photo</Text>
	<Text name="msg_tool_string_viewer">String Viewer</Text>
	<Text name="msg_tool_install_file"><![CDATA[★ Install Package Files]]></Text>
	<Text name="msg_tool_debug_settings"><![CDATA[★ Debug Settings]]></Text>
</TextLang>
