﻿<?xml version="1.0" encoding="utf-8"?>
<!-- This XML was generated by Rcomage v1.1.1 -->
<TextLang>
	<Text name="msg_setting">Einstellungen</Text>
	<Text name="msg_photo">Foto</Text>
	<Text name="msg_music">Musik</Text>
	<Text name="msg_video">Video</Text>
	<Text name="msg_game">Spiel</Text>
	<Text name="msg_net">Netzwerk</Text>
	<Text name="msg_friend">Freunde</Text>
	<Text name="msg_user">Benutzer</Text>
	<Text name="msg_error">Ein Fehler ist aufgetreten.</Text>
	<Text name="msg_error_hdd_no_access">Zugriff auf den Systemspeicher ist nicht möglich.</Text>
	<Text name="msg_update">System-Aktualisierung</Text>
	<Text name="msg_update_explanation">Aktualisiert die System-Software auf diesem System.</Text>
	<Text name="msg_edyviewer">Edy Viewer</Text>
	<Text name="msg_edyviewer_explanation"></Text>
	<Text name="msg_game_setting">Spiel-Einstellungen</Text>
	<Text name="msg_game_setting_explanation">Passt die Einstellungen für Spiele an.</Text>
	<Text name="msg_video_setting">Video-Einstellungen</Text>
	<Text name="msg_video_setting_explanation">Passt die Einstellungen für Videos an.</Text>
	<Text name="msg_music_setting">Musik-Einstellungen</Text>
	<Text name="msg_music_setting_explanation">Passt die Einstellungen für Musik an.</Text>
	<Text name="msg_chat_setting">Chat-Einstellungen</Text>
	<Text name="msg_chat_setting_explanation">Passt die Einstellungen für den Chat an.</Text>
	<Text name="msg_console_setting">System-Einstellungen</Text>
	<Text name="msg_console_setting_explanation">Passt die Einstellungen für dieses PS3™-System an.</Text>
	<Text name="msg_theme_settings">Design-Einstellungen</Text>
	<Text name="msg_theme_settings_explanation">Passt die Anzeige-Einstellungen des XMB™-Bildschirms an.</Text>
	<Text name="msg_datetime_setting">Datums- und Zeit-Einstellungen</Text>
	<Text name="msg_datetime_setting_explanation">Passt die Datums- und Uhrzeit-Einstellungen an.</Text>
	<Text name="msg_power_saving_setting">Energiespar-Einstellungen</Text>
	<Text name="msg_power_saving_setting_explanation">Passt die Einstellungen an, um den Energieverbrauch dieses Systems zu senken.</Text>
	<Text name="msg_pd_setting">Peripheriegeräte-Einstellungen</Text>
	<Text name="msg_pd_setting_explanation">Passt die Einstellungen für die an dieses System angeschlossenen Peripheriegeräte an.</Text>
	<Text name="msg_printer_settings">Drucker-Einstellungen</Text>
	<Text name="msg_printer_settings_explanation">Passt die Einstellungen für die an dieses System angeschlossenen Drucker an.</Text>
	<Text name="msg_display_setting">Anzeige-Einstellungen</Text>
	<Text name="msg_display_setting_explanation">Passt die Einstellungen für die Videoausgabe an.</Text>
	<Text name="msg_sound_setting">Sound-Einstellungen</Text>
	<Text name="msg_sound_setting_explanation">Passt die Einstellungen für die Audioausgabe an.</Text>
	<Text name="msg_security_setting">Sicherheits-Einstellungen</Text>
	<Text name="msg_security_setting_explanation">Passt die Kindersicherungseinstellungen an.</Text>
	<Text name="msg_remoteplay_setting">Remote-Play-Einstellungen</Text>
	<Text name="msg_remoteplay_setting_explanation">Passt die Einstellungen für Remote Play an. Remote Play ermöglicht die Verwendung eines Geräts, das Remote Play unterstützt (beispielsweise ein PS Vita- oder PSP™-System), um dieses System über ein Netzwerk zu benutzen.</Text>
	<Text name="msg_net_setting">Netzwerk-Einstellungen</Text>
	<Text name="msg_net_setting_explanation">Passt die Einstellungen für die Internetverbindung an.</Text>
	<Text name="msg_photo_setting">Foto-Einstellungen</Text>
	<Text name="msg_tool_string_viewer">String Viewer</Text>
	<Text name="msg_tool_install_file"><![CDATA[★ Install Package Files]]></Text>
	<Text name="msg_tool_debug_settings"><![CDATA[★ Debug Settings]]></Text>
</TextLang>
