﻿<?xml version="1.0" encoding="utf-8"?>
<!-- This XML was generated by Rcomage v1.1.1 -->
<TextLang>
	<Text name="msg_setting">Impostazioni</Text>
	<Text name="msg_photo">Foto</Text>
	<Text name="msg_music">Musica</Text>
	<Text name="msg_video">Video</Text>
	<Text name="msg_game">Gioco</Text>
	<Text name="msg_net">Rete</Text>
	<Text name="msg_friend">Amici</Text>
	<Text name="msg_user">Utenti</Text>
	<Text name="msg_error">Si è verificato un errore.</Text>
	<Text name="msg_error_hdd_no_access">Impossibile accedere allo spazio di archiviazione del sistema.</Text>
	<Text name="msg_update">Aggiornamento del sistema</Text>
	<Text name="msg_update_explanation">Aggiorna il software di sistema su questo sistema.</Text>
	<Text name="msg_edyviewer">Edy Viewer</Text>
	<Text name="msg_edyviewer_explanation"></Text>
	<Text name="msg_game_setting">Impostazioni del gioco</Text>
	<Text name="msg_game_setting_explanation">Consente di regolare le impostazioni per i giochi.</Text>
	<Text name="msg_video_setting">Impostazioni video</Text>
	<Text name="msg_video_setting_explanation">Consente di regolare le impostazioni per il video.</Text>
	<Text name="msg_music_setting">Impostazioni della musica</Text>
	<Text name="msg_music_setting_explanation">Consente di regolare le impostazioni per la musica.</Text>
	<Text name="msg_chat_setting">Impostazioni della chat</Text>
	<Text name="msg_chat_setting_explanation">Consente di regolare le impostazioni per le chat.</Text>
	<Text name="msg_console_setting">Impostazioni del sistema</Text>
	<Text name="msg_console_setting_explanation">Consente di regolare le impostazioni per questo sistema PS3™.</Text>
	<Text name="msg_theme_settings">Impostazioni dei temi</Text>
	<Text name="msg_theme_settings_explanation">Consente di regolare le impostazioni relative all'aspetto della schermata di XMB™.</Text>
	<Text name="msg_datetime_setting">Impostazioni di data e ora</Text>
	<Text name="msg_datetime_setting_explanation">Consente di regolare le impostazioni di data e ora.</Text>
	<Text name="msg_power_saving_setting">Impostazioni di risparmio energetico</Text>
	<Text name="msg_power_saving_setting_explanation">Consente di regolare le impostazioni per ridurre il consumo energetico del sistema.</Text>
	<Text name="msg_pd_setting">Impostazioni degli accessori</Text>
	<Text name="msg_pd_setting_explanation">Consente di regolare le impostazioni degli accessori collegati al sistema.</Text>
	<Text name="msg_printer_settings">Impostazioni della stampante</Text>
	<Text name="msg_printer_settings_explanation">Consente di regolare le impostazioni delle stampanti collegate al sistema.</Text>
	<Text name="msg_display_setting">Impostazioni di visualizzazione</Text>
	<Text name="msg_display_setting_explanation">Consente di regolare le impostazioni per l'uscita video.</Text>
	<Text name="msg_sound_setting">Impostazioni dell'audio</Text>
	<Text name="msg_sound_setting_explanation">Consente di regolare le impostazioni per l'uscita audio.</Text>
	<Text name="msg_security_setting">Impostazioni di sicurezza</Text>
	<Text name="msg_security_setting_explanation">Consente di regolare le impostazioni del filtro contenuti.</Text>
	<Text name="msg_remoteplay_setting">Impostazioni di riproduzione remota</Text>
	<Text name="msg_remoteplay_setting_explanation">Consente di regolare le impostazioni per la riproduzione remota. La riproduzione remota è una funzione che consente di usare un dispositivo che supporta tale funzione (ad esempio, un sistema PS Vita o PSP™) per azionare questo sistema in rete.</Text>
	<Text name="msg_net_setting">Impostazioni di rete</Text>
	<Text name="msg_net_setting_explanation">Consente di regolare le impostazioni per la connessione Internet.</Text>
	<Text name="msg_photo_setting">Impostazioni delle foto</Text>
	<Text name="msg_tool_string_viewer">String Viewer</Text>
	<Text name="msg_tool_install_file"><![CDATA[★ Install Package Files]]></Text>
	<Text name="msg_tool_debug_settings"><![CDATA[★ Debug Settings]]></Text>
</TextLang>
