﻿<?xml version="1.0" encoding="utf-8"?>
<!-- This XML was generated by Rcomage v1.1.1 -->
<TextLang>
	<Text name="msg_setting">설정</Text>
	<Text name="msg_photo">사진</Text>
	<Text name="msg_music">음악</Text>
	<Text name="msg_video">비디오</Text>
	<Text name="msg_game">게임</Text>
	<Text name="msg_net">네트워크</Text>
	<Text name="msg_friend">친구</Text>
	<Text name="msg_user">유저</Text>
	<Text name="msg_error">에러가 발생했습니다.</Text>
	<Text name="msg_error_hdd_no_access">본체 스토리지에 액세스할 수 없습니다.</Text>
	<Text name="msg_update">시스템 업데이트</Text>
	<Text name="msg_update_explanation">본 기기의 시스템 소프트웨어를 업데이트합니다.</Text>
	<Text name="msg_edyviewer">Edy Viewer</Text>
	<Text name="msg_edyviewer_explanation"></Text>
	<Text name="msg_game_setting">게임 설정</Text>
	<Text name="msg_game_setting_explanation">게임에 관한 설정입니다.</Text>
	<Text name="msg_video_setting">비디오 설정</Text>
	<Text name="msg_video_setting_explanation">비디오에 관한 설정입니다.</Text>
	<Text name="msg_music_setting">음악 설정</Text>
	<Text name="msg_music_setting_explanation">음악에 관한 설정입니다.</Text>
	<Text name="msg_chat_setting">대화 설정</Text>
	<Text name="msg_chat_setting_explanation">대화에 관한 설정입니다.</Text>
	<Text name="msg_console_setting">시스템 설정</Text>
	<Text name="msg_console_setting_explanation">이 PS3™ 전반에 관한 설정입니다.</Text>
	<Text name="msg_theme_settings">테마 설정</Text>
	<Text name="msg_theme_settings_explanation">XMB™의 디자인에 관한 설정입니다.</Text>
	<Text name="msg_datetime_setting">날짜/시각 설정</Text>
	<Text name="msg_datetime_setting_explanation">날짜와 시각에 관한 설정입니다.</Text>
	<Text name="msg_power_saving_setting">절전 모드 설정</Text>
	<Text name="msg_power_saving_setting_explanation">본 기기의 소비 전력을 절약하기 위한 설정입니다.</Text>
	<Text name="msg_pd_setting">주변기기 설정</Text>
	<Text name="msg_pd_setting_explanation">본 기기에 연결할 주변기기에 관한 설정입니다.</Text>
	<Text name="msg_printer_settings">프린터 설정</Text>
	<Text name="msg_printer_settings_explanation">본 기기에 연결할 프린터에 관한 설정입니다.</Text>
	<Text name="msg_display_setting">디스플레이 설정</Text>
	<Text name="msg_display_setting_explanation">영상 출력에 관한 설정입니다.</Text>
	<Text name="msg_sound_setting">사운드 설정</Text>
	<Text name="msg_sound_setting_explanation">음성 출력에 관한 설정입니다.</Text>
	<Text name="msg_security_setting">보안 설정</Text>
	<Text name="msg_security_setting_explanation">보호자에 의한 제한에 관한 설정입니다.</Text>
	<Text name="msg_remoteplay_setting">리모트 플레이 설정</Text>
	<Text name="msg_remoteplay_setting_explanation">리모트 플레이에 관한 설정입니다. 리모트 플레이는 리모트 플레이에 대응하는 기기(PS Vita 및 PSP™ 등)에서 네트워크를 경유하여 본 기기를 원격조작하는 기능입니다.</Text>
	<Text name="msg_net_setting">네트워크 설정</Text>
	<Text name="msg_net_setting_explanation">인터넷 접속에 관한 설정입니다.</Text>
	<Text name="msg_photo_setting">사진 설정</Text>
	<Text name="msg_tool_string_viewer">String Viewer</Text>
	<Text name="msg_tool_install_file"><![CDATA[★ Install Package Files]]></Text>
	<Text name="msg_tool_debug_settings"><![CDATA[★ Debug Settings]]></Text>
</TextLang>
