﻿<?xml version="1.0" encoding="utf-8"?>
<!-- This XML was generated by Rcomage v1.1.1 -->
<TextLang>
	<Text name="msg_setting">Innstillinger</Text>
	<Text name="msg_photo">Foto</Text>
	<Text name="msg_music">Musikk</Text>
	<Text name="msg_video">Video</Text>
	<Text name="msg_game">Spill</Text>
	<Text name="msg_net">Nettverk</Text>
	<Text name="msg_friend">Venner</Text>
	<Text name="msg_user">Brukere</Text>
	<Text name="msg_error">Det har oppstått en feil.</Text>
	<Text name="msg_error_hdd_no_access">Adgang til systemminnet er ikke mulig.</Text>
	<Text name="msg_update">Systemoppdatering</Text>
	<Text name="msg_update_explanation">Oppdaterer systemprogramvaren på dette systemet.</Text>
	<Text name="msg_edyviewer">Edy Viewer</Text>
	<Text name="msg_edyviewer_explanation"></Text>
	<Text name="msg_game_setting">Spillinnstillinger</Text>
	<Text name="msg_game_setting_explanation">Justerer spillinnstillinger.</Text>
	<Text name="msg_video_setting">Videoinnstillinger</Text>
	<Text name="msg_video_setting_explanation">Justerer videoinnstillinger.</Text>
	<Text name="msg_music_setting">Musikkinnstilling</Text>
	<Text name="msg_music_setting_explanation">Justerer musikkinnstillinger.</Text>
	<Text name="msg_chat_setting">Chatinnstilling</Text>
	<Text name="msg_chat_setting_explanation">Justerer chatinnstillinger.</Text>
	<Text name="msg_console_setting">Systeminnstillinger</Text>
	<Text name="msg_console_setting_explanation">Justerer innstillinger for dette PS3™-systemet.</Text>
	<Text name="msg_theme_settings">Tema Innstillinger</Text>
	<Text name="msg_theme_settings_explanation">Justerer innstillinger for hvordan XMB™-skjermen vises.</Text>
	<Text name="msg_datetime_setting">Dato- og tidsinnstilling</Text>
	<Text name="msg_datetime_setting_explanation">Justerer innstillinger for dato og klokkeslett.</Text>
	<Text name="msg_power_saving_setting">Strømsparingsinnstillinger</Text>
	<Text name="msg_power_saving_setting_explanation">Justerer innstillinger for å redusere systemets strømforbruk.</Text>
	<Text name="msg_pd_setting">Tilbehørinnstilling</Text>
	<Text name="msg_pd_setting_explanation">Justerer innstillinger for tilbehør som er koblet til dette systemet.</Text>
	<Text name="msg_printer_settings">Skriverinnstillinger</Text>
	<Text name="msg_printer_settings_explanation">Justerer innstillinger for skrivere som er koblet til dette systemet.</Text>
	<Text name="msg_display_setting">Skjerminnstilling</Text>
	<Text name="msg_display_setting_explanation">Justerer innstillinger for video utdata.</Text>
	<Text name="msg_sound_setting">Lydinnstilling</Text>
	<Text name="msg_sound_setting_explanation">Justerer innstillinger for audio utdata.</Text>
	<Text name="msg_security_setting">Sikkerhetsinnstilling</Text>
	<Text name="msg_security_setting_explanation">Justerer foreldrekontrollinnstillinger.</Text>
	<Text name="msg_remoteplay_setting">Innstillinger for avstandsspilling</Text>
	<Text name="msg_remoteplay_setting_explanation">Justerer innstillinger for avstandsspill. Med avstandsspill kan du bruke en enhet som støtter avstandsspillfunksjonen (f.eks. et PS Vita- eller et PSP™-system), til å styre systemet på et nettverk.</Text>
	<Text name="msg_net_setting">Nettverksinnstillinger</Text>
	<Text name="msg_net_setting_explanation">Justerer innstillinger for Internettforbindelsen.</Text>
	<Text name="msg_photo_setting">Fotoinnstilling</Text>
	<Text name="msg_tool_string_viewer">String Viewer</Text>
	<Text name="msg_tool_install_file"><![CDATA[★ Install Package Files]]></Text>
	<Text name="msg_tool_debug_settings"><![CDATA[★ Debug Settings]]></Text>
</TextLang>
