﻿<?xml version="1.0" encoding="utf-8"?>
<!-- This XML was generated by Rcomage v1.1.1 -->
<TextLang>
	<Text name="msg_setting">Definições</Text>
	<Text name="msg_photo">Fotografia</Text>
	<Text name="msg_music">Música</Text>
	<Text name="msg_video">Vídeo</Text>
	<Text name="msg_game">Jogo</Text>
	<Text name="msg_net">Rede</Text>
	<Text name="msg_friend">Amigos</Text>
	<Text name="msg_user">Utilizadores</Text>
	<Text name="msg_error">Ocorreu um erro.</Text>
	<Text name="msg_error_hdd_no_access">Não é possível aceder ao armazenamento do sistema.</Text>
	<Text name="msg_update">Actualização do sistema</Text>
	<Text name="msg_update_explanation">Actualiza o software de sistema neste sistema.</Text>
	<Text name="msg_edyviewer">Edy Viewer</Text>
	<Text name="msg_edyviewer_explanation"></Text>
	<Text name="msg_game_setting">Definições de jogo</Text>
	<Text name="msg_game_setting_explanation">Ajusta definições de jogos.</Text>
	<Text name="msg_video_setting">Definições de vídeo</Text>
	<Text name="msg_video_setting_explanation">Ajusta definições de vídeo.</Text>
	<Text name="msg_music_setting">Definições de música</Text>
	<Text name="msg_music_setting_explanation">Ajusta definições de música.</Text>
	<Text name="msg_chat_setting">Definições de conversação</Text>
	<Text name="msg_chat_setting_explanation">Ajusta definições de conversação.</Text>
	<Text name="msg_console_setting">Definições de sistema</Text>
	<Text name="msg_console_setting_explanation">Ajusta definições deste sistema PS3™.</Text>
	<Text name="msg_theme_settings">Definições de tema</Text>
	<Text name="msg_theme_settings_explanation">Ajusta definições relacionadas com o aspecto do ecrã XMB™.</Text>
	<Text name="msg_datetime_setting">Definições de data e hora</Text>
	<Text name="msg_datetime_setting_explanation">Ajusta definições de dia e hora.</Text>
	<Text name="msg_power_saving_setting">Definições de poupança de energia</Text>
	<Text name="msg_power_saving_setting_explanation">Ajusta definições para reduzir a utilização de energia por este sistema.</Text>
	<Text name="msg_pd_setting">Definições de acessórios</Text>
	<Text name="msg_pd_setting_explanation">Ajusta definições de acessórios ligados a este sistema.</Text>
	<Text name="msg_printer_settings">Definições da impressora</Text>
	<Text name="msg_printer_settings_explanation">Ajusta definições de impressoras ligadas a este sistema.</Text>
	<Text name="msg_display_setting">Definições de apresentação</Text>
	<Text name="msg_display_setting_explanation">Ajusta definições de saída de vídeo.</Text>
	<Text name="msg_sound_setting">Definições de som</Text>
	<Text name="msg_sound_setting_explanation">Ajusta definições de saída de áudio.</Text>
	<Text name="msg_security_setting">Definições de segurança</Text>
	<Text name="msg_security_setting_explanation">Ajusta definições de controlo parental.</Text>
	<Text name="msg_remoteplay_setting">Definições de reprodução remota</Text>
	<Text name="msg_remoteplay_setting_explanation">Ajusta definições de reprodução remota. A reprodução remota permite utilizar um dispositivo que suporte esta funcionalidade (como um sistema PS Vita ou PSP™) para utilizar este sistema numa rede.</Text>
	<Text name="msg_net_setting">Definições de rede</Text>
	<Text name="msg_net_setting_explanation">Ajusta definições da ligação à Internet.</Text>
	<Text name="msg_photo_setting">Definições de fotografia</Text>
	<Text name="msg_tool_string_viewer">String Viewer</Text>
	<Text name="msg_tool_install_file"><![CDATA[★ Install Package Files]]></Text>
	<Text name="msg_tool_debug_settings"><![CDATA[★ Debug Settings]]></Text>
</TextLang>
