﻿<?xml version="1.0" encoding="utf-8"?>
<!-- This XML was generated by Rcomage v1.1.1 -->
<TextLang>
	<Text name="msg_setting"><![CDATA[Настройки]]></Text>
	<Text name="msg_photo"><![CDATA[Фото]]></Text>
	<Text name="msg_music">Музыка</Text>
	<Text name="msg_video"><![CDATA[Видео]]></Text>
	<Text name="msg_game">Игра</Text>
	<Text name="msg_net">Сеть</Text>
	<Text name="msg_friend">Друзья</Text>
	<Text name="msg_user"><![CDATA[Пользователи]]></Text>
	<Text name="msg_error"><![CDATA[Произошла ошибка.]]></Text>
	<Text name="msg_error_hdd_no_access"><![CDATA[Доступ к системному накопителю не может быть получен.]]></Text>
	<Text name="msg_update"><![CDATA[Обновление системы]]></Text>
	<Text name="msg_update_explanation"><![CDATA[Обновляет системное программное обеспечение на этой системе.]]></Text>
	<Text name="msg_edyviewer">Edy Viewer</Text>
	<Text name="msg_edyviewer_explanation"></Text>
	<Text name="msg_game_setting"><![CDATA[Настройки игры]]></Text>
	<Text name="msg_game_setting_explanation"><![CDATA[Изменяет настройки игр.]]></Text>
	<Text name="msg_video_setting"><![CDATA[Настройки видео]]></Text>
	<Text name="msg_video_setting_explanation"><![CDATA[Изменяет настройки видео.]]></Text>
	<Text name="msg_music_setting"><![CDATA[Настройки музыки]]></Text>
	<Text name="msg_music_setting_explanation"><![CDATA[Изменяет настройки музыки.]]></Text>
	<Text name="msg_chat_setting"><![CDATA[Настройки чата]]></Text>
	<Text name="msg_chat_setting_explanation"><![CDATA[Изменяет настройки чата.]]></Text>
	<Text name="msg_console_setting"><![CDATA[Настройки системы]]></Text>
	<Text name="msg_console_setting_explanation"><![CDATA[Изменяет настройки этой системы PS3™.]]></Text>
	<Text name="msg_theme_settings"><![CDATA[Настройки темы]]></Text>
	<Text name="msg_theme_settings_explanation"><![CDATA[Изменяет настройки, связанные с внешним видом экрана XMB™.]]></Text>
	<Text name="msg_datetime_setting"><![CDATA[Настройки даты и времени]]></Text>
	<Text name="msg_datetime_setting_explanation"><![CDATA[Изменяет настройки даты и времени.]]></Text>
	<Text name="msg_power_saving_setting"><![CDATA[Настройки энергосбережения]]></Text>
	<Text name="msg_power_saving_setting_explanation"><![CDATA[Изменяет настройки энергосбережения для этой системы.]]></Text>
	<Text name="msg_pd_setting"><![CDATA[Настройки дополнительных устройств]]></Text>
	<Text name="msg_pd_setting_explanation"><![CDATA[Изменяет настройки дополнительных устройств, подключенных к этой системе.]]></Text>
	<Text name="msg_printer_settings"><![CDATA[Настройки принтера]]></Text>
	<Text name="msg_printer_settings_explanation"><![CDATA[Изменяет настройки принтеров, подключенных к этой системе.]]></Text>
	<Text name="msg_display_setting"><![CDATA[Настройки экрана]]></Text>
	<Text name="msg_display_setting_explanation"><![CDATA[Изменяет настройки вывода видео.]]></Text>
	<Text name="msg_sound_setting"><![CDATA[Настройки звука]]></Text>
	<Text name="msg_sound_setting_explanation"><![CDATA[Изменяет настройки вывода аудио.]]></Text>
	<Text name="msg_security_setting"><![CDATA[Настройки безопасности]]></Text>
	<Text name="msg_security_setting_explanation"><![CDATA[Изменяет настройки родительского контроля.]]></Text>
	<Text name="msg_remoteplay_setting"><![CDATA[Настройки дистанционного воспроизведения]]></Text>
	<Text name="msg_remoteplay_setting_explanation"><![CDATA[Изменяет настройки дистанционного воспроизведения. Дистанционное воспроизведение позволяет устройству, поддерживающему эту функцию (например, системе PS Vita или системе PSP™), управлять данной системой по сети.]]></Text>
	<Text name="msg_net_setting"><![CDATA[Настройки сети]]></Text>
	<Text name="msg_net_setting_explanation"><![CDATA[Изменяет настройки соединения с Интернетом.]]></Text>
	<Text name="msg_photo_setting"><![CDATA[Настройки фото]]></Text>
	<Text name="msg_tool_string_viewer">String Viewer</Text>
	<Text name="msg_tool_install_file"><![CDATA[★ Install Package Files]]></Text>
	<Text name="msg_tool_debug_settings"><![CDATA[★ Debug Settings]]></Text>
</TextLang>
