﻿<?xml version="1.0" encoding="utf-8"?>
<!-- This XML was generated by Rcomage v1.1.1 -->
<TextLang>
	<Text name="msg_setting">Ajustes</Text>
	<Text name="msg_photo">Foto</Text>
	<Text name="msg_music">Música</Text>
	<Text name="msg_video">Vídeo</Text>
	<Text name="msg_game">Juego</Text>
	<Text name="msg_net">Red</Text>
	<Text name="msg_friend">Amigos</Text>
	<Text name="msg_user">Usuarios</Text>
	<Text name="msg_error">Se ha producido un error.</Text>
	<Text name="msg_error_hdd_no_access">Imposible acceder al almacenamiento del sistema.</Text>
	<Text name="msg_update">Actualización del sistema</Text>
	<Text name="msg_update_explanation">Actualiza el software del sistema de este sistema.</Text>
	<Text name="msg_edyviewer">Edy Viewer</Text>
	<Text name="msg_edyviewer_explanation"></Text>
	<Text name="msg_game_setting">Ajustes de juego</Text>
	<Text name="msg_game_setting_explanation">Configura los ajustes de los juegos.</Text>
	<Text name="msg_video_setting">Ajustes de vídeo</Text>
	<Text name="msg_video_setting_explanation">Configura los ajustes de vídeo.</Text>
	<Text name="msg_music_setting">Ajustes de música</Text>
	<Text name="msg_music_setting_explanation">Configura los ajustes de música.</Text>
	<Text name="msg_chat_setting">Ajustes de chat</Text>
	<Text name="msg_chat_setting_explanation">Configura los ajustes de chat.</Text>
	<Text name="msg_console_setting">Ajustes del sistema</Text>
	<Text name="msg_console_setting_explanation">Configura los ajustes de este sistema PS3™.</Text>
	<Text name="msg_theme_settings">Ajustes de tema</Text>
	<Text name="msg_theme_settings_explanation">Configura los ajustes relacionados al aspecto de la pantalla XMB™.</Text>
	<Text name="msg_datetime_setting">Ajustes de fecha y hora</Text>
	<Text name="msg_datetime_setting_explanation">Configura los ajustes de fecha y hora.</Text>
	<Text name="msg_power_saving_setting">Ajustes de ahorro de energía</Text>
	<Text name="msg_power_saving_setting_explanation">Configura los ajustes para reducir el consumo de energía en este sistema.</Text>
	<Text name="msg_pd_setting">Ajustes de accesorios</Text>
	<Text name="msg_pd_setting_explanation">Configura los ajustes para accesorios conectados a este sistema.</Text>
	<Text name="msg_printer_settings">Ajustes de impresora</Text>
	<Text name="msg_printer_settings_explanation">Configura los ajustes para impresoras conectadas a este sistema.</Text>
	<Text name="msg_display_setting">Ajustes de pantalla</Text>
	<Text name="msg_display_setting_explanation">Configura los ajustes para la salida de vídeo.</Text>
	<Text name="msg_sound_setting">Ajustes de sonido</Text>
	<Text name="msg_sound_setting_explanation">Configura los ajustes para la salida de audio.</Text>
	<Text name="msg_security_setting">Ajustes de seguridad</Text>
	<Text name="msg_security_setting_explanation">Configura los ajustes de control paterno.</Text>
	<Text name="msg_remoteplay_setting">Ajustes de uso a distancia</Text>
	<Text name="msg_remoteplay_setting_explanation">Configura los ajustes de uso a distancia. Uso a distancia permite usar un dispositivo compatible con la función de uso a distancia (como un sistema PS Vita o PSP™) para usar este sistema en red.</Text>
	<Text name="msg_net_setting">Ajustes de red</Text>
	<Text name="msg_net_setting_explanation">Configura los ajustes para la conexión a Internet.</Text>
	<Text name="msg_photo_setting">Ajustes de foto</Text>
	<Text name="msg_tool_string_viewer">String Viewer</Text>
	<Text name="msg_tool_install_file"><![CDATA[★ Install Package Files]]></Text>
	<Text name="msg_tool_debug_settings"><![CDATA[★ Debug Settings]]></Text>
</TextLang>
