﻿<?xml version="1.0" encoding="utf-8"?>
<!-- This XML was generated by Rcomage v1.1.1 -->
<TextLang>
	<Text name="msg_setting">Inställningar</Text>
	<Text name="msg_photo">Foto</Text>
	<Text name="msg_music">Musik</Text>
	<Text name="msg_video">Video</Text>
	<Text name="msg_game">Spel</Text>
	<Text name="msg_net">Nätverk</Text>
	<Text name="msg_friend">Vänner</Text>
	<Text name="msg_user">Användare</Text>
	<Text name="msg_error">Ett fel har inträffat.</Text>
	<Text name="msg_error_hdd_no_access">Det går inte att komma åt lagringsminnet.</Text>
	<Text name="msg_update">Systemuppdatering</Text>
	<Text name="msg_update_explanation">Uppdaterar systemprogramvaran på det här systemet.</Text>
	<Text name="msg_edyviewer">Edy Viewer</Text>
	<Text name="msg_edyviewer_explanation"></Text>
	<Text name="msg_game_setting">Spelinställningar</Text>
	<Text name="msg_game_setting_explanation">Justerar spelinställningar.</Text>
	<Text name="msg_video_setting">Videoinställningar</Text>
	<Text name="msg_video_setting_explanation">Justerar videoinställningar.</Text>
	<Text name="msg_music_setting">Musikinställningar</Text>
	<Text name="msg_music_setting_explanation">Justerar musikinställningar.</Text>
	<Text name="msg_chat_setting">Chattinställningar</Text>
	<Text name="msg_chat_setting_explanation">Justerar chattinställningar.</Text>
	<Text name="msg_console_setting">Systeminställningar</Text>
	<Text name="msg_console_setting_explanation">Justerar inställningarna för det här PS3™-systemet.</Text>
	<Text name="msg_theme_settings">Temainställningar</Text>
	<Text name="msg_theme_settings_explanation">Justerar inställningarna för utseendet på XMB™-skärmen.</Text>
	<Text name="msg_datetime_setting">Inställningar för datum och tid</Text>
	<Text name="msg_datetime_setting_explanation">Justerar inställningarna för datum och tid.</Text>
	<Text name="msg_power_saving_setting">Energisparinställningar</Text>
	<Text name="msg_power_saving_setting_explanation">Justera inställningarna för att minska det här systemets energiförbrukning.</Text>
	<Text name="msg_pd_setting">Tillbehörsinställningar</Text>
	<Text name="msg_pd_setting_explanation">Justerar inställningarna för tillbehör som är anslutna till det här systemet.</Text>
	<Text name="msg_printer_settings">Skrivarinställningar</Text>
	<Text name="msg_printer_settings_explanation">Justerar inställningarna för skrivare som är anslutna till det här systemet.</Text>
	<Text name="msg_display_setting">Skärminställningar</Text>
	<Text name="msg_display_setting_explanation">Justerar inställningarna för videoutdata.</Text>
	<Text name="msg_sound_setting">Ljudinställningar</Text>
	<Text name="msg_sound_setting_explanation">Ljusterar inställningarna för ljudutdata.</Text>
	<Text name="msg_security_setting">Säkerhetsinställningar</Text>
	<Text name="msg_security_setting_explanation">Justerar föräldrakontrollsinställningar.</Text>
	<Text name="msg_remoteplay_setting">Inställningar för fjärrspel</Text>
	<Text name="msg_remoteplay_setting_explanation">Justerar inställningarna för fjärrspel. Med fjärrspel kan du använda en enhet som stöder fjärrspelsfunktionen (t.ex. ett PS Vita- eller ett PSP™-system) för att använda det här systemet via ett nätverk.</Text>
	<Text name="msg_net_setting">Nätverksinställningar</Text>
	<Text name="msg_net_setting_explanation">Justerar inställningarna för Internetanslutningen.</Text>
	<Text name="msg_photo_setting">Fotoinställningar</Text>
	<Text name="msg_tool_string_viewer">String Viewer</Text>
	<Text name="msg_tool_install_file"><![CDATA[★ Install Package Files]]></Text>
	<Text name="msg_tool_debug_settings"><![CDATA[★ Debug Settings]]></Text>
</TextLang>
