﻿<?xml version="1.0" encoding="utf-8"?>
<!-- This XML was generated by Rcomage v1.1.1 -->
<TextLang>
	<Text name="msg_setting">Ayarlar</Text>
	<Text name="msg_photo">Fotoğraf</Text>
	<Text name="msg_music">Müzik</Text>
	<Text name="msg_video">Video</Text>
	<Text name="msg_game">Oyun</Text>
	<Text name="msg_net">Ağ</Text>
	<Text name="msg_friend">Arkadaşlar</Text>
	<Text name="msg_user">Kullanıcılar</Text>
	<Text name="msg_error">Bir hata oluştu.</Text>
	<Text name="msg_error_hdd_no_access">Sistem depolama alanına erişilemiyor.</Text>
	<Text name="msg_update">Sistem Güncelleme</Text>
	<Text name="msg_update_explanation">Bu sistemdeki sistem yazılımını günceller.</Text>
	<Text name="msg_edyviewer">Edy Viewer</Text>
	<Text name="msg_edyviewer_explanation"></Text>
	<Text name="msg_game_setting">Oyun Ayarları</Text>
	<Text name="msg_game_setting_explanation">Oyun ayarlarını yapılandırır.</Text>
	<Text name="msg_video_setting">Video Ayarları</Text>
	<Text name="msg_video_setting_explanation">Video ayarlarını yapılandırır.</Text>
	<Text name="msg_music_setting">Müzik Ayarları</Text>
	<Text name="msg_music_setting_explanation">Müzik ayarlarını yapılandırır.</Text>
	<Text name="msg_chat_setting">Sohbet Ayarları</Text>
	<Text name="msg_chat_setting_explanation">Sohbet ayarlarını yapılandırır.</Text>
	<Text name="msg_console_setting">Sistem Ayarları</Text>
	<Text name="msg_console_setting_explanation">Bu PS3™ sisteminin ayarlarını yapılandırır.</Text>
	<Text name="msg_theme_settings">Tema Ayarları</Text>
	<Text name="msg_theme_settings_explanation">XMB™ ekranının görünüm ayarlarını yapılandırır.</Text>
	<Text name="msg_datetime_setting">Tarih ve Saat Ayarları</Text>
	<Text name="msg_datetime_setting_explanation">Tarih ve saat ayarlarını yapılandırır.</Text>
	<Text name="msg_power_saving_setting">Güç Tasarrufu Ayarları</Text>
	<Text name="msg_power_saving_setting_explanation">Sistemdeki güç kullanımını azaltacak ayarları yapılandırır.</Text>
	<Text name="msg_pd_setting">Aksesuar Ayarları</Text>
	<Text name="msg_pd_setting_explanation">Sisteme bağlı aksesuarların ayarlarını yapılandırır.</Text>
	<Text name="msg_printer_settings">Yazıcı Ayarları</Text>
	<Text name="msg_printer_settings_explanation">Sisteme bağlı yazıcıların ayarlarını yapılandırır.</Text>
	<Text name="msg_display_setting">Ekran Ayarları</Text>
	<Text name="msg_display_setting_explanation">Video çıkışı ayarlarını yapılandırır.</Text>
	<Text name="msg_sound_setting">Ses Ayarları</Text>
	<Text name="msg_sound_setting_explanation">Ses çıkışı ayarlarını düzenler.</Text>
	<Text name="msg_security_setting">Güvenlik Ayarları</Text>
	<Text name="msg_security_setting_explanation">Ebeveyn kontrolü ayarlarını yapılandırır.</Text>
	<Text name="msg_remoteplay_setting">Uzaktan Oynatma Ayarları</Text>
	<Text name="msg_remoteplay_setting_explanation">Uzaktan oynatma ayarlarını yapılandırır. Uzaktan oynatma, sistemi bir ağ üzerinden çalıştırmak için uzaktan oynatmayı destekleyen (PS Vita veya PSP™ sistemi gibi) bir cihazı kullanmanıza olanak tanır.</Text>
	<Text name="msg_net_setting">Ağ Ayarları</Text>
	<Text name="msg_net_setting_explanation">İnternet bağlantısı ayarlarını yapılandırır.</Text>
	<Text name="msg_photo_setting">Fotoğraf Ayarları</Text>
	<Text name="msg_tool_string_viewer">String Viewer</Text>
	<Text name="msg_tool_install_file"><![CDATA[★ Install Package Files]]></Text>
	<Text name="msg_tool_debug_settings"><![CDATA[★ Debug Settings]]></Text>
</TextLang>
