﻿<?xml version="1.0" encoding="utf-8"?>
<!-- This XML was generated by Rcomage v1.1.1 -->
<TextLang>
	<Text name="msg_setting">Ustawienia</Text>
	<Text name="msg_photo">Zdjęcia</Text>
	<Text name="msg_music">Muzyka</Text>
	<Text name="msg_video">Wideo</Text>
	<Text name="msg_game">Gra</Text>
	<Text name="msg_net">Sieć</Text>
	<Text name="msg_friend">Znajomi</Text>
	<Text name="msg_user">Użytkownicy</Text>
	<Text name="msg_error">Wystąpił błąd.</Text>
	<Text name="msg_error_hdd_no_access">Nie można uzyskać dostępu do pamięci masowej systemu.</Text>
	<Text name="msg_update">Aktualizacja systemu</Text>
	<Text name="msg_update_explanation">Aktualizuje oprogramowanie tego systemu.</Text>
	<Text name="msg_edyviewer">Edy Viewer</Text>
	<Text name="msg_edyviewer_explanation"></Text>
	<Text name="msg_game_setting">Ustawienia gry</Text>
	<Text name="msg_game_setting_explanation">Dostosowuje ustawienia gier.</Text>
	<Text name="msg_video_setting">Ustawienia wideo</Text>
	<Text name="msg_video_setting_explanation">Dostosowuje ustawienia wideo.</Text>
	<Text name="msg_music_setting">Ustawienia muzyki</Text>
	<Text name="msg_music_setting_explanation">Dostosowuje ustawienia muzyki.</Text>
	<Text name="msg_chat_setting">Ustawienia czatu</Text>
	<Text name="msg_chat_setting_explanation">Dostosowuje ustawienia czatu.</Text>
	<Text name="msg_console_setting">Ustawienia systemu</Text>
	<Text name="msg_console_setting_explanation">Dostosowuje ustawienia systemu PS3™.</Text>
	<Text name="msg_theme_settings">Ustawienia motywu</Text>
	<Text name="msg_theme_settings_explanation">Dostosowuje ustawienia dotyczące wyglądu na ekranie XMB™.</Text>
	<Text name="msg_datetime_setting">Ustawienia daty i godziny</Text>
	<Text name="msg_datetime_setting_explanation">Dostosowuje ustawienia daty i godziny.</Text>
	<Text name="msg_power_saving_setting">Ustawienia oszczędzania energii</Text>
	<Text name="msg_power_saving_setting_explanation">Dostosowuje ustawienia oszczędzania energii przez ten system.</Text>
	<Text name="msg_pd_setting">Ustawienia akcesoriów</Text>
	<Text name="msg_pd_setting_explanation">Dostosowuje ustawienia dotyczące akcesoriów podłączonych do tego systemu.</Text>
	<Text name="msg_printer_settings">Ustawienia drukarki</Text>
	<Text name="msg_printer_settings_explanation">Dostosowuje ustawienia drukarek podłączonych do tego systemu.</Text>
	<Text name="msg_display_setting">Ustawienia wyświetlania</Text>
	<Text name="msg_display_setting_explanation">Dostosowuje ustawienia wyświetlania obrazu.</Text>
	<Text name="msg_sound_setting">Ustawienia dźwięku</Text>
	<Text name="msg_sound_setting_explanation">Dostosowuje ustawienia odtwarzania dźwięku.</Text>
	<Text name="msg_security_setting">Ustawienia zabezpieczeń</Text>
	<Text name="msg_security_setting_explanation">Dostosowuje ustawienia kontroli rodzicielskiej.</Text>
	<Text name="msg_remoteplay_setting">Ustawienia gry zdalnej</Text>
	<Text name="msg_remoteplay_setting_explanation">Dostosowuje ustawienia gry zdalnej. Funkcja gry zdalnej umożliwia użycie urządzenia, które ją obsługuje (np. system PS Vita lub PSP™) do obsługi tego systemu przez sieć.</Text>
	<Text name="msg_net_setting">Ustawienia sieci</Text>
	<Text name="msg_net_setting_explanation">Dostosowuje ustawienia połączenia internetowego.</Text>
	<Text name="msg_photo_setting">Ustawienia zdjęć</Text>
	<Text name="msg_tool_string_viewer">String Viewer</Text>
	<Text name="msg_tool_install_file"><![CDATA[★ Install Package Files]]></Text>
	<Text name="msg_tool_debug_settings"><![CDATA[★ Debug Settings]]></Text>
</TextLang>
