﻿<?xml version="1.0" encoding="utf-8"?>
<!-- This XML was generated by Rcomage v1.1.1 -->
<TextLang>
	<Text name="msg_setting">Configurações</Text>
	<Text name="msg_photo">Foto</Text>
	<Text name="msg_music">Música</Text>
	<Text name="msg_video">Vídeo</Text>
	<Text name="msg_game">Jogo</Text>
	<Text name="msg_net">Rede</Text>
	<Text name="msg_friend">Amigos</Text>
	<Text name="msg_user">Usuários</Text>
	<Text name="msg_error">Ocorreu um erro.</Text>
	<Text name="msg_error_hdd_no_access">Não é possível acessar o armazenamento do sistema.</Text>
	<Text name="msg_update">Atualização do sistema</Text>
	<Text name="msg_update_explanation">Atualiza o software deste sistema.</Text>
	<Text name="msg_edyviewer">Edy Viewer</Text>
	<Text name="msg_edyviewer_explanation"></Text>
	<Text name="msg_game_setting">Configurações de jogo</Text>
	<Text name="msg_game_setting_explanation">Ajusta as configurações dos jogos.</Text>
	<Text name="msg_video_setting">Configurações de vídeo</Text>
	<Text name="msg_video_setting_explanation">Ajusta as configurações de vídeo.</Text>
	<Text name="msg_music_setting">Configurações de música</Text>
	<Text name="msg_music_setting_explanation">Ajusta as configurações de música.</Text>
	<Text name="msg_chat_setting">Configurações de bate-papo</Text>
	<Text name="msg_chat_setting_explanation">Ajusta as configurações de bate-papo.</Text>
	<Text name="msg_console_setting">Configurações do sistema</Text>
	<Text name="msg_console_setting_explanation">Ajusta as configurações deste sistema PS3™.</Text>
	<Text name="msg_theme_settings">Configurações de tema</Text>
	<Text name="msg_theme_settings_explanation">Ajusta configurações referentes à aparência da tela XMB™.</Text>
	<Text name="msg_datetime_setting">Configurações de data e hora</Text>
	<Text name="msg_datetime_setting_explanation">Ajusta as configurações de data e hora.</Text>
	<Text name="msg_power_saving_setting">Configurações de economia de energia</Text>
	<Text name="msg_power_saving_setting_explanation">Ajusta configurações para reduzir o consumo de energia do sistema.</Text>
	<Text name="msg_pd_setting">Configurações de acessórios</Text>
	<Text name="msg_pd_setting_explanation">Ajusta configurações para os acessórios conectados a este sistema.</Text>
	<Text name="msg_printer_settings">Configurações de impressora</Text>
	<Text name="msg_printer_settings_explanation">Ajusta configurações para as impressoras conectadas a este sistema.</Text>
	<Text name="msg_display_setting">Configurações de exibição</Text>
	<Text name="msg_display_setting_explanation">Ajusta as configurações de saída de vídeo.</Text>
	<Text name="msg_sound_setting">Configurações de som</Text>
	<Text name="msg_sound_setting_explanation">Ajusta as configurações de saída de áudio.</Text>
	<Text name="msg_security_setting">Configurações de segurança</Text>
	<Text name="msg_security_setting_explanation">Ajusta as configurações de controle parental.</Text>
	<Text name="msg_remoteplay_setting">Configurações de uso remoto</Text>
	<Text name="msg_remoteplay_setting_explanation">Ajusta configurações para uso remoto. Com o recurso de uso remoto, você pode utilizar um dispositivo que aceite uso remoto (como um sistema PS Vita ou PSP™) para operar este sistema em uma rede.</Text>
	<Text name="msg_net_setting">Configurações de rede</Text>
	<Text name="msg_net_setting_explanation">Ajusta as configurações de conexão à Internet.</Text>
	<Text name="msg_photo_setting">Configurações de foto</Text>
	<Text name="msg_tool_string_viewer">String Viewer</Text>
	<Text name="msg_tool_install_file"><![CDATA[★ Install Package Files]]></Text>
	<Text name="msg_tool_debug_settings"><![CDATA[★ Debug Settings]]></Text>
</TextLang>
