﻿<?xml version="1.0" encoding="utf-8"?>
<!-- This XML was generated by Rcomage v1.1.1 -->
<TextLang>
	<Text name="msg_psmove_notice">PlayStation®Move使用時的注意事項</Text>
	<Text name="msg_when_use_content_on_vita_hint">若要在PS Vita使用此內容，請啟動PS Vita的[內容管理]，將內容複製至PS Vita。</Text>
	<Text name="msg_size">檔案大小</Text>
	<Text name="msg_setting">設定</Text>
	<Text name="msg_photo">相片</Text>
	<Text name="msg_music">音樂</Text>
	<Text name="msg_video">影像</Text>
	<Text name="msg_game">遊戲</Text>
	<Text name="msg_net">網路</Text>
	<Text name="msg_friend">好友</Text>
	<Text name="msg_user">使用者</Text>
	<Text name="msg_login">登入</Text>
	<Text name="msg_tv">電視機</Text>
	<Text name="msg_tv_video_service">電視/ 影像服務</Text>
	<Text name="msg_psn">PSN</Text>
	<Text name="msg_power_off_console2">關閉主機電源</Text>
	<Text name="msg_photo_gallery">Photo Gallery</Text>
	<Text name="msg_untitled">未設定</Text>
	<Text name="msg_new_vmc">新建內置記憶卡</Text>
	<Text name="msg_signup">登入</Text>
	<Text name="msg_playstation_home">PlayStation®Home</Text>
	<Text name="msg_start_new_chat2">新增聊天室</Text>
	<Text name="msg_ms">Memory Stick™</Text>
	<Text name="msg_sd">SD Memory Card</Text>
	<Text name="msg_cf">CompactFlash®</Text>
	<Text name="msg_bd_rom">BD-ROM</Text>
	<Text name="msg_bd_r">BD-R</Text>
	<Text name="msg_bd_re">BD-RE</Text>
	<Text name="msg_dvdr">DVD-R</Text>
	<Text name="msg_dvdplusr">DVD+R</Text>
	<Text name="msg_dvdrw">DVD-RW</Text>
	<Text name="msg_dvdplusrw">DVD+RW</Text>
	<Text name="msg_dvdrom">DVD-ROM</Text>
	<Text name="msg_dvdvideo">DVD Video</Text>
	<Text name="msg_dvdvr">DVD-VR</Text>
	<Text name="msg_dvdplusvr">DVD+VR</Text>
	<Text name="msg_avchd">AVCHD</Text>
	<Text name="msg_avcrec">AVCREC</Text>
	<Text name="msg_bdmv">BDMV</Text>
	<Text name="msg_bdav">BDAV</Text>
	<Text name="msg_cdaudio">音樂CD</Text>
	<Text name="msg_cddata">資料光碟</Text>
	<Text name="msg_sacd">Super Audio CD</Text>
	<Text name="msg_mc_ps1">記憶卡(PS)</Text>
	<Text name="msg_mc_ps2">記憶卡(PS2)</Text>
	<Text name="msg_disc">光碟</Text>
	<Text name="msg_dsd_disc">DSD光碟</Text>
	<Text name="msg_psp">PSP™ (PlayStation®Portable)</Text>
	<Text name="msg_psp_bracket">PSP™ (PlayStation®Portable) %1</Text>
	<Text name="msg_vita_abbreviated">PS Vita</Text>
	<Text name="msg_psp_name">暱稱</Text>
	<Text name="msg_usb">USB裝置</Text>
	<Text name="msg_usb_id">USB裝置（%1）</Text>
	<Text name="msg_digitalcamera">數碼（數位）相機</Text>
	<Text name="msg_digitalcamera_id">數碼（數位）相機（%1）</Text>
	<Text name="msg_walkman">ATRAC Audio Device</Text>
	<Text name="msg_walkman_id">ATRAC Audio Device (%1)</Text>
	<Text name="msg_cancel">中止</Text>
	<Text name="msg_ok">OK</Text>
	<Text name="msg_fix">確定</Text>
	<Text name="msg_yes">是</Text>
	<Text name="msg_no"><![CDATA[否]]></Text>
	<Text name="msg_on">開</Text>
	<Text name="msg_off">關</Text>
	<Text name="msg_nrml">標準</Text>
	<Text name="msg_normal">標準</Text>
	<Text name="msg_plus1">+1</Text>
	<Text name="msg_plus2">+2</Text>
	<Text name="msg_plus3">+3</Text>
	<Text name="msg_plus4">+4</Text>
	<Text name="msg_minus1">-1</Text>
	<Text name="msg_minus2">-2</Text>
	<Text name="msg_minus3">-3</Text>
	<Text name="msg_minus4">-4</Text>
	<Text name="msg_1">1</Text>
	<Text name="msg_2">2</Text>
	<Text name="msg_3">3</Text>
	<Text name="msg_4">4</Text>
	<Text name="msg_5">5</Text>
	<Text name="msg_percent">%1 %%</Text>
	<Text name="msg_image_count_value">%1張</Text>
	<Text name="msg_images_count_value">%1張</Text>
	<Text name="msg_track_count_value">%1 曲</Text>
	<Text name="msg_tracks_count_value">%1 曲</Text>
	<Text name="msg_title_count_value">%1 標題</Text>
	<Text name="msg_titles_count_value">%1 標題</Text>
	<Text name="msg_savedata_count_value">%1個</Text>
	<Text name="msg_savedatas_count_value">%1個</Text>
	<Text name="msg_time_num1">%1:%2:%3</Text>
	<Text name="msg_time_num2">%1:%2'%3''</Text>
	<Text name="msg_time_num3">%1'%2''</Text>
	<Text name="msg_datetime_num1">%1/%2/%3  %4:%5</Text>
	<Text name="msg_am">AM</Text>
	<Text name="msg_pm">PM</Text>
	<Text name="msg_time_hour_num2">%1:%2'</Text>
	<Text name="msg_day_plural">%1天</Text>
	<Text name="msg_sort">排列</Text>
	<Text name="msg_importeddate_f">依輸入日排列▲</Text>
	<Text name="msg_importeddate_r">依輸入日排列▼</Text>
	<Text name="msg_shootdate_f">依拍攝日排列▲</Text>
	<Text name="msg_shootdate_r">依拍攝日排列▼</Text>
	<Text name="msg_sale_year_f">依發售年份▲</Text>
	<Text name="msg_sale_year_r">依發售年份▼</Text>
	<Text name="msg_created_date_time_f">依建立日排列▲</Text>
	<Text name="msg_created_date_time_r">依建立日排列▼</Text>
	<Text name="msg_updated_date_f">依更新日排列▲</Text>
	<Text name="msg_updated_date_r">依更新日排列▼</Text>
	<Text name="msg_format_f"><![CDATA[依格式排列]]></Text>
	<Text name="msg_imagename_f">依圖像名稱排列</Text>
	<Text name="msg_albumname_f">依專輯名稱排列</Text>
	<Text name="msg_genre_f">依類型排列</Text>
	<Text name="msg_artist_f">依演唱／演奏者排列</Text>
	<Text name="msg_track_f">依樂曲名稱排列</Text>
	<Text name="msg_title_f">依標題排列</Text>
	<Text name="msg_subtitle_f">依副標題排列</Text>
	<Text name="msg_start_date_f">依啟動日排列</Text>
	<Text name="msg_folder_class"><![CDATA[資料夾分類]]></Text>
	<Text name="msg_all">全選</Text>
	<Text name="msg_year_folder">依年份排列</Text>
	<Text name="msg_month_folder">依月份排列</Text>
	<Text name="msg_album_folder">依專輯排列</Text>
	<Text name="msg_genre_folder">依類型排列</Text>
	<Text name="msg_artist_folder">依演唱／演奏者排列</Text>
	<Text name="msg_sale_year_folder">依發售年份排列</Text>
	<Text name="msg_track_folder">依曲目排列</Text>
	<Text name="msg_title_folder">依標題排列</Text>
	<Text name="msg_format_folder"><![CDATA[依格式排列]]></Text>
	<Text name="msg_copy">複製</Text>
	<Text name="msg_copy_plural">選取複製</Text>
	<Text name="msg_del">刪除</Text>
	<Text name="msg_del_plural">選取刪除</Text>
	<Text name="msg_slideshow">幻燈片秀</Text>
	<Text name="msg_display_all">全部顯示</Text>
	<Text name="msg_cddbdata_get">取得CD資訊</Text>
	<Text name="msg_import">輸入</Text>
	<Text name="msg_titlelist">標題清單</Text>
	<Text name="msg_play"><![CDATA[播放]]></Text>
	<Text name="msg_play_begin"><![CDATA[從起始處開始播放]]></Text>
	<Text name="msg_smove">移動</Text>
	<Text name="msg_disc_eject">取出光碟</Text>
	<Text name="msg_info">資訊</Text>
	<Text name="msg_repeat">重複</Text>
	<Text name="msg_shuffle">隨機</Text>
	<Text name="msg_pause">暫停</Text>
	<Text name="msg_display">顯示</Text>
	<Text name="msg_volume_control">調整音量</Text>
	<Text name="msg_plus">+</Text>
	<Text name="msg_minus">-</Text>
	<Text name="msg_slideshow_with_icon">幻燈片秀 </Text>
	<Text name="msg_fix_with_icon">確定 </Text>
	<Text name="msg_folder_class_with_icon"><![CDATA[資料夾分類 ]]></Text>
	<Text name="msg_option_with_icon">：選項</Text>
	<Text name="msg_help_start">：啟動</Text>
	<Text name="msg_copy_psplus_with_icon">複製 </Text>
	<Text name="msg_copy_plural_psplus_with_icon">選取複製 </Text>
	<Text name="msg_savedata_auto_upload_psplus_with_icon">自動上傳保存資料 </Text>
	<Text name="msg_icon_start"></Text>
	<Text name="msg_info_none">-</Text>
	<Text name="msg_format"><![CDATA[格式]]></Text>
	<Text name="msg_space">可用容量</Text>
	<Text name="msg_shoot_date">拍攝日</Text>
	<Text name="msg_updated_date">最後更新日</Text>
	<Text name="msg_corrupted_data">毀損資料</Text>
	<Text name="msg_unsupported_data">不支援資料</Text>
	<Text name="msg_folder"><![CDATA[資料夾]]></Text>
	<Text name="msg_resolution">解析度</Text>
	<Text name="msg_multiply">%1 x %2</Text>
	<Text name="msg_image">圖像</Text>
	<Text name="msg_image_count">圖像總數</Text>
	<Text name="msg_camera">拍攝相機</Text>
	<Text name="msg_album">專輯</Text>
	<Text name="msg_genre">類型</Text>
	<Text name="msg_artist">演唱／演奏者</Text>
	<Text name="msg_imported_size">輸入後的檔案大小</Text>
	<Text name="msg_size_counting"><![CDATA[計算中……]]></Text>
	<Text name="msg_sale_year">發售年份</Text>
	<Text name="msg_play_time"><![CDATA[播放時間]]></Text>
	<Text name="msg_comment">摘要</Text>
	<Text name="msg_samplingfrequency">取樣頻率</Text>
	<Text name="msg_disc_number">光碟編號</Text>
	<Text name="msg_track_count">曲目總數</Text>
	<Text name="msg_track_number">曲目編號</Text>
	<Text name="msg_track">曲目</Text>
	<Text name="msg_bpm">BPM</Text>
	<Text name="msg_codec">Codec</Text>
	<Text name="msg_lastplay_datetime"><![CDATA[最近播放日]]></Text>
	<Text name="msg_ch">頻道</Text>
	<Text name="msg_various_artists">Various Artists</Text>
	<Text name="msg_imported_date">輸入日</Text>
	<Text name="msg_created_date">建立日</Text>
	<Text name="msg_start_date"><![CDATA[開始播放日]]></Text>
	<Text name="msg_expiration_date">有效期限</Text>
	<Text name="msg_remaining_time"><![CDATA[剩餘播放時間]]></Text>
	<Text name="msg_play_count"><![CDATA[播放次數]]></Text>
	<Text name="msg_file_number">檔案編號</Text>
	<Text name="msg_title">標題</Text>
	<Text name="msg_subtitle">副標題</Text>
	<Text name="msg_disc_type">光碟類型</Text>
	<Text name="msg_disc_protect">密碼鎖定</Text>
	<Text name="msg_title_count">標題總數</Text>
	<Text name="msg_video_codec">影像 Codec</Text>
	<Text name="msg_audio_codec">聲音 Codec</Text>
	<Text name="msg_file_type">檔案種類</Text>
	<Text name="msg_mediaserver">媒體伺服器</Text>
	<Text name="msg_dlna_date_time">日期與時間</Text>
	<Text name="msg_produced_date">製作日</Text>
	<Text name="msg_info_valid_from">有效期限開始日</Text>
	<Text name="msg_info_valid_to">有效期限終了日</Text>
	<Text name="msg_magicgate">MagicGate™</Text>
	<Text name="msg_mg_supported">支援</Text>
	<Text name="msg_mg_not_supported">不支援</Text>
	<Text name="msg_info_unknown">不明</Text>
	<Text name="msg_savedata_count">保存資料總計</Text>
	<Text name="msg_model">型式</Text>
	<Text name="msg_can_play_only_for_variable_hours"><![CDATA[（但僅能於首次播放後%1小時內播放。）]]></Text>
	<Text name="msg_can_play_only_for_variable_hours_game">（但僅能於首次啟動後%1分鐘內遊玩。）</Text>
	<Text name="msg_video_description">內容</Text>
	<Text name="msg_copyright">著作權資訊</Text>
	<Text name="msg_owner">購買者</Text>
	<Text name="msg_all_use_content_delete_cannot_use">購買者以外的使用者亦可利用此內容。但一旦被購買者刪除即無法繼續使用。</Text>
	<Text name="msg_need_save_psn_pw_other_owner_use_content">購買者以外的使用者亦可利用此內容，但需先將購買者的Sony Entertainment Network密碼保存至本主機。</Text>
	<Text name="msg_jpeg">JPEG</Text>
	<Text name="msg_gif">GIF</Text>
	<Text name="msg_png">PNG</Text>
	<Text name="msg_tiff">TIFF</Text>
	<Text name="msg_bmp">BMP</Text>
	<Text name="msg_mpo">MPO (MP Format)</Text>
	<Text name="msg_aac_kbps">AAC %1 kbps</Text>
	<Text name="msg_mp3_kpbs">MP3 %1 kbps</Text>
	<Text name="msg_atrac_kbps">ATRAC %1 kbps</Text>
	<Text name="msg_wma_kbps">WMA %1 kbps</Text>
	<Text name="msg_lpcm_bit_ch">Linear PCM  %1 bit  %2 ch</Text>
	<Text name="msg_non_lpcm">Non-linear PCM %1 kbps</Text>
	<Text name="msg_dsd_ch">DSD %1 ch</Text>
	<Text name="msg_dolby">Dolby Digital</Text>
	<Text name="msg_mpeg1">MPEG-1</Text>
	<Text name="msg_mpeg2">MPEG-2</Text>
	<Text name="msg_mpeg2_ts">MPEG-2 TS</Text>
	<Text name="msg_mpeg4">MPEG-4</Text>
	<Text name="msg_mpeg_layer1">MPEG Layer 1</Text>
	<Text name="msg_mpeg_layer2">MPEG Layer 2</Text>
	<Text name="msg_mpeg_layer3">MPEG Layer 3</Text>
	<Text name="msg_avc">AVC</Text>
	<Text name="msg_motion_jpeg">Motion JPEG</Text>
	<Text name="msg_divx">DivX®</Text>
	<Text name="msg_wmv">VC-1 (WMV)</Text>
	<Text name="msg_mpeg1_mbps">MPEG-1 %1 Mbps</Text>
	<Text name="msg_mpeg2_mbps">MPEG-2 %1 Mbps</Text>
	<Text name="msg_mpeg2_ts_mbps">MPEG-2 TS %1 Mbps</Text>
	<Text name="msg_mpeg4_mbps">MPEG-4 %1 Mbps</Text>
	<Text name="msg_avc_kbps">AVC %1 kbps</Text>
	<Text name="msg_khz">%1 kHz</Text>
	<Text name="msg_kbps">%1 kbps</Text>
	<Text name="msg_mbps">%1 Mbps</Text>
	<Text name="msg_ch_2">Ch 2</Text>
	<Text name="msg_multi_ch">Multi-Channel</Text>
	<Text name="msg_power_off_console">關閉主機電源</Text>
	<Text name="msg_turnoff_system_ask">確定要關閉主機電源嗎？</Text>
	<Text name="msg_after_background_download_auto_turn_off">底層下載完成後自動關閉電源</Text>
	<Text name="msg_slot_assign">指定插口</Text>
	<Text name="msg_slot1">插口1</Text>
	<Text name="msg_slot2">插口2</Text>
	<Text name="msg_eject">取出</Text>
	<Text name="msg_user_name">使用者名稱</Text>
	<Text name="msg_need_quit_to_operate_ask">若要執行這項操作，需先結束[%1]。
確定要結束嗎？</Text>
	<Text name="msg_error_hdd_full_perform_operation">主機儲存空間可用容量不足。
若要執行此項操作，需準備%1以上的可用容量。</Text>
	<Text name="msg_content_already_copied">本內容可能已經複製。</Text>
	<Text name="msg_save_newly">新建保存</Text>
	<Text name="msg_original_content">已存在之內容</Text>
	<Text name="msg_new_content">新內容</Text>
	<Text name="msg_save_destination_select">請選擇保存位置。</Text>
	<Text name="msg_error_no_storagemedia">請連接保存位置的儲存媒體。</Text>
	<Text name="msg_ps3_photo">主機儲存空間（相片）</Text>
	<Text name="msg_ps3_video">主機儲存空間（影像）</Text>
	<Text name="msg_ps3_music">主機儲存空間（音樂）</Text>
	<Text name="msg_folder_name"><![CDATA[資料夾名稱]]></Text>
	<Text name="msg_same_name_file">您選擇之保存位置已有相同名稱的檔案。</Text>
	<Text name="msg_different_name_save">另存新檔</Text>
	<Text name="msg_overwrite_save">覆寫保存</Text>
	<Text name="msg_save_no">不保存</Text>
	<Text name="msg_save_yes">保存</Text>
	<Text name="msg_apply_all">全部適用</Text>
	<Text name="msg_select_all">全選</Text>
	<Text name="msg_deselect_all">全解除</Text>
	<Text name="msg_copying"><![CDATA[複製中……
請稍候……]]></Text>
	<Text name="msg_copied">複製完成。</Text>
	<Text name="msg_copy_incomplete_ms_ask">Memory Stick™的可用容量不足，複製可能突然中斷。
確定要繼續嗎？</Text>
	<Text name="msg_copy_incomplete_sd_ask">SD Memory Card的可用容量不足，複製可能突然中斷。
確定要繼續嗎？</Text>
	<Text name="msg_copy_incomplete_cf_ask">CompactFlash®的可用容量不足，複製可能突然中斷。
確定要繼續嗎？</Text>
	<Text name="msg_copy_incomplete_usb_ask">USB裝置的可用容量不足，複製可能突然中斷。
確定要繼續嗎？</Text>
	<Text name="msg_copy_incomplete_hdd_ask">主機儲存空間的可用容量不足，複製可能突然中斷。
確定要繼續嗎？</Text>
	<Text name="msg_copy_incomplete">可用容量不足，複製已強制中斷。</Text>
	<Text name="msg_completed_count">完成數量</Text>
	<Text name="msg_copy_cancel_ask">確定要中止複製嗎？</Text>
	<Text name="msg_error_content_over_copy">可保存之內容數量已達上限，複製已強制中斷。</Text>
	<Text name="msg_copied_delete_content_saved_ps3_ask">複製完成。
確定要刪除保存於本主機的既有內容嗎？</Text>
	<Text name="msg_sure_to_delete_ask">確定要刪除嗎？</Text>
	<Text name="msg_deleting"><![CDATA[刪除中……
請稍候……]]></Text>
	<Text name="msg_deleted">刪除完成。</Text>
	<Text name="msg_cannot_delete_folder_on_this_system"><![CDATA[本主機無法刪除此資料夾。]]></Text>
	<Text name="msg_change_upfolder"><![CDATA[回到上一個資料夾]]></Text>
	<Text name="msg_create_newfolder"><![CDATA[新增資料夾]]></Text>
	<Text name="msg_folder_name_new"><![CDATA[新資料夾%1]]></Text>
	<Text name="msg_error_no_folder"><![CDATA[找不到資料夾。]]></Text>
	<Text name="msg_wait"><![CDATA[請稍候……]]></Text>
	<Text name="msg_error">發生錯誤。</Text>
	<Text name="msg_error_corrupted_data">資料已毀損。</Text>
	<Text name="msg_error_unsupported_data">不支援此種資料類型。</Text>
	<Text name="msg_error_copy">複製失敗。</Text>
	<Text name="msg_error_del">刪除失敗。</Text>
	<Text name="msg_error_no_name">無法輸入名稱。
請至少輸入1字以上的名稱。</Text>
	<Text name="msg_error_ms_full">Memory Stick™可用容量不足。</Text>
	<Text name="msg_error_ms_locked">Memory Stick™設定了防寫保護。</Text>
	<Text name="msg_error_ms_no_access">無法存取Memory Stick™。</Text>
	<Text name="msg_error_ms_no_read">無法讀取Memory Stick™。</Text>
	<Text name="msg_error_no_ms">沒有插入Memory Stick™。</Text>
	<Text name="msg_error_sd_full">SD Memory Card可用容量不足。</Text>
	<Text name="msg_error_sd_locked">SD Memory Card設定了防寫保護。</Text>
	<Text name="msg_error_sd_no_access">無法存取SD Memory Card。</Text>
	<Text name="msg_error_sd_no_read">無法讀取SD Memory Card。</Text>
	<Text name="msg_error_no_sd">沒有插入SD Memory Card。</Text>
	<Text name="msg_error_cf_full">CompactFlash®可用容量不足。</Text>
	<Text name="msg_error_cf_locked">CompactFlash®設定了防寫保護。</Text>
	<Text name="msg_error_cf_no_access">無法存取CompactFlash®。</Text>
	<Text name="msg_error_cf_no_read">無法讀取CompactFlash®。</Text>
	<Text name="msg_error_no_cf">沒有插入CompactFlash®。</Text>
	<Text name="msg_error_usb_full">USB裝置可用容量不足。</Text>
	<Text name="msg_error_usb_locked">USB裝置設定了防寫保護。</Text>
	<Text name="msg_error_usb_no_access">無法存取USB裝置。</Text>
	<Text name="msg_error_usb_no_read">無法讀取USB裝置。</Text>
	<Text name="msg_error_no_usb">沒有插入USB裝置。</Text>
	<Text name="msg_error_hdd_full">主機儲存空間的可用容量不足。</Text>
	<Text name="msg_error_hdd_no_access">無法存取主機儲存空間。</Text>
	<Text name="msg_error_no_signin">您需要先登入PSN。</Text>
	<Text name="msg_error_no_signup">您需要先登入Sony Entertainment Network。</Text>
	<Text name="msg_icon_image_select">請選擇要設定為圖示的圖像。</Text>
	<Text name="msg_icon_change_albumtrack_ask1">專輯內所有樂曲的圖示都將改變。
確定要繼續嗎？</Text>
	<Text name="msg_cannot_display_all_mediaserver">媒體伺服器數量過多。
部分媒體伺服器目前無法顯示。</Text>
	<Text name="msg_scan_mediaserver">搜尋媒體伺服器</Text>
	<Text name="msg_not_allowed_access_confirm_pls">您無權存取該媒體伺服器。此媒體伺服器可能尚未登錄這台PS3™主機的暱稱"%1"。
請確認媒體伺服器的設定。</Text>
	<Text name="msg_playlists"><![CDATA[播放目錄]]></Text>
	<Text name="msg_playlist_pane"><![CDATA[播放目錄]]></Text>
	<Text name="msg_create_new_playlist"><![CDATA[新建播放目錄]]></Text>
	<Text name="msg_to_add_content_playlist_select_edit"><![CDATA[若要將內容追加至此播放目錄，請執行選項選單的[編輯]。]]></Text>
	<Text name="msg_error_cannot_edit_playlist_no_track"><![CDATA[主機儲存空間中找不到曲目，無法編輯播放目錄。]]></Text>
	<Text name="msg_error_cannot_edit_playlist_no_image"><![CDATA[主機儲存空間中找不到圖像，無法編輯播放目錄。]]></Text>
	<Text name="msg_error_same_name_cannot_use">此名稱已被使用。
請輸入其他名稱。</Text>
	<Text name="msg_error_no_content">找不到內容。</Text>
	<Text name="msg_add_to_playlist"><![CDATA[追加至播放目錄]]></Text>
	<Text name="msg_add_playlist">追加</Text>
	<Text name="msg_add_all_playlist">全部追加</Text>
	<Text name="msg_delete_playlist_ask"><![CDATA[刪除播放目錄。
確定要繼續嗎？]]></Text>
	<Text name="msg_error_startdate_video">有效期限仍未生效。</Text>
	<Text name="msg_error_expired_video">有效期限已過。</Text>
	<Text name="msg_info_no_time_limit">無期限</Text>
	<Text name="msg_info__expired"><![CDATA[逾期]]></Text>
	<Text name="msg_expires_on_variable">有效期限 %1</Text>
	<Text name="msg_error_timelimited_video"><![CDATA[本內容設定了有效期限。
若要執行此項操作，請進入[設定] > [日期與時間設定] > [日期與時間]，並選擇[透過網際網路設定]，正確設定日期與時間。]]></Text>
	<Text name="msg_can_play_variable_first_play_now_ask"><![CDATA[本內容只可在初次播放開始%1小時內播放。
確定要現在立即開始播放嗎？]]></Text>
	<Text name="msg_del_content_cannot_dl_again_conf_psn">刪除內容。此內容無法再度下載。
確定要繼續嗎？</Text>
	<Text name="msg_to_enable_setting_enable_auto_login"><![CDATA[此項操作已間接停用以下設定。
%1

若要啟用該設定，需先設定並啟用[使用者]的自動登入。自動登入設定方法的詳細說明，請參閱網上說明。]]></Text>
	<Text name="msg_to_enable_setting_enable_auto_signin"><![CDATA[此項操作已間接停用以下設定。
%1

若要啟用該設定，需先設定並啟用PSN的自動登入。自動登入設定方法的詳細說明，請參閱網上說明。]]></Text>
	<Text name="msg_remoteplay_remote_start"><![CDATA[[設定] > [遙控遊玩設定] > [遙控啟動]]]></Text>
	<Text name="msg_console_setting_auto_download"><![CDATA[[設定] > [主機設定] > [自動更新]]]></Text>
	<Text name="msg_lang_japan">日文</Text>
	<Text name="msg_lang_english">英文</Text>
	<Text name="msg_lang_french">法文</Text>
	<Text name="msg_lang_spanish">西班牙文</Text>
	<Text name="msg_lang_german">德文</Text>
	<Text name="msg_lang_italian">義大利文</Text>
	<Text name="msg_lang_dutch">荷蘭文</Text>
	<Text name="msg_lang_portuguese">葡萄牙文</Text>
	<Text name="msg_lang_russian">俄文</Text>
	<Text name="msg_lang_polish">波蘭文</Text>
	<Text name="msg_lang_finnish">芬蘭文</Text>
	<Text name="msg_lang_danish">丹麥文</Text>
	<Text name="msg_lang_norwegian">挪威文</Text>
	<Text name="msg_lang_swedish">瑞典文</Text>
	<Text name="msg_lang_turkish">土耳其文</Text>
	<Text name="msg_lang_korean">韓文</Text>
	<Text name="msg_lang_chinese_t">繁體中文</Text>
	<Text name="msg_lang_chinese_s">簡體中文</Text>
	<Text name="msg_lpcm">Linear PCM</Text>
	<Text name="msg_display_on">顯示</Text>
	<Text name="msg_display_off">不顯示</Text>
	<Text name="msg_macaddress">MAC位址</Text>
	<Text name="msg_ipaddress">IP位址</Text>
	<Text name="msg_atrac_not_activated_set_pls"><![CDATA[ATRAC尚未啟動。
請進入[設定] > [主機設定]，啟動ATRAC。]]></Text>
	<Text name="msg_backup">備份</Text>
	<Text name="msg_restore">復原（還原）</Text>
	<Text name="msg_audio_device_setting">設定聲音裝置</Text>
	<Text name="msg_print">列印</Text>
	<Text name="msg_manufacturer">廠牌</Text>
	<Text name="msg_10min">10分後</Text>
	<Text name="msg_20min">20分後</Text>
	<Text name="msg_30min">30分後</Text>
	<Text name="msg_remain_time">剩餘時間</Text>
	<Text name="msg_others">其他</Text>
	<Text name="msg_level_1">等級 1</Text>
	<Text name="msg_level_2">等級 2</Text>
	<Text name="msg_level_3">等級 3</Text>
	<Text name="msg_level_4">等級 4</Text>
	<Text name="msg_level_5">等級 5</Text>
	<Text name="msg_level_6">等級 6</Text>
	<Text name="msg_level_7">等級 7</Text>
	<Text name="msg_level_8">等級 8</Text>
	<Text name="msg_level_9">等級 9</Text>
	<Text name="msg_level_10">等級 10</Text>
	<Text name="msg_level_11">等級 11</Text>
	<Text name="msg_gameetc_pc">視聽年齡限制</Text>
	<Text name="msg_netservice">PSN</Text>
	<Text name="msg_error_server_connect_timeout"><![CDATA[往伺服器的連線已逾時。]]></Text>
	<Text name="msg_cannot_operate_in_demonstration_mode">選擇展示模式時無法執行此項操作。</Text>
	<Text name="msg_tool_install_file"><![CDATA[★ Install Package Files]]></Text>
	<Text name="msg_tool_app_home_ps3_game"><![CDATA[★ /app_home/PS3_GAME/]]></Text>
	<Text name="msg_tool_title_store_preview">Title Store Preview</Text>
	<Text name="msg_tool_title_store_preview_ingame"><![CDATA[★ Title Store Preview (inGame)]]></Text>
	<Text name="msg_tool_title_store_preview_store"><![CDATA[★ Title Store Preview (Store)]]></Text>
	<Text name="msg_tool_lock"><![CDATA[★ Lock]]></Text>
	<Text name="msg_tool_unlock"><![CDATA[★ Unlock]]></Text>
	<Text name="msg_tool_check"><![CDATA[★ Check]]></Text>
	<Text name="msg_tool_cancel_purchase"><![CDATA[★ Cancel Purchase]]></Text>
	<Text name="msg_tool_del"><![CDATA[★ Delete]]></Text>
	<Text name="msg_tool_import"><![CDATA[★ Import]]></Text>
	<Text name="msg_tool_export"><![CDATA[★ Export]]></Text>
	<Text name="msg_tool_quick_sign_up"><![CDATA[★ Quick Sign Up]]></Text>
	<Text name="msg_tool_performance_bar"><![CDATA[★ Performance Bar]]></Text>
	<Text name="msg_tool_no_memory_limit"><![CDATA[★ No Memory Limit]]></Text>
	<Text name="msg_tool_quick_preview"><![CDATA[★ Quick Preview]]></Text>
	<Text name="msg_tool_owner_info"><![CDATA[★ Owner Information]]></Text>
	<Text name="msg_no_trophy">There are no trophies.</Text>
	<Text name="msg_bdu_software">Software</Text>
	<Text name="msg_digitalcamera_image">相機圖像</Text>
	<Text name="msg_del_image_ask">刪除此圖像。
確定要繼續嗎？</Text>
	<Text name="msg_del_images_ask">刪除目前選擇的圖像。
確定要繼續嗎？</Text>
	<Text name="msg_del_camerafolder_ask"><![CDATA[刪除資料夾與資料夾內的所有圖像。
設定防寫保護的圖像亦會被刪除。
確定要繼續嗎？]]></Text>
	<Text name="msg_del_image_protected_ask">此圖像設定了防寫保護。
確定要刪除嗎？</Text>
	<Text name="msg_del_imagefolder_ask"><![CDATA[刪除資料夾和資料夾內的所有圖像。
確定要繼續嗎？]]></Text>
	<Text name="msg_error_del_imagefolder"><![CDATA[資料夾刪除失敗。
資料夾中存在圖像以外的資料。]]></Text>
	<Text name="msg_del_image_select">請選擇要刪除的圖像。</Text>
	<Text name="msg_copy_image_select">請選擇要複製的圖像。</Text>
	<Text name="msg_error_no_image_copy">找不到可複製的圖像。</Text>
	<Text name="msg_error_no_image">找不到圖像。</Text>
	<Text name="msg_mmyyyy_jan">%1年 1月</Text>
	<Text name="msg_mmyyyy_feb">%1年 2月</Text>
	<Text name="msg_mmyyyy_mar">%1年 3月</Text>
	<Text name="msg_mmyyyy_apr">%1年 4月</Text>
	<Text name="msg_mmyyyy_may">%1年 5月</Text>
	<Text name="msg_mmyyyy_jun">%1年 6月</Text>
	<Text name="msg_mmyyyy_jul">%1年 7月</Text>
	<Text name="msg_mmyyyy_aug">%1年 8月</Text>
	<Text name="msg_mmyyyy_sep">%1年 9月</Text>
	<Text name="msg_mmyyyy_oct">%1年 10月</Text>
	<Text name="msg_mmyyyy_nov">%1年 11月</Text>
	<Text name="msg_mmyyyy_dec">%1年 12月</Text>
	<Text name="msg_yyyy">%1年</Text>
	<Text name="msg_slideshow_type1">滑動</Text>
	<Text name="msg_slideshow_type2">肖像</Text>
	<Text name="msg_slideshow_type3">相簿</Text>
	<Text name="msg_slideshow_type4">相簿2</Text>
	<Text name="msg_piccto_explanation">在回憶空間中盡情暢遊吧。
讓匯入PS3™的相片，剎那間化身為美麗又獨特的相簿。
您可依不同主題替相片分類，於聽音樂的同時欣賞幻燈片秀，或為喜愛的相片加上相框裝飾。匯入的相片越多，越能暢享重溫快樂回憶的樂趣。</Text>
	<Text name="msg_piccto_explanation_sd">在回憶空間中盡情暢遊吧。
讓匯入PS3™的相片，剎那間化身為美麗又獨特的相簿。</Text>
	<Text name="msg_cddbdata_getting"><![CDATA[CD資訊取得中……
請稍候……]]></Text>
	<Text name="msg_cddbdata_pluralfound_select">找到一種以上的CD情報。
請選擇適切的CD情報。</Text>
	<Text name="msg_cddbdata_send">傳送CD資訊</Text>
	<Text name="msg_cddbdata_sending"><![CDATA[CD資訊傳送中……
請稍候……]]></Text>
	<Text name="msg_select_import">選取輸入</Text>
	<Text name="msg_select_import_pls">請選擇要輸入的樂曲。</Text>
	<Text name="msg_copy_track_select">請選擇要複製的樂曲。</Text>
	<Text name="msg_del_track_protected_ask">此樂曲設定了防寫保護。
確定要刪除嗎？</Text>
	<Text name="msg_del_folder_track_protected_ask"><![CDATA[刪除資料夾與資料夾內的所有樂曲。
設定防寫保護的樂曲亦會被刪除。
確定要繼續嗎？]]></Text>
	<Text name="msg_cannot_copy_protected_truck">無法複製內建著作權保護機能的樂曲。</Text>
	<Text name="msg_copied_except_copyright_protected_track">複製完成。
無法複製內建著作權保護機能的樂曲。</Text>
	<Text name="msg_del_track_select">請選擇要刪除的樂曲。</Text>
	<Text name="msg_del_track_ask">刪除樂曲。
確定要繼續嗎？</Text>
	<Text name="msg_del_tracks_ask">刪除目前選擇的樂曲。
確定要繼續嗎？</Text>
	<Text name="msg_del_trackfolder_ask"><![CDATA[刪除資料夾和資料夾內的所有樂曲。
確定要繼續嗎？]]></Text>
	<Text name="msg_error_del_trackfolder_different"><![CDATA[資料夾刪除失敗。
資料夾中存在音樂以外的資料。]]></Text>
	<Text name="msg_importing"><![CDATA[輸入中……
請稍候……]]></Text>
	<Text name="msg_import_cancel_ask">確定要中止輸入嗎？</Text>
	<Text name="msg_imported">輸入完成。</Text>
	<Text name="msg_error_import">輸入失敗。</Text>
	<Text name="msg_error_track_over">可保存之內容數量已達上限，輸入已強制中斷。</Text>
	<Text name="msg_error_no_trackfolder_copy">找不到可複製的樂曲。</Text>
	<Text name="msg_error_copyright_track">著作權保護資訊無效。</Text>
	<Text name="msg_changedinfo_save_music_ask"><![CDATA[確定要保存已變更的資訊嗎？
這些變更內容將會反映至資料夾內的所有樂曲。]]></Text>
	<Text name="msg_error_no_track">找不到樂曲。</Text>
	<Text name="msg_error_no_nexttrack">找不到下一首樂曲。</Text>
	<Text name="msg_error_no_prevtrack">找不到上一首樂曲。</Text>
	<Text name="msg_track_number_value">%1 曲</Text>
	<Text name="msg_digitalcamera_video">攝影機影像</Text>
	<Text name="msg_psstore_video_offline_explanation_sd">PlayStation®Store滿載大量獨家高清影像內容。
為您的PS3™、PS Vita及PSP™追加更多豐富內容，今天就來進入PlayStation®Store看看吧！</Text>
	<Text name="msg_psstore_video_offline_explanation_hd">PlayStation®Store滿載大量獨家高清影像內容。
為您的PS3™、PS Vita及PSP™追加更多豐富內容，今天就來進入PlayStation®Store看看吧！</Text>
	<Text name="msg_error_no_title">找不到標題。</Text>
	<Text name="msg_error_title_over">已超過標題的保存上限。</Text>
	<Text name="msg_copy_title_select">請選擇要複製的標題。</Text>
	<Text name="msg_copy_titlefolder2">無法複製內建著作權保護機能的標題。</Text>
	<Text name="msg_error_no_title_copy">找不到可複製的標題。</Text>
	<Text name="msg_error_magicgate_device_required">若要執行此操作，需準備支援著作權保護機能的USB裝置。</Text>
	<Text name="msg_copied_except_copyright_protected_title">複製完成。
無法複製內建著作權保護機能的標題。</Text>
	<Text name="msg_title_number_value">標題 %1</Text>
	<Text name="msg_smove_destination_select">請選擇移動位置。</Text>
	<Text name="msg_smoving"><![CDATA[移動中……
請稍候……]]></Text>
	<Text name="msg_smove_cancel_ask">確定要中止移動嗎？</Text>
	<Text name="msg_smoved">移動完成。</Text>
	<Text name="msg_error_smove">移動失敗。</Text>
	<Text name="msg_error_move_mspro">若要移動此標題，需準備Memory Stick PRO™。</Text>
	<Text name="msg_del_title_select">請選擇要刪除的標題。</Text>
	<Text name="msg_del_title_ask">刪除此標題。
確定要繼續嗎？</Text>
	<Text name="msg_del_titles_ask">刪除目前選擇的標題。
確定要繼續嗎？</Text>
	<Text name="msg_del_titlefolder_ask"><![CDATA[刪除資料夾與資料夾內的所有標題。
確定要繼續嗎？]]></Text>
	<Text name="msg_del_camerafolder_video_ask"><![CDATA[刪除資料夾與資料夾內的所有標題。
設定防寫保護的標題亦會被刪除。
確定要繼續嗎？]]></Text>
	<Text name="msg_del_title_protected_ask">此標題設定了防寫保護。
確定要刪除嗎？</Text>
	<Text name="msg_error_del_movie_folder"><![CDATA[資料夾刪除失敗。
資料夾中存在影像以外的資料。]]></Text>
	<Text name="msg_error_smove_prohibit">此標題禁止移動。</Text>
	<Text name="msg_corrupted_copyright">著作權保護機能出現毀損，即將自動開始修復。</Text>
	<Text name="msg_error_corrupted_copyright">著作權保護機能修復失敗。</Text>
	<Text name="msg_error_no_execute">無法執行此項操作。</Text>
	<Text name="msg_video_editor_and_upload"><![CDATA[影像編輯 & 上傳]]></Text>
	<Text name="msg_video_editor_explanation">可編輯喜愛的影像內容，再上傳至分享網站與好友分享。</Text>
	<Text name="msg_create_new_video">建立新影像</Text>
	<Text name="msg_del_content_ask">刪除內容。
確定要繼續嗎？</Text>
	<Text name="msg_error_create_content_number_over">已超過內容的建立上限。</Text>
	<Text name="msg_backup_data_utility">管理備份資料</Text>
	<Text name="msg_bd_data_utility">Blu-ray Disc™資料管理</Text>
	<Text name="msg_common_cache_data">共通Cache（快取記憶體）資料</Text>
	<Text name="msg_bd_data_delete_ask">刪除Blu-ray Disc™資料。
確定要繼續嗎？</Text>
	<Text name="msg_service_coming_soon">本服務將於近期公開。</Text>
	<Text name="msg_service_app_install_folder">我的頻道</Text>
	<Text name="msg_vita_application_utility">PS Vita應用程式管理</Text>
	<Text name="msg_applications_vita">應用程式（PS Vita）</Text>
	<Text name="msg_applications_psp_other">應用程式（PSP™／其他）</Text>
	<Text name="msg_applications_ps1">應用程式（PS）</Text>
	<Text name="msg_applications_psm">應用程式（PlayStation®Mobile）</Text>
	<Text name="msg_gamedata_utility">遊戲資料管理</Text>
	<Text name="msg_savedata_utility_ps3">保存資料管理（PS3™）</Text>
	<Text name="msg_savedata_utility_ps2">保存資料管理（PS2）</Text>
	<Text name="msg_savedata_utility_minis_psp">保存資料管理（minis/PSP™）</Text>
	<Text name="msg_savedata_utility_psp_emu_psp">保存資料管理（PSP™ Remaster/PSP™）</Text>
	<Text name="msg_savedata_utility_minis_psp_emu_psp">保存資料管理（minis/PSP™ Remaster/PSP™）</Text>
	<Text name="msg_memory_card_utility">記憶卡管理</Text>
	<Text name="msg_content_pc">具視聽年齡限制之內容</Text>
	<Text name="msg_ps1_gamedisc"><![CDATA[PlayStation®規格光碟]]></Text>
	<Text name="msg_ps2_gamedisc"><![CDATA[PlayStation®2規格光碟]]></Text>
	<Text name="msg_ps2_format_software"><![CDATA[PlayStation®2規格軟件]]></Text>
	<Text name="msg_playstation">PlayStation®</Text>
	<Text name="msg_playstation2">PlayStation®2</Text>
	<Text name="msg_playstation3">PlayStation®3</Text>
	<Text name="msg_minis">minis</Text>
	<Text name="msg_psp_emu">PSP™ Remaster</Text>
	<Text name="msg_pc_engine">PCEngine</Text>
	<Text name="msg_neogeo">NEOGEO</Text>
	<Text name="msg_cannot_start_unless_install_install_ask">需先安裝至主機儲存空間後，才可啟動本遊戲。
確定要開始安裝嗎？</Text>
	<Text name="msg_psstore_game_offline_explanation_sd">PlayStation®Store滿載大量獨家下載遊戲，免費PS3™遊戲體驗版、宣傳影片以及遊戲追加內容。
為您的PS3™追加更多豐富內容，今天就來進入PlayStation®Store看看吧！</Text>
	<Text name="msg_psstore_game_offline_explanation_hd">PlayStation®Store滿載大量獨家下載遊戲，免費PS3™遊戲體驗版、宣傳影片以及遊戲追加內容。
為您的PS3™追加更多豐富內容，今天就來進入PlayStation®Store看看吧！</Text>
	<Text name="msg_disc_benefit">光碟特典</Text>
	<Text name="msg_select_receive_disc_benefit">若要取得此光碟的特典，請選擇此選項。</Text>
	<Text name="msg_only_for_psp_need_copy_ask">本內容可在PSP™使用。
確定要複製至PSP™嗎？</Text>
	<Text name="msg_error_cannot_use_content_download_again_copy_can_use"><![CDATA[無法使用此內容。
請使用購買本內容的帳戶登入，再選擇[PSN] > [PlayStation®Store]的[下載一覽]再度下載本內容。
下載並複製至支援本內容的裝置後即可使用。]]></Text>
	<Text name="msg_error_cannot_play_ps2_format"><![CDATA[本主機不支援PlayStation®2規格軟件。]]></Text>
	<Text name="msg_error_game_wrong_region">本軟件因區域碼限制而無法啟動。</Text>
	<Text name="msg_error_gamedisc_cannot_start">無法啟動本光碟。</Text>
	<Text name="msg_error_game_start_failure">啟動失敗。</Text>
	<Text name="msg_current_systemsoftware_update_ask">您使用之PS3™主機的系統軟件版本為%1。
若想啟動，您需要更新為%2或以上版本。
確定要立即執行更新嗎？</Text>
	<Text name="msg_systemsoftware_update_ask">請在開始使用前先執行系統軟件的更新。</Text>
	<Text name="msg_game_start">啟動</Text>
	<Text name="msg_about_game">關於本遊戲</Text>
	<Text name="msg_about_game_ps3_content">Library programs ©Sony Computer Entertainment Inc. Licensed for play on the PlayStation®3 Computer Entertainment System or authorized PlayStation®3 format systems. For full terms and conditions see the user's manual. This product is authorized and produced under license from Sony Computer Entertainment Inc. Use is subject to the copyright laws and the terms and conditions of the user's license.</Text>
	<Text name="msg_game_update_history">更新履歷</Text>
	<Text name="msg_purchase">購買</Text>
	<Text name="msg_savedata_auto_upload">自動上傳保存資料</Text>
	<Text name="msg_installgame_delete_ask">刪除安裝遊戲。
確定要繼續嗎？</Text>
	<Text name="msg_error_no_savedata">找不到保存資料。</Text>
	<Text name="msg_info_detail">詳細資訊</Text>
	<Text name="msg_protection">利用條件</Text>
	<Text name="msg_copy_prohibited">禁止複製</Text>
	<Text name="msg_error_history_auto_upload">錯誤履歷（自動上傳）</Text>
	<Text name="msg_online_storage">線上儲存空間</Text>
	<Text name="msg_online_storage_explanation">可於線上儲存保存資料。
可將保存資料下載至好友的PS3™繼續遊玩，或當作備份使用，您的遊戲方式將變得更多元化。</Text>
	<Text name="msg_to_save_data_select_copy_option">若要將保存資料保存至線上儲存空間，請選擇希望保存的保存資料，再選擇選項選單的[複製] 。</Text>
	<Text name="msg_save_data_copy_prohibited_upload_explanation">可從線上儲存空間下載此保存資料的次數受到限制。
上一個操作（上傳至線上儲存空間，或從線上儲存空間下載）結束後，%1小時之內無法執行下載。
但隨時可上傳至線上儲存空間。</Text>
	<Text name="msg_error_online_storage_full">線上儲存空間可用容量不足。
若要複製，需準備%1以上的可用容量。</Text>
	<Text name="msg_error_save_data_copy_prohibited_download">目前無法下載此保存資料。
每%1小時只能下載一次。

下次可下載的日期是：
%2</Text>
	<Text name="msg_vmc_ps1">內置記憶卡(PS)</Text>
	<Text name="msg_vmc_ps2">內置記憶卡(PS2)</Text>
	<Text name="msg_free_space_vmc_ps1">%1 / 120 KB</Text>
	<Text name="msg_free_space_vmc_ps2">%1 / 7998 KB</Text>
	<Text name="msg_category">種類</Text>
	<Text name="msg_savedata">保存資料</Text>
	<Text name="msg_savedata_ps1">保存資料 (PlayStation®)</Text>
	<Text name="msg_savedata_ps2">保存資料 (PlayStation®2)</Text>
	<Text name="msg_application_ps2">遊戲程式(PlayStation®2)</Text>
	<Text name="msg_application_pocketstation">遊戲程式(PocketStation™)</Text>
	<Text name="msg_setting_file_ps2">設定檔案(PlayStation®2)</Text>
	<Text name="msg_system_driver_ps2">系統驅動程式(PlayStation®2)</Text>
	<Text name="msg_unknown_data">未分類</Text>
	<Text name="msg_vmc">內置記憶卡</Text>
	<Text name="msg_error_no_vmc">找不到內置記憶卡。</Text>
	<Text name="msg_free_space_vmc_ps1_w_title">可用容量: %1 / 120 KB</Text>
	<Text name="msg_free_space_vmc_ps2_w_title">可用容量: %1 / 7998 KB</Text>
	<Text name="msg_pocketstation">PocketStation™</Text>
	<Text name="msg_created_date_time">建立日期</Text>
	<Text name="msg_error_mc_no_access">無法存取記憶卡。</Text>
	<Text name="msg_error_savedata_cannot_copy">此保存資料禁止複製。</Text>
	<Text name="msg_error_no_gamedata">找不到遊戲資料。</Text>
	<Text name="msg_update_quit_software_update"><![CDATA[發現最新的更新資料了。
即將離開本軟件並自動開始更新。]]></Text>
	<Text name="msg_wait_donot_turn_off"><![CDATA[請稍候……
請勿關閉電源。]]></Text>
	<Text name="msg_playmode"><![CDATA[播放模式]]></Text>
	<Text name="msg_play_track_select"><![CDATA[請選擇要播放的樂曲。]]></Text>
	<Text name="msg_no_data">找不到資料。</Text>
	<Text name="msg_error_service_stop">本服務已結束。</Text>
	<Text name="msg_error_account_service">此帳戶暫時禁止利用此服務。</Text>
	<Text name="msg_browser">網路瀏覽介面</Text>
	<Text name="msg_ps3_portal">PlayStation®Store</Text>
	<Text name="msg_psp_connection">遙控遊玩</Text>
	<Text name="msg_remoteplay_explanation"><![CDATA[可使用支援遙控遊玩的裝置（PS Vita或PSP™等）經由網路遠距離操作本主機。若要使用此機能，需先選擇[設定] > [遙控遊玩設定] > [登錄裝置]，正確登錄遙控遊玩裝置。]]></Text>
	<Text name="msg_onlinemanual">網上說明</Text>
	<Text name="msg_file">檔案</Text>
	<Text name="msg_open">開啟</Text>
	<Text name="msg_internet_search">網路搜尋</Text>
	<Text name="msg_download_cancel_ask">確定要中止下載嗎？</Text>
	<Text name="msg_error_server_transaction_failure">與伺服器間的通訊失敗。</Text>
	<Text name="msg_no_file">找不到檔案。</Text>
	<Text name="msg_content_not_support_remoteplay">使用遙控遊玩時，無法利用本內容。</Text>
	<Text name="msg_error_cannot_operate_remoteplay">使用遙控遊玩時，無法執行此項操作。</Text>
	<Text name="msg_error_cannot_start_can_play_follow_device">無法啟動。
使用遙控遊玩時，僅限以下裝置可啟動本內容。</Text>
	<Text name="msg_error_need_update_psp">PSP™的系統軟件需要更新。
更新方法的詳細說明，請參閱PSP™主機隨附的使用說明書。</Text>
	<Text name="msg_error_no_signup_ask">您需要登入Sony Entertainment Network。
確定要登入嗎？</Text>
	<Text name="msg_download_control">下載管理</Text>
	<Text name="msg_no_download_content">找不到下載中的內容。</Text>
	<Text name="msg_variable_downloading"><![CDATA[%1 %% 下載中……]]></Text>
	<Text name="msg_variable_download_error">%1 %% 出現下載異常</Text>
	<Text name="msg_variable_download_waiting"><![CDATA[%1 %% 下載等候中……]]></Text>
	<Text name="msg_variable_download_pausing"><![CDATA[%1%% 下載暫停中……]]></Text>
	<Text name="msg_pause_all">全部暫停</Text>
	<Text name="msg_resume_all">全部繼續</Text>
	<Text name="msg_progress">目前狀況</Text>
	<Text name="msg_resume">繼續</Text>
	<Text name="msg_download_restart">繼續下載</Text>
	<Text name="msg_download_cancel">中止下載</Text>
	<Text name="msg_install">安裝</Text>
	<Text name="msg_download_content_was_deleted">該內容已從伺服器刪除。</Text>
	<Text name="msg_need_app_software_download_ask">若要利用此機能，需先下載軟件。
確定要下載嗎？</Text>
	<Text name="msg_cellbrowser_foldingathome">Folding@home™</Text>
	<Text name="msg_auto_start">自動啟動</Text>
	<Text name="msg_title_lwp">Life with PlayStation®</Text>
	<Text name="msg_psstore_explanation_sd">在PlayStation®Store可找到各式各樣的獨家下載遊戲、免費PS3™遊戲體驗版、追加資料包和各種影像。

馬上進來看看吧！</Text>
	<Text name="msg_psstore_explanation_hd">進入PlayStation®Store完全免費*，是唯一可以下載PS3™專屬的最新遊戲、免費的遊戲體驗版、追加資料包和高清影像的地方。

為您的PS3™追加更多豐富內容，今天就來進入PlayStation®Store 看看吧！

* 需使用寬頻與網路連線。</Text>
	<Text name="msg_reg_explanation_sd">您可免費*遊玩線上遊戲，下載各種遊戲、追加資料包和專屬內容，和朋友聊天或比較Trophy（獎盃）。
立即登入，體驗無限樂趣！
* 需使用寬頻與網路連線。</Text>
	<Text name="msg_reg_explanation_hd">PSN是一個充滿了娛樂和互動的世界。
您可免費*遊玩線上遊戲、下載精彩的新遊戲、一系列熱門遊戲的追加資料包、觀看宣傳影片及取得各種專屬內容、亦可和朋友聊天或比較Trophy（獎盃）。

登入程序非常簡單且完全免費，現在便馬上登入吧！

* 需使用寬頻與網路連線。</Text>
	<Text name="msg_account_manage">帳戶管理</Text>
	<Text name="msg_can_change_psn_account_psstore_setteing">可變更帳戶和前往PlayStation®Store購物時的相關設定。</Text>
	<Text name="msg_your_channel">What's New</Text>
	<Text name="msg_your_channel_offline_explanation_hd"><![CDATA["What's New"是讓您取得PlayStation®最新情報的機能，亦會顯示您最近曾遊玩的3款遊戲，讓您閱覽相關情報或直接開始遊玩。

只要免費登入PSN*，便可即時享用"What's New"，加入精彩的娛樂世界！

*需使用寬頻與網路連線。]]></Text>
	<Text name="msg_your_channel_offline_explanation_sd"><![CDATA["What's New"是讓您取得PlayStation®最新情報的機能，亦會顯示您最近曾遊玩的3款遊戲，讓您閱覽相關情報或直接開始遊玩。只要免費登入PSN*，便可即時加入精彩的娛樂世界！

*需使用寬頻與網路連線。]]></Text>
	<Text name="msg_your_channel_caution_launching_website">即將連往其他網站。</Text>
	<Text name="msg_trophy_collection">Trophy（獎盃）收藏</Text>
	<Text name="msg_trophy_count">Trophy（獎盃）總數</Text>
	<Text name="msg_gain_date">取得日期</Text>
	<Text name="msg_no_trophy_explanation"><![CDATA[找不到獎盃。
遊玩支援獎盃機能的遊戲並獲得獎盃後，即會在此顯示獎盃。]]></Text>
	<Text name="msg_compare_trophy">比較Trophy（獎盃）</Text>
	<Text name="msg_trophy_grade">Grade（階級）</Text>
	<Text name="msg_trophy_platinum">Platinum（白金）</Text>
	<Text name="msg_trophy_gold">Gold（金）</Text>
	<Text name="msg_trophy_silver">Silver（銀）</Text>
	<Text name="msg_trophy_bronze">Bronze（銅）</Text>
	<Text name="msg_sync_with_server">與伺服器同步</Text>
	<Text name="msg_switch_mode">變換模式</Text>
	<Text name="msg_online_mode">線上模式</Text>
	<Text name="msg_online_mode_trophy_explanation">線上模式
可瀏覽保存於伺服器上的獎盃資訊。</Text>
	<Text name="msg_offline_mode">離線模式</Text>
	<Text name="msg_offline_mode_trophy_explanation">離線模式
僅能瀏覽本主機內保存的獎盃資訊。</Text>
	<Text name="msg_trophy_base_addon">遊戲本編／追加內容</Text>
	<Text name="msg_hidden_trophy_name">隱藏獎盃</Text>
	<Text name="msg_original_f">依原始順序排列</Text>
	<Text name="msg_trophy_grade_f">依階級排列</Text>
	<Text name="msg_trophy_earned_f">依取得日期排列▲</Text>
	<Text name="msg_trophy_earned_r">依取得日期排列▼</Text>
	<Text name="msg_privacy_settings">私隱設定</Text>
	<Text name="msg_ps_plus_psn">PlayStation®Plus</Text>
	<Text name="msg_health_warning_psn">健康警告</Text>
	<Text name="msg_psp_exclusive_install_ask">本內容為PSP™專用。
確定要安裝至PSP™嗎？</Text>
	<Text name="msg_bonus_digital_copy">Digital Copy</Text>
	<Text name="msg_bonus_digital_copy_explanation"><![CDATA[本內容需先登入PSN並複製至本主機的主機儲存空間後，始可利用。]]></Text>
	<Text name="msg_error_service_not_available_region">您的國家／地區無法使用本服務。</Text>
	<Text name="msg_sigining_in2"><![CDATA[登入中……]]></Text>
	<Text name="msg_auto_signin_off">關閉自動登入</Text>
	<Text name="msg_auto_signin">自動登入</Text>
	<Text name="msg_signout">登出</Text>
	<Text name="msg_error_no_execute_psn_maintenance_partially">無法執行此項操作。
Sony Entertainment Network目前維修中。</Text>
	<Text name="msg_error_no_player">找不到玩者。</Text>
	<Text name="msg_signin">登入</Text>
	<Text name="msg_ignore_list">黑名單</Text>
	<Text name="msg_friend_register">好友登錄</Text>
	<Text name="msg_play_with">曾一起遊玩的玩者</Text>
	<Text name="msg_av_chatroom">AV聊天室</Text>
	<Text name="msg_game_chatroom">遊戲聊天室</Text>
	<Text name="msg_msg_box">即時簡訊信箱</Text>
	<Text name="msg_last_signin_minute_ago">最近登入：%1 分鐘前</Text>
	<Text name="msg_last_signin_hour_ago">最近登入：%1 小時前</Text>
	<Text name="msg_last_signin_day_ago">最近登入：%1 日前</Text>
	<Text name="msg_last_signin_month_ago">最近登入：%1個月前</Text>
	<Text name="msg_last_signin_more_than_2year_ago">最近登入：2年以上前</Text>
	<Text name="msg_to">收件人</Text>
	<Text name="msg_sent">傳送完成。</Text>
	<Text name="msg_registered">登錄完成。</Text>
	<Text name="msg_error_registered_number_over">已超過人數的登錄上限。</Text>
	<Text name="msg_error_cannot_register_myself">您無法登錄自己。</Text>
	<Text name="msg_accept_friend_register_ask">確定要登錄為好友嗎？</Text>
	<Text name="msg_register_request">加入好友請求</Text>
	<Text name="msg_asking_to_add">加入好友請求中。</Text>
	<Text name="msg_asked_to_add">您收到了加入好友請求的訊息。</Text>
	<Text name="msg_msg_list">簡訊清單</Text>
	<Text name="msg_start_new_chat">新增聊天室</Text>
	<Text name="msg_new_msg">新增簡訊</Text>
	<Text name="msg_error_no_msg">找不到簡訊。</Text>
	<Text name="msg_status_f">依狀態順序</Text>
	<Text name="msg_name_f">依名稱順序</Text>
	<Text name="msg_online_id">線上ID</Text>
	<Text name="msg_online_name">線上暱稱</Text>
	<Text name="msg_about_me">自我介紹</Text>
	<Text name="msg_my_lang">我經常使用的語言</Text>
	<Text name="msg_received_msg_count">接收簡訊</Text>
	<Text name="msg_unread_msg_count">未閱讀簡訊</Text>
	<Text name="msg_protect_msg_count">防刪簡訊</Text>
	<Text name="msg_sent_msg_count">已傳送簡訊</Text>
	<Text name="msg_received_msg_count_with_variable">接收簡訊 %1</Text>
	<Text name="msg_sent_msg_count_with_variable">已傳送簡訊 %1</Text>
	<Text name="msg_from">寄件人</Text>
	<Text name="msg_received_datetime">接收日期</Text>
	<Text name="msg_sent_datetime">傳送日期</Text>
	<Text name="msg_reply_to_friend_register">回覆加入好友請求</Text>
	<Text name="msg_del_addingfriend_ask">刪除加入好友請求中的好友。
刪除後，對方的好友登錄亦將被刪除。
確定要刪除嗎？</Text>
	<Text name="msg_del_friend_ask">刪除好友。
刪除後對方的好友登錄亦將被刪除。
確定要刪除嗎？</Text>
	<Text name="msg_status">狀態</Text>
	<Text name="msg_profile">個人資料</Text>
	<Text name="msg_online">在線上</Text>
	<Text name="msg_afk">暫離</Text>
	<Text name="msg_add_ignore_list">登錄至黑名單</Text>
	<Text name="msg_game_title">遊戲標題</Text>
	<Text name="msg_information">資訊</Text>
	<Text name="msg_played_date_hour">最近遊玩日</Text>
	<Text name="msg_add_ignore_list_ask">登錄至黑名單後將無法收到對方傳來的簡訊。
確定要繼續嗎？</Text>
	<Text name="msg_adding"><![CDATA[登錄中……
請稍候……]]></Text>
	<Text name="msg_del_from_ignore_list">自黑名單中刪除</Text>
	<Text name="msg_del_ignore_list_ask">自黑名單中刪除。
確定要繼續嗎？</Text>
	<Text name="msg_error_not_registered">無法登錄。</Text>
	<Text name="msg_error_try_again_later">發生錯誤。
請稍後再試。</Text>
	<Text name="msg_send_grief_report">舉報</Text>
	<Text name="msg_received_box">收件箱</Text>
	<Text name="msg_sent_box">寄件箱</Text>
	<Text name="msg_list">清單</Text>
	<Text name="msg_protect">防刪</Text>
	<Text name="msg_unprotected">解除防刪</Text>
	<Text name="msg_edit">編輯</Text>
	<Text name="msg_attach_image_select">請選擇要附加的圖像。</Text>
	<Text name="msg_attach_cancel_ask">確定要取消附件嗎？</Text>
	<Text name="msg_dell_msg_all_ask">確定要刪除所有簡訊嗎？
無法刪除防刪的簡訊。</Text>
	<Text name="msg_del_msgl_ask">刪除簡訊。
確定要繼續嗎？</Text>
	<Text name="msg_dell_msg_all_ask2">確定要刪除所有簡訊嗎？</Text>
	<Text name="msg_voice_text_chatroom">語音／文字聊天室</Text>
	<Text name="msg_text_chatroom">文字聊天室</Text>
	<Text name="msg_mic_on">啟用麥克風</Text>
	<Text name="msg_mic_off">停用麥克風</Text>
	<Text name="msg_chat_volume">聊天室音量</Text>
	<Text name="msg_camera_on">啟用攝影機</Text>
	<Text name="msg_camera_off">停用攝影機</Text>
	<Text name="msg_chat_screen_on">顯示聊天圖像</Text>
	<Text name="msg_chat_screen_off">隱藏聊天圖像</Text>
	<Text name="msg_invite_friend">邀請好友</Text>
	<Text name="msg_new_msg_all">對所有人撰寫簡訊</Text>
	<Text name="msg_quit">離開</Text>
	<Text name="msg_cancel2">取消</Text>
	<Text name="msg_invite_chat">招待加入聊天</Text>
	<Text name="msg_participants_list">參加者清單</Text>
	<Text name="msg_invite_game">遊戲招待</Text>
	<Text name="msg_error_add">登錄失敗。</Text>
	<Text name="msg_error_attach_size_over">已超過檔案的附加容量上限。</Text>
	<Text name="msg_error_attach_deleted">附件已被刪除。</Text>
	<Text name="msg_error_player_added">這位玩者已經登錄。</Text>
	<Text name="msg_protect_msg_over">已超過簡訊的防刪上限。
最多只能設定50件的防刪簡訊。</Text>
	<Text name="msg_error_cannot_operate_signin_pls">無法執行此項操作。
請執行登入。</Text>
	<Text name="msg_error_cannot_creat_message">無法新增簡訊。</Text>
	<Text name="msg_error_ignore_list_friend">無法將好友登錄至黑名單。
登錄至黑名單前，需先刪除好友。</Text>
	<Text name="msg_version">版本</Text>
	<Text name="msg_new_user_create">新建使用者名稱</Text>
	<Text name="msg_logout_ask">確定要登出嗎？</Text>
	<Text name="msg_login_ask">確定要使用目前選擇的使用者登入嗎？
登入後，目前已登入的使用者將會自動登出。</Text>
	<Text name="msg_username_create">請輸入使用者名稱。</Text>
	<Text name="msg_error_max_num_users_reached">已無法新建更多使用者。
最多只能建立16名使用者。</Text>
	<Text name="msg_error_other_username_create_pls">此暱稱已被登錄。
請輸入其他使用者名稱。</Text>
	<Text name="msg_error_new_user_create">使用者登錄失敗。</Text>
	<Text name="msg_user_del_2nd_ask">確定要刪除這名使用者嗎？</Text>
	<Text name="msg_auto_login_set">今後啟動PS3™時將會自動選擇"%1"登入。</Text>
	<Text name="msg_username">使用者</Text>
	<Text name="msg_username_num">使用者%1</Text>
	<Text name="msg_auto_login">自動登入</Text>
	<Text name="msg_logout">登出</Text>
	<Text name="msg_user_del_ask"><![CDATA[刪除使用者後，PlayStation®3規格軟件的保存資料、簡訊、獎盃等亦將被刪除。
確定要繼續嗎？]]></Text>
	<Text name="msg_error_character">無法輸入以下字元。
%1</Text>
	<Text name="msg_health_warning_detail_scee_1">Seizures induced by light stimulation (Photosensitive Epilepsy)

</Text>
	<Text name="msg_health_warning_detail_scee_2">If you have an epileptic condition or have had seizures, consult your doctor prior to playing. Some individuals may experience eye soreness, altered vision, migraine, muscle twitching, convulsion, blackout, loss of awareness or disorientation when exposed to flashing or flickering lights or other light stimulation on a television screen or while playing video games. If you experience any of the above symptoms while playing, discontinue use immediately and consult your doctor.

</Text>
	<Text name="msg_health_warning_detail_scee_3">Stop playing immediately when you experience the following symptoms:
</Text>
	<Text name="msg_health_warning_detail_scee_4">In addition to the above symptoms, whilst playing if you have a headache, dizziness, nausea, fatigue, similar symptoms to motion sickness, or if you feel a discomfort or pain in any body part such as eyes, ears, hands, arms, feet, discontinue use immediately. If the condition persists, seek medical attention.



</Text>
	<Text name="msg_health_warning_detail_scee_5">3D images

</Text>
	<Text name="msg_health_warning_detail_scee_6">Some people may experience discomfort (such as eye strain, eye fatigue, or nausea) while watching 3D video images or playing stereoscopic 3D games on 3D televisions. If you experience such discomfort you should immediately discontinue use of your television until the discomfort subsides.
</Text>
	<Text name="msg_health_warning_detail_scee_7">Generally we recommend that you avoid prolonged use of your PlayStation®3 system and take 15 minutes breaks during each hour of play. However, when playing stereoscopic 3D games or watching 3D video, the length and frequency of necessary breaks may vary from person to person - please take breaks that are long enough to allow any feelings of discomfort to subside. If symptoms persist, consult your doctor.
</Text>
	<Text name="msg_health_warning_detail_scee_8">The vision of young children (especially those under six years old) is still under development. Consult with your child's doctor or optometrist before allowing young children to watch 3D video images or play stereoscopic 3D games. Adults should supervise young children to ensure they follow the recommendations listed above.



</Text>
	<Text name="msg_health_warning_detail_scee_9">Notes on safety when using the DUALSHOCK™3 Wireless Controller

</Text>
	<Text name="msg_health_warning_detail_scee_10">Do not use the vibration function if you have any ailment or injury to the bones, joints or muscles of your hands or arms. If you have an ailment or an injury, do not play such titles using the DUALSHOCK™3 Wireless Controller unless you have set the vibration function to [Off].



</Text>
	<Text name="msg_health_warning_detail_scee_11">・Use in a well-lit area and keep a safe distance from the TV screen.
・Avoid prolonged use of the PS3™ system. Take a 15-minute break during each hour of play.
・Avoid playing when you are tired or need sleep.
</Text>
	<Text name="msg_health_warning_detail_scee_12">・Stop using the system immediately if you begin to feel tired or if you experience discomfort or pain in your hands or arms while operating the Wireless Controller. If the condition persists, consult a doctor.
</Text>
	<Text name="msg_health_warning_detail_scee_13">・If you experience any of the following health problems, discontinue use of the system immediately. If symptoms persist, consult a doctor.
- Dizziness, nausea, fatigue or symptoms similar to motion sickness
- Discomfort or pain in a part of the body, such as eyes, ears, hands or arms</Text>
	<Text name="msg_health_warning_detail_scea_1">Photosensitivity/Epilepsy/Seizures

</Text>
	<Text name="msg_health_warning_detail_scea_2">A very small percentage of individuals may experience epileptic seizures or blackouts when exposed to certain light patterns or flashing lights. Exposure to certain patterns or backgrounds on a television screen or when playing video games may trigger epileptic seizures or blackouts in these individuals. These conditions may trigger previously undetected epileptic symptoms or seizures in persons who have no history of prior seizures or epilepsy. If you, or anyone in your family, has an epileptic condition or has had seizures of any kind, consult your doctor before playing.

</Text>
	<Text name="msg_health_warning_detail_scea_3">IMMEDIATELY DISCONTINUE use and consult your doctor before resuming gameplay if you or your child experience any of the following health problems or symptoms:
・dizziness,
・altered vision,
・eye or muscle twitches,
・loss of awareness,
・disorientation,
・seizures, or
・any involuntary movement or convulsion.
RESUME GAMEPLAY ONLY ON APPROVAL OF YOUR DOCTOR.

</Text>
	<Text name="msg_health_warning_detail_scea_4">Use and handling of video games to reduce the likelihood of a seizure
・Use in a well-lit area and keep as far away as possible from the television screen.
・Avoid large screen televisions. Use the smallest television screen available.
・Avoid prolonged use of the PS3™ system. Take a 15-minute break during each hour of play.
・Avoid playing when you are tired or need sleep.



</Text>
	<Text name="msg_health_warning_detail_scea_5">3D images

</Text>
	<Text name="msg_health_warning_detail_scea_6">Some people may experience discomfort (such as eye strain, eye fatigue, or nausea) while watching 3D video images or playing stereoscopic 3D games on 3D televisions. If you experience such discomfort you should immediately discontinue use of your television until the discomfort subsides.
</Text>
	<Text name="msg_health_warning_detail_scea_7">SCE recommends that all viewers take regular breaks while watching 3D video, or playing stereoscopic 3D games. The length and frequency of necessary breaks may vary from person to person - please take breaks that are long enough to allow any feelings of discomfort to subside. If symptoms persist, consult your doctor.
</Text>
	<Text name="msg_health_warning_detail_scea_8">The vision of young children (especially those under six years old) is still under development. SCE recommends that you consult with a doctor (such as a pediatrician or eye doctor) before allowing a young child to watch 3D video images or play stereoscopic 3D games. Adults should supervise young children to ensure they follow the recommendations listed above. When using any 3D enabled device with your PlayStation®3 system you should read the instruction manual for that device and check www.us.playstation.com/support/3D for updated information.



</Text>
	<Text name="msg_health_warning_detail_scea_9">Notes on safety when using the DUALSHOCK™3 Wireless Controller

</Text>
	<Text name="msg_health_warning_detail_scea_10">・Stop using the system immediately if you begin to feel tired or if you experience discomfort or pain in your hands or arms while operating the DUALSHOCK™3 Wireless Controller. If the condition persists, consult a doctor.
・The vibration function of the DUALSHOCK™3 Wireless Controller can aggravate injuries. Do not use the vibration function if you have any ailment or injury to the bones, joints or muscles of your hands or arms. If you have an ailment or an injury, do not play software titles that contain the vibration function using the DUALSHOCK™3 Wireless Controller unless you have set the vibration function to [Off].
</Text>
	<Text name="msg_health_warning_detail_scea_11">・Avoid prolonged use of the DUALSHOCK™3 Wireless Controller. Take a break at about 30-minute intervals.
・Note that some software titles set the vibration function to [On] by default. To disable the vibration function, press the PS button of the controller, and then select [Controller Settings]→ [Vibration Function]→[Off].



</Text>
	<Text name="msg_health_warning_detail_scea_12">・Use in a well-lit area and keep as far away as possible from the television screen.
・Avoid prolonged use of the PS3™ system and wireless controller.
</Text>
	<Text name="msg_health_warning_detail_scea_13">・Stop using the system immediately if you begin to feel tired or if you experience discomfort or pain in your hands or arms while operating the wireless controller. If the condition persists, consult a doctor.
</Text>
	<Text name="msg_health_warning_detail_scea_14">・If you experience any of the following health problems, discontinue use of the system immediately. If symptoms persist, consult with your doctor.
- Dizziness, nausea, fatigue or symptoms similar to motion sickness
- Discomfort or pain in a part of the body, such as eyes, ears, hands or arms</Text>
	<Text name="msg_health_warning_detail_scej_1">光の刺激によって引き起こされる発作について

</Text>
	<Text name="msg_health_warning_detail_scej_2">点滅を繰り返す画面や、その他の光の刺激によって、まれに、目の痛み、視覚異常、偏頭痛、けいれんや意識障害（失神など）などの症状（光感受性発作）が起きることがあります。こうした症状のある方は、事前に必ず医師に相談してください。

</Text>
	<Text name="msg_health_warning_detail_scej_3">こんなときはすぐに使用を中止する
</Text>
	<Text name="msg_health_warning_detail_scej_4"><![CDATA[上記の症状に加え、頭痛、めまい、吐き気、疲労感、乗り物酔いに似た症状などを感じたときや、目、耳、手、腕、足など、身体の一部に不快感や痛みを感じたときは、すぐに使用を中止してください。使用を中止しても治らないときは、医師の診察を受けてください。



]]></Text>
	<Text name="msg_health_warning_detail_scej_5">3D映像、3D立体視ゲームについて

</Text>
	<Text name="msg_health_warning_detail_scej_6">3D映像の視聴中や3D対応テレビでの3D立体視ゲームのプレイ中に、目の疲労、気分が悪くなるなどの不快な症状が出ることがあります。不快な症状が出たときは、直ちにテレビのご利用を中止し、回復するまでご利用をお控えください。
3D映像を視聴したり、3D立体視ゲームをプレイしたりするときは、定期的に休憩をとることをおすすめします。必要な休憩の長さや頻度は個人によって異なりますので、ご自身でご判断ください。不快な症状が回復するまで、十分に休憩をとってください。もし症状が続く場合は、医師にご相談ください。
</Text>
	<Text name="msg_health_warning_detail_scej_7"><![CDATA[なお、お子さま(特に6歳未満の子)の視覚は発達段階にあります。お子さまが3D映像を視聴したり、3D立体視ゲームをプレイしたりする前に、小児科や眼科などの医師にご相談いただくことをおすすめします。大人のかたは、お子さまが上記注意点を守るよう監督してください。
最新情報については、ホームページ(http://www.jp.playstation.com/support/)をご覧ください。



]]></Text>
	<Text name="msg_health_warning_detail_scej_8">コントローラの振動機能に対応したソフトウェアについて

</Text>
	<Text name="msg_health_warning_detail_scej_9">振動障害のある方は、バイブレーション（振動）機能を使用しないでください。



</Text>
	<Text name="msg_health_warning_detail_scej_10">・使用するときは部屋を明るくし、できるだけ画面から離れてください。
・疲れているときや睡眠不足のときは、使用を避けてください。
</Text>
	<Text name="msg_health_warning_detail_scej_11">・使用するときは健康のため、1時間ごとに15分程度の休憩を取ってください。
・使用中に体調が悪くなったら、すぐに使用をやめてください。</Text>
	<Text name="msg_health_warning_detail_sceasia_1">光敏感/癲癇/突發性疾病

</Text>
	<Text name="msg_health_warning_detail_sceasia_2">有極少數人，當看到某些亮光或閃光時，可能會有癲癇發作或暫時性眩暈的情形。如果這些人看到電視螢幕上的某些圖案或背景，或者在遊玩遊戲時，能會引發癲癇或暫時性眩暈。某些從未有過癲癇的人，也可能在這些情況下被引發出來。如果您或您的家人有癲癇狀況或任何突發性疾病，在遊玩遊前請先洽詢醫生。

</Text>
	<Text name="msg_health_warning_detail_sceasia_3"><![CDATA[如果您或您的孩子有以下任何一種健康問題或症狀，請立即停止使用，必須先洽詢醫生，才能繼續遊玩遊戲：
・頭暈，
・視覺障礙，
・眼睛或肌肉抽動，
・意識不清，
・精神恍惚，
・突發性疾病，或者
・不自主的動作或肌肉抽動。
必須經醫生許可才能繼續遊玩遊戲。

]]></Text>
	<Text name="msg_health_warning_detail_sceasia_4"><![CDATA[減少發病可能性的遊戲使用和操作注意事項
・請在光線良好的地方使用，並且盡量與螢幕保持遠距離。
・避免使用大螢幕電視機。請使用尺寸最小的電視螢幕。
・避免長時間使用 PS3™ 主機。每玩一小時請休息 15 分鐘。
・避免在您疲勞或需要睡眠時遊玩。



]]></Text>
	<Text name="msg_health_warning_detail_sceasia_5">3D影像

</Text>
	<Text name="msg_health_warning_detail_sceasia_6"><![CDATA[有些人在使用3D電視機觀看3D影像或遊玩3D立體遊戲時，可能會感到不舒服（例如眼睛疲勞、噁心等）。若您感到不舒服，請立即停止使用您的電視機直至不舒服的症狀消退。
]]></Text>
	<Text name="msg_health_warning_detail_sceasia_7">SCE建議所有使用者在觀看3D影像或遊玩3D立體遊戲時，應該定時休息。休息的時間和次數因人而異，請休息足夠時間，直至不舒服的症狀消退。如症狀持續存在，請立即就醫。
</Text>
	<Text name="msg_health_warning_detail_sceasia_8"><![CDATA[幼童（特別是六歲以下者）的視力仍在發育階段。SCE建議在讓幼童觀看3D影像或遊玩3D立體遊戲前，應先洽詢醫生（例如小兒科醫生或眼科醫生）。家應看管兒童，確保他們遵守以上建議。



]]></Text>
	<Text name="msg_health_warning_detail_sceasia_9">使用 DUALSHOCK™3 無線控制器時的注意事項

</Text>
	<Text name="msg_health_warning_detail_sceasia_10"><![CDATA[・若您在操作 DUALSHOCK™3 無線控制器時忽然開始感覺疲勞，或手臂、手腕感覺不舒服或疼痛時，請立即停止使用主機。如果不良症狀持續存在，立即就醫。
・DUALSHOCK™3 無線控制器的震動功能可能會令傷勢惡化。當您手臂、手腕的骨骼、關節或肌肉有任何不適或受傷時，請勿使用震動機能。若您有何不適或受傷，請勿遊玩需使用 DUALSHOCK™3 無線控制器的遊戲，否則請先將震動機能設定為［關］。
]]></Text>
	<Text name="msg_health_warning_detail_sceasia_11">・避免長時間使用 DUALSHOCK™3 無線控制器。請每 30 分鐘休息一次。
・請注意，部份軟件會將震動機能預設為「開」。若要停用震動機能，請按下控制器的 PS 按鈕，再選擇［控制器設定］→［震動機能］→［關］。



</Text>
	<Text name="msg_health_warning_detail_sceasia_12"><![CDATA[・請在光線良好的地方使用，並與電視螢幕保持一段安全距離。
・避免長時間使用 PS3™ 主機。每玩一小時請休息 15 分鐘。
・避免在您疲勞或需要睡眠時遊玩。
]]></Text>
	<Text name="msg_health_warning_detail_sceasia_13">・若您在操作無線控制器時忽然開始感覺疲勞，或手臂、手腕感覺不舒服或疼痛時，請立即停止使用主機。如果不良症狀持續存在，請立即就醫。
</Text>
	<Text name="msg_health_warning_detail_sceasia_14"><![CDATA[・若您有遭遇下列健康問題，請立即停止使用主機。如果不良症狀持續存在，請立即就醫。
- 頭昏眼花，噁心、疲勞或類似暈船感覺
- 當眼睛、耳朵、手臂、手腕等，身體一部分感覺不舒服或疼痛時]]></Text>
</TextLang>
