﻿<?xml version="1.0" encoding="utf-8"?>
<!-- This XML was generated by Rcomage v1.1.1 -->
<TextLang>
	<Text name="msg_psmove_notice">PlayStation®Move使用注意事项</Text>
	<Text name="msg_when_use_content_on_vita_hint">若要在PS Vita使用此内容，请启动PS Vita的[内容管理]，将内容复制至PS Vita。</Text>
	<Text name="msg_size">大小</Text>
	<Text name="msg_setting">设定</Text>
	<Text name="msg_photo">照片</Text>
	<Text name="msg_music">音乐</Text>
	<Text name="msg_video">视频影像</Text>
	<Text name="msg_game">游戏</Text>
	<Text name="msg_net">网络</Text>
	<Text name="msg_friend">朋友</Text>
	<Text name="msg_user">用户</Text>
	<Text name="msg_login">登录</Text>
	<Text name="msg_tv">电视</Text>
	<Text name="msg_tv_video_service">电视/ 影像服务</Text>
	<Text name="msg_psn">PSN</Text>
	<Text name="msg_power_off_console2">切断主机的电源</Text>
	<Text name="msg_photo_gallery">Photo Gallery</Text>
	<Text name="msg_untitled">未设定</Text>
	<Text name="msg_new_vmc">创建新的假想记忆卡</Text>
	<Text name="msg_signup">注册</Text>
	<Text name="msg_playstation_home">PlayStation®Home</Text>
	<Text name="msg_start_new_chat2">开始新的聊天</Text>
	<Text name="msg_ms">Memory Stick™</Text>
	<Text name="msg_sd">SD储存卡</Text>
	<Text name="msg_cf">CompactFlash®</Text>
	<Text name="msg_bd_rom">BD-ROM</Text>
	<Text name="msg_bd_r">BD-R</Text>
	<Text name="msg_bd_re">BD-RE</Text>
	<Text name="msg_dvdr">DVD-R</Text>
	<Text name="msg_dvdplusr">DVD+R</Text>
	<Text name="msg_dvdrw">DVD-RW</Text>
	<Text name="msg_dvdplusrw">DVD+RW</Text>
	<Text name="msg_dvdrom">DVD-ROM</Text>
	<Text name="msg_dvdvideo">DVD Video</Text>
	<Text name="msg_dvdvr">DVD-VR</Text>
	<Text name="msg_dvdplusvr">DVD+VR</Text>
	<Text name="msg_avchd">AVCHD</Text>
	<Text name="msg_avcrec">AVCREC</Text>
	<Text name="msg_bdmv">BDMV</Text>
	<Text name="msg_bdav">BDAV</Text>
	<Text name="msg_cdaudio">音乐CD</Text>
	<Text name="msg_cddata">数据光碟</Text>
	<Text name="msg_sacd">Super Audio CD</Text>
	<Text name="msg_mc_ps1">记忆卡（PS）</Text>
	<Text name="msg_mc_ps2">记忆卡（PS2）</Text>
	<Text name="msg_disc">光碟</Text>
	<Text name="msg_dsd_disc">DSD 盘</Text>
	<Text name="msg_psp">PSP™ (PlayStation®Portable)</Text>
	<Text name="msg_psp_bracket">PSP™ (PlayStation®Portable) %1</Text>
	<Text name="msg_vita_abbreviated">PS Vita</Text>
	<Text name="msg_psp_name">昵称</Text>
	<Text name="msg_usb">USB设备</Text>
	<Text name="msg_usb_id">USB设备(%1)</Text>
	<Text name="msg_digitalcamera">数码相机</Text>
	<Text name="msg_digitalcamera_id">数码相机(%1)</Text>
	<Text name="msg_walkman">ATRAC Audio Device</Text>
	<Text name="msg_walkman_id">ATRAC Audio Device (%1)</Text>
	<Text name="msg_cancel">取消</Text>
	<Text name="msg_ok">OK</Text>
	<Text name="msg_fix">确定</Text>
	<Text name="msg_yes">是</Text>
	<Text name="msg_no"><![CDATA[否]]></Text>
	<Text name="msg_on">开</Text>
	<Text name="msg_off">关</Text>
	<Text name="msg_nrml">标准</Text>
	<Text name="msg_normal">标准</Text>
	<Text name="msg_plus1">+1</Text>
	<Text name="msg_plus2">+2</Text>
	<Text name="msg_plus3">+3</Text>
	<Text name="msg_plus4">+4</Text>
	<Text name="msg_minus1">-1</Text>
	<Text name="msg_minus2">-2</Text>
	<Text name="msg_minus3">-3</Text>
	<Text name="msg_minus4">-4</Text>
	<Text name="msg_1">1</Text>
	<Text name="msg_2">2</Text>
	<Text name="msg_3">3</Text>
	<Text name="msg_4">4</Text>
	<Text name="msg_5">5</Text>
	<Text name="msg_percent">%1 %%</Text>
	<Text name="msg_image_count_value">%1 张</Text>
	<Text name="msg_images_count_value">%1 张</Text>
	<Text name="msg_track_count_value">%1章节</Text>
	<Text name="msg_tracks_count_value">%1章节</Text>
	<Text name="msg_title_count_value">%1 标题</Text>
	<Text name="msg_titles_count_value">%1 标题</Text>
	<Text name="msg_savedata_count_value">%1个</Text>
	<Text name="msg_savedatas_count_value">%1个</Text>
	<Text name="msg_time_num1">%1:%2:%3</Text>
	<Text name="msg_time_num2">%1:%2'%3''</Text>
	<Text name="msg_time_num3">%1'%2''</Text>
	<Text name="msg_datetime_num1">%1/%2/%3  %4:%5</Text>
	<Text name="msg_am">AM</Text>
	<Text name="msg_pm">PM</Text>
	<Text name="msg_time_hour_num2">%1:%2'</Text>
	<Text name="msg_day_plural">%1天</Text>
	<Text name="msg_sort">排列</Text>
	<Text name="msg_importeddate_f">输入日期顺序▲</Text>
	<Text name="msg_importeddate_r">输入日期顺序▼</Text>
	<Text name="msg_shootdate_f">拍摄日期顺序▲</Text>
	<Text name="msg_shootdate_r">拍摄日期顺序▼</Text>
	<Text name="msg_sale_year_f">发售年顺序▲</Text>
	<Text name="msg_sale_year_r">发售年顺序▼</Text>
	<Text name="msg_created_date_time_f">创建日期顺序▲</Text>
	<Text name="msg_created_date_time_r">创建日期顺序▼</Text>
	<Text name="msg_updated_date_f">升级日期顺序▲</Text>
	<Text name="msg_updated_date_r">升级日期顺序▼</Text>
	<Text name="msg_format_f"><![CDATA[格式顺序]]></Text>
	<Text name="msg_imagename_f">图像名顺序</Text>
	<Text name="msg_albumname_f">专辑名顺序</Text>
	<Text name="msg_genre_f">类型名顺序</Text>
	<Text name="msg_artist_f">艺人名顺序</Text>
	<Text name="msg_track_f">章节名顺序</Text>
	<Text name="msg_title_f">标题名顺序</Text>
	<Text name="msg_subtitle_f">副标题顺序</Text>
	<Text name="msg_start_date_f">启动日期顺序</Text>
	<Text name="msg_folder_class">文件夹分类</Text>
	<Text name="msg_all">全部</Text>
	<Text name="msg_year_folder">按年</Text>
	<Text name="msg_month_folder">按月</Text>
	<Text name="msg_album_folder">按专辑</Text>
	<Text name="msg_genre_folder">按类型</Text>
	<Text name="msg_artist_folder">按艺人</Text>
	<Text name="msg_sale_year_folder">按发售年</Text>
	<Text name="msg_track_folder">按章节</Text>
	<Text name="msg_title_folder">按标题</Text>
	<Text name="msg_format_folder"><![CDATA[按格式]]></Text>
	<Text name="msg_copy">复制</Text>
	<Text name="msg_copy_plural">选择复制</Text>
	<Text name="msg_del">删除</Text>
	<Text name="msg_del_plural">选择删除</Text>
	<Text name="msg_slideshow"><![CDATA[幻灯片播放]]></Text>
	<Text name="msg_display_all"><![CDATA[全部显示]]></Text>
	<Text name="msg_cddbdata_get">获取CD信息</Text>
	<Text name="msg_import">输入</Text>
	<Text name="msg_titlelist">标题列表</Text>
	<Text name="msg_play"><![CDATA[播放]]></Text>
	<Text name="msg_play_begin"><![CDATA[从头播放]]></Text>
	<Text name="msg_smove">移动</Text>
	<Text name="msg_disc_eject">取出光碟</Text>
	<Text name="msg_info">信息</Text>
	<Text name="msg_repeat"><![CDATA[重复播放]]></Text>
	<Text name="msg_shuffle"><![CDATA[随机播放]]></Text>
	<Text name="msg_pause">暂停</Text>
	<Text name="msg_display"><![CDATA[显示]]></Text>
	<Text name="msg_volume_control">音量调整</Text>
	<Text name="msg_plus">+</Text>
	<Text name="msg_minus">-</Text>
	<Text name="msg_slideshow_with_icon"><![CDATA[幻灯片播放 ]]></Text>
	<Text name="msg_fix_with_icon">确定 </Text>
	<Text name="msg_folder_class_with_icon">文件夹分类 </Text>
	<Text name="msg_option_with_icon"> : 选项</Text>
	<Text name="msg_help_start"> : 开始</Text>
	<Text name="msg_copy_psplus_with_icon">复制 </Text>
	<Text name="msg_copy_plural_psplus_with_icon">选择复制 </Text>
	<Text name="msg_savedata_auto_upload_psplus_with_icon">自动上传保存数据 </Text>
	<Text name="msg_icon_start"></Text>
	<Text name="msg_info_none">-</Text>
	<Text name="msg_format"><![CDATA[格式]]></Text>
	<Text name="msg_space">空余容量</Text>
	<Text name="msg_shoot_date">拍摄日期</Text>
	<Text name="msg_updated_date">升级日期</Text>
	<Text name="msg_corrupted_data">损坏的数据</Text>
	<Text name="msg_unsupported_data">不兼容的数据</Text>
	<Text name="msg_folder">文件夹</Text>
	<Text name="msg_resolution">分辨率</Text>
	<Text name="msg_multiply">%1 x %2</Text>
	<Text name="msg_image">图像</Text>
	<Text name="msg_image_count">图像数量</Text>
	<Text name="msg_camera">摄像机器</Text>
	<Text name="msg_album">专辑</Text>
	<Text name="msg_genre">类型</Text>
	<Text name="msg_artist">艺人</Text>
	<Text name="msg_imported_size">输入后的容量</Text>
	<Text name="msg_size_counting"><![CDATA[正在计算…]]></Text>
	<Text name="msg_sale_year">发售年</Text>
	<Text name="msg_play_time"><![CDATA[播放时间]]></Text>
	<Text name="msg_comment">注释</Text>
	<Text name="msg_samplingfrequency">采样频率</Text>
	<Text name="msg_disc_number">光碟号码</Text>
	<Text name="msg_track_count">章节数</Text>
	<Text name="msg_track_number">章节号码</Text>
	<Text name="msg_track">章节</Text>
	<Text name="msg_bpm">BPM</Text>
	<Text name="msg_codec">编码器</Text>
	<Text name="msg_lastplay_datetime"><![CDATA[上次播放日期]]></Text>
	<Text name="msg_ch">频道</Text>
	<Text name="msg_various_artists">Various Artists</Text>
	<Text name="msg_imported_date">输入日期</Text>
	<Text name="msg_created_date">创建日期</Text>
	<Text name="msg_start_date"><![CDATA[播放开始日期]]></Text>
	<Text name="msg_expiration_date">有效期限</Text>
	<Text name="msg_remaining_time"><![CDATA[播放剩余时间]]></Text>
	<Text name="msg_play_count"><![CDATA[播放次数]]></Text>
	<Text name="msg_file_number">文件编号</Text>
	<Text name="msg_title">标题</Text>
	<Text name="msg_subtitle">副标题</Text>
	<Text name="msg_disc_type">光碟的种类</Text>
	<Text name="msg_disc_protect">密码限制</Text>
	<Text name="msg_title_count">标题数</Text>
	<Text name="msg_video_codec">视频编码</Text>
	<Text name="msg_audio_codec">音频编码</Text>
	<Text name="msg_file_type">文件类型</Text>
	<Text name="msg_mediaserver">媒介服务器</Text>
	<Text name="msg_dlna_date_time">日期与时间</Text>
	<Text name="msg_produced_date">制作日期</Text>
	<Text name="msg_info_valid_from">有效期开始</Text>
	<Text name="msg_info_valid_to">有效期结束</Text>
	<Text name="msg_magicgate">MagicGate™</Text>
	<Text name="msg_mg_supported">支持</Text>
	<Text name="msg_mg_not_supported">不支持</Text>
	<Text name="msg_info_unknown">不明</Text>
	<Text name="msg_savedata_count">保存数据数</Text>
	<Text name="msg_model">型号</Text>
	<Text name="msg_can_play_only_for_variable_hours"><![CDATA[(但是，只可在初次播放开始%1小时内进行播放。)]]></Text>
	<Text name="msg_can_play_only_for_variable_hours_game">(但是，只可在初次启动后%1分钟内进行游玩。)</Text>
	<Text name="msg_video_description">內容</Text>
	<Text name="msg_copyright">著作权信息</Text>
	<Text name="msg_owner">购买者</Text>
	<Text name="msg_all_use_content_delete_cannot_use">购买者以外的用户也可使用本内容。但是，如将购买者删除，则将无法使用。</Text>
	<Text name="msg_need_save_psn_pw_other_owner_use_content">购买者以外的用户也可以使用本内容。但购买者的Sony Entertainment Network密码需保存在本机内以供其它用户使用此内容。</Text>
	<Text name="msg_jpeg">JPEG</Text>
	<Text name="msg_gif">GIF</Text>
	<Text name="msg_png">PNG</Text>
	<Text name="msg_tiff">TIFF</Text>
	<Text name="msg_bmp">BMP</Text>
	<Text name="msg_mpo">MPO (MP Format)</Text>
	<Text name="msg_aac_kbps">AAC %1 kbps</Text>
	<Text name="msg_mp3_kpbs">MP3 %1 kbps</Text>
	<Text name="msg_atrac_kbps">ATRAC %1 kbps</Text>
	<Text name="msg_wma_kbps">WMA %1 kbps</Text>
	<Text name="msg_lpcm_bit_ch">Linear PCM  %1 bit  %2 ch</Text>
	<Text name="msg_non_lpcm">Non-linear PCM %1 kbps</Text>
	<Text name="msg_dsd_ch">DSD %1 ch</Text>
	<Text name="msg_dolby">Dolby Digital</Text>
	<Text name="msg_mpeg1">MPEG-1</Text>
	<Text name="msg_mpeg2">MPEG-2</Text>
	<Text name="msg_mpeg2_ts">MPEG-2 TS</Text>
	<Text name="msg_mpeg4">MPEG-4</Text>
	<Text name="msg_mpeg_layer1">MPEG Layer 1</Text>
	<Text name="msg_mpeg_layer2">MPEG Layer 2</Text>
	<Text name="msg_mpeg_layer3">MPEG Layer 3</Text>
	<Text name="msg_avc">AVC</Text>
	<Text name="msg_motion_jpeg">Motion JPEG</Text>
	<Text name="msg_divx">DivX®</Text>
	<Text name="msg_wmv">VC-1 (WMV)</Text>
	<Text name="msg_mpeg1_mbps">MPEG-1 %1 Mbps</Text>
	<Text name="msg_mpeg2_mbps">MPEG-2 %1 Mbps</Text>
	<Text name="msg_mpeg2_ts_mbps">MPEG-2 TS %1 Mbps</Text>
	<Text name="msg_mpeg4_mbps">MPEG-4 %1 Mbps</Text>
	<Text name="msg_avc_kbps">AVC %1 kbps</Text>
	<Text name="msg_khz">%1 kHz</Text>
	<Text name="msg_kbps">%1 kbps</Text>
	<Text name="msg_mbps">%1 Mbps</Text>
	<Text name="msg_ch_2">Ch 2</Text>
	<Text name="msg_multi_ch">Multi ch</Text>
	<Text name="msg_power_off_console">切断主机的电源</Text>
	<Text name="msg_turnoff_system_ask">切断主机的电源吗？</Text>
	<Text name="msg_after_background_download_auto_turn_off">后台下载完成后自动关闭电源</Text>
	<Text name="msg_slot_assign">分配插口</Text>
	<Text name="msg_slot1">插口1</Text>
	<Text name="msg_slot2">插口2</Text>
	<Text name="msg_eject">取出</Text>
	<Text name="msg_user_name">用户名</Text>
	<Text name="msg_need_quit_to_operate_ask">如要执行本操作，需要结束[%1]。
要结束吗？</Text>
	<Text name="msg_error_hdd_full_perform_operation">主机存储器没有足够的空余容量。
如要执行本操作，需%1以上的空余容量。</Text>
	<Text name="msg_content_already_copied">本内容可能已被复制。</Text>
	<Text name="msg_save_newly">全新保存</Text>
	<Text name="msg_original_content">原本的内容</Text>
	<Text name="msg_new_content">新的内容</Text>
	<Text name="msg_save_destination_select">请选择保存的位置。</Text>
	<Text name="msg_error_no_storagemedia">请将存储设备连接至保存位置。</Text>
	<Text name="msg_ps3_photo">主机存储器（照片）</Text>
	<Text name="msg_ps3_video">主机存储器（视频影像）</Text>
	<Text name="msg_ps3_music">主机存储器（音乐）</Text>
	<Text name="msg_folder_name">文件夹名</Text>
	<Text name="msg_same_name_file">在保存位置中已有同名文件存在。</Text>
	<Text name="msg_different_name_save">以别名保存</Text>
	<Text name="msg_overwrite_save">覆盖后保存</Text>
	<Text name="msg_save_no">不保存</Text>
	<Text name="msg_save_yes">保存</Text>
	<Text name="msg_apply_all">全部适用</Text>
	<Text name="msg_select_all">全部选择</Text>
	<Text name="msg_deselect_all">全部清除</Text>
	<Text name="msg_copying">正在复制。
请稍等。</Text>
	<Text name="msg_copied">复制完毕。</Text>
	<Text name="msg_copy_incomplete_ms_ask">因Memory Stick™上没有足够的空余容量，可能出现中断复制的情况。
要继续吗？</Text>
	<Text name="msg_copy_incomplete_sd_ask">因SD储存卡上没有足够的空余容量，可能出现中断复制的情况。
要继续吗？</Text>
	<Text name="msg_copy_incomplete_cf_ask">因CompactFlash®上没有足够的空余容量，可能出现中断复制的情况。
要继续吗？</Text>
	<Text name="msg_copy_incomplete_usb_ask">因USB设备上没有足够的空余容量，可能出现中断复制的情况。
要继续吗？</Text>
	<Text name="msg_copy_incomplete_hdd_ask">因主机存储器上没有足够的空余容量，可能出现中断复制的情况。
要继续吗？</Text>
	<Text name="msg_copy_incomplete">因没有足够的空余容量，复制中断了。</Text>
	<Text name="msg_completed_count">完毕数</Text>
	<Text name="msg_copy_cancel_ask">要取消复制吗？</Text>
	<Text name="msg_error_content_over_copy">因可保存的内容数已达上限，复制中断了。</Text>
	<Text name="msg_copied_delete_content_saved_ps3_ask">复制完毕。
要删除在本机所保存的原内容吗？</Text>
	<Text name="msg_sure_to_delete_ask">确定要删除吗？</Text>
	<Text name="msg_deleting">正在删除。
请稍等。</Text>
	<Text name="msg_deleted">删除完毕。</Text>
	<Text name="msg_cannot_delete_folder_on_this_system">本机无法删除此文件夹。</Text>
	<Text name="msg_change_upfolder">移至上一个文件夹</Text>
	<Text name="msg_create_newfolder">创建新文件夹</Text>
	<Text name="msg_folder_name_new">新文件夹%1</Text>
	<Text name="msg_error_no_folder">没有文件夹。</Text>
	<Text name="msg_wait">请稍等。</Text>
	<Text name="msg_error">发生了错误。</Text>
	<Text name="msg_error_corrupted_data">数据已损坏。</Text>
	<Text name="msg_error_unsupported_data">不支持该类型的数据。</Text>
	<Text name="msg_error_copy">无法复制。</Text>
	<Text name="msg_error_del">无法删除。</Text>
	<Text name="msg_error_no_name">没有输入名字。
请输入1个文字以上的名字。</Text>
	<Text name="msg_error_ms_full">Memory Stick™没有足够的空余容量。</Text>
	<Text name="msg_error_ms_locked">Memory Stick™被写保护。</Text>
	<Text name="msg_error_ms_no_access">无法存取Memory Stick™。</Text>
	<Text name="msg_error_ms_no_read">无法读取Memory Stick™。</Text>
	<Text name="msg_error_no_ms">没有插入Memory Stick™。</Text>
	<Text name="msg_error_sd_full">SD储存卡没有足够的空余容量。</Text>
	<Text name="msg_error_sd_locked">SD储存卡被写保护。</Text>
	<Text name="msg_error_sd_no_access">无法存取SD储存卡。</Text>
	<Text name="msg_error_sd_no_read">无法读取SD储存卡。</Text>
	<Text name="msg_error_no_sd">没有插入SD储存卡。</Text>
	<Text name="msg_error_cf_full">CompactFlash®没有足够的空余容量。</Text>
	<Text name="msg_error_cf_locked">CompactFlash®被写保护。</Text>
	<Text name="msg_error_cf_no_access">无法存取CompactFlash®。</Text>
	<Text name="msg_error_cf_no_read">无法读取CompactFlash®。</Text>
	<Text name="msg_error_no_cf">没有插入CompactFlash®。</Text>
	<Text name="msg_error_usb_full">USB设备没有足够的空余容量。</Text>
	<Text name="msg_error_usb_locked">USB设备被写保护。</Text>
	<Text name="msg_error_usb_no_access">无法存取USB设备。</Text>
	<Text name="msg_error_usb_no_read">无法读取USB设备。</Text>
	<Text name="msg_error_no_usb">没有插入USB设备。</Text>
	<Text name="msg_error_hdd_full">主机存储器没有足够的空余容量。</Text>
	<Text name="msg_error_hdd_no_access">无法存取主机存储器。</Text>
	<Text name="msg_error_no_signin">需要登入PSN。</Text>
	<Text name="msg_error_no_signup">需要在Sony Entertainment Network注册。</Text>
	<Text name="msg_icon_image_select">请选择作为图标的图像。</Text>
	<Text name="msg_icon_change_albumtrack_ask1">变更专辑中所有章节的图标。
要继续吗？</Text>
	<Text name="msg_cannot_display_all_mediaserver"><![CDATA[媒介服务器过多。
无法显示一部分的媒介服务器。]]></Text>
	<Text name="msg_scan_mediaserver">搜索媒介服务器</Text>
	<Text name="msg_not_allowed_access_confirm_pls">未被允许存取媒介服务器。可能是本PS3™的设备名称 "%1"尚未添加至媒介服务器。
请确认媒介服务器的设定。</Text>
	<Text name="msg_playlists"><![CDATA[播放列表]]></Text>
	<Text name="msg_playlist_pane"><![CDATA[播放列表]]></Text>
	<Text name="msg_create_new_playlist"><![CDATA[创建新播放列表]]></Text>
	<Text name="msg_to_add_content_playlist_select_edit"><![CDATA[如要在本播放列表中追加内容，请执行选项菜单中的[编辑]。]]></Text>
	<Text name="msg_error_cannot_edit_playlist_no_track"><![CDATA[因主机存储器中没有章节，无法编辑播放列表。]]></Text>
	<Text name="msg_error_cannot_edit_playlist_no_image"><![CDATA[因主机存储器中没有图像，无法编辑播放列表。]]></Text>
	<Text name="msg_error_same_name_cannot_use">此名称已被使用。
请输入其他的名称。</Text>
	<Text name="msg_error_no_content">没有内容。</Text>
	<Text name="msg_add_to_playlist"><![CDATA[追加至播放列表]]></Text>
	<Text name="msg_add_playlist">追加</Text>
	<Text name="msg_add_all_playlist">全部追加</Text>
	<Text name="msg_delete_playlist_ask"><![CDATA[将删除播放列表。
确定要继续吗？]]></Text>
	<Text name="msg_error_startdate_video">有效期未生效。</Text>
	<Text name="msg_error_expired_video">已超过有效期。</Text>
	<Text name="msg_info_no_time_limit">没有时间限制</Text>
	<Text name="msg_info__expired">过期</Text>
	<Text name="msg_expires_on_variable">有效期限 %1</Text>
	<Text name="msg_error_timelimited_video"><![CDATA[本内容被设定了有效期。
要执行本操作，请在[设定]>[日期与时间设定]>[日期与时间]中选择[通过互联网进行设定]，并设定日期与时间。]]></Text>
	<Text name="msg_can_play_variable_first_play_now_ask"><![CDATA[本内容只可在初次播放开始%1小时内进行播放。
现在播放吗？]]></Text>
	<Text name="msg_del_content_cannot_dl_again_conf_psn">将删除内容。本内容无法再度下载。
确定要继续吗？</Text>
	<Text name="msg_to_enable_setting_enable_auto_login">通过这个操作，以下的设定已无效。
%1

如要使设定有效，需要设定[用户]的自动登录。关于自动登录的设定方法请参阅网上指南。</Text>
	<Text name="msg_to_enable_setting_enable_auto_signin">通过这个操作，以下的设定已无效。
%1

如要使设定有效，需要设定PSN的自动登陆。关于自动登陆的设定方法请参阅网上指南。</Text>
	<Text name="msg_remoteplay_remote_start"><![CDATA[[设定] > [遥控操作设定] > [遥控启动]]]></Text>
	<Text name="msg_console_setting_auto_download"><![CDATA[[设定] > [主机设定] > [自动更新]]]></Text>
	<Text name="msg_lang_japan">日语</Text>
	<Text name="msg_lang_english">英语</Text>
	<Text name="msg_lang_french">法语</Text>
	<Text name="msg_lang_spanish">西班牙语</Text>
	<Text name="msg_lang_german">德语</Text>
	<Text name="msg_lang_italian">意大利语</Text>
	<Text name="msg_lang_dutch">荷兰语</Text>
	<Text name="msg_lang_portuguese">葡萄牙语</Text>
	<Text name="msg_lang_russian">俄语</Text>
	<Text name="msg_lang_polish">波兰文</Text>
	<Text name="msg_lang_finnish">芬兰语</Text>
	<Text name="msg_lang_danish">丹麦语</Text>
	<Text name="msg_lang_norwegian">挪威语</Text>
	<Text name="msg_lang_swedish">瑞典语</Text>
	<Text name="msg_lang_turkish">土耳其语</Text>
	<Text name="msg_lang_korean">韩语</Text>
	<Text name="msg_lang_chinese_t">繁体中文</Text>
	<Text name="msg_lang_chinese_s">简体中文</Text>
	<Text name="msg_lpcm">Linear PCM</Text>
	<Text name="msg_display_on"><![CDATA[显示]]></Text>
	<Text name="msg_display_off"><![CDATA[不显示]]></Text>
	<Text name="msg_macaddress">MAC地址</Text>
	<Text name="msg_ipaddress">IP地址</Text>
	<Text name="msg_atrac_not_activated_set_pls"><![CDATA[ATRAC尚未有效。
请在[设定] > [主机设定]中将ATRAC设定为有效。]]></Text>
	<Text name="msg_backup">备份</Text>
	<Text name="msg_restore">还原</Text>
	<Text name="msg_audio_device_setting">音频设备设定</Text>
	<Text name="msg_print">印刷</Text>
	<Text name="msg_manufacturer">生产商</Text>
	<Text name="msg_10min">10分钟后</Text>
	<Text name="msg_20min">20分钟后</Text>
	<Text name="msg_30min">30分钟后</Text>
	<Text name="msg_remain_time">剩余时间</Text>
	<Text name="msg_others">其他</Text>
	<Text name="msg_level_1">级别 1</Text>
	<Text name="msg_level_2">级别 2</Text>
	<Text name="msg_level_3">级别 3</Text>
	<Text name="msg_level_4">级别 4</Text>
	<Text name="msg_level_5">级别 5</Text>
	<Text name="msg_level_6">级别 6</Text>
	<Text name="msg_level_7">级别 7</Text>
	<Text name="msg_level_8">级别 8</Text>
	<Text name="msg_level_9">级别 9</Text>
	<Text name="msg_level_10">级别 10</Text>
	<Text name="msg_level_11">级别 11</Text>
	<Text name="msg_gameetc_pc">视听者限制</Text>
	<Text name="msg_netservice">PSN</Text>
	<Text name="msg_error_server_connect_timeout"><![CDATA[与服务器的连接处理已逾时。]]></Text>
	<Text name="msg_cannot_operate_in_demonstration_mode">本操作无法在演示模式执行。</Text>
	<Text name="msg_tool_install_file"><![CDATA[★ Install Package Files]]></Text>
	<Text name="msg_tool_app_home_ps3_game"><![CDATA[★ /app_home/PS3_GAME/]]></Text>
	<Text name="msg_tool_title_store_preview">Title Store Preview</Text>
	<Text name="msg_tool_title_store_preview_ingame"><![CDATA[★ Title Store Preview (inGame)]]></Text>
	<Text name="msg_tool_title_store_preview_store"><![CDATA[★ Title Store Preview (Store)]]></Text>
	<Text name="msg_tool_lock"><![CDATA[★ Lock]]></Text>
	<Text name="msg_tool_unlock"><![CDATA[★ Unlock]]></Text>
	<Text name="msg_tool_check"><![CDATA[★ Check]]></Text>
	<Text name="msg_tool_cancel_purchase"><![CDATA[★ Cancel Purchase]]></Text>
	<Text name="msg_tool_del"><![CDATA[★ Delete]]></Text>
	<Text name="msg_tool_import"><![CDATA[★ Import]]></Text>
	<Text name="msg_tool_export"><![CDATA[★ Export]]></Text>
	<Text name="msg_tool_quick_sign_up"><![CDATA[★ Quick Sign Up]]></Text>
	<Text name="msg_tool_performance_bar"><![CDATA[★ Performance Bar]]></Text>
	<Text name="msg_tool_no_memory_limit"><![CDATA[★ No Memory Limit]]></Text>
	<Text name="msg_tool_quick_preview"><![CDATA[★ Quick Preview]]></Text>
	<Text name="msg_tool_owner_info"><![CDATA[★ Owner Information]]></Text>
	<Text name="msg_no_trophy">There are no trophies.</Text>
	<Text name="msg_bdu_software">Software</Text>
	<Text name="msg_digitalcamera_image">数码相机图像</Text>
	<Text name="msg_del_image_ask">将删除图像。
确定要继续吗？</Text>
	<Text name="msg_del_images_ask">将删除所选择的图像。
确定要继续吗？</Text>
	<Text name="msg_del_camerafolder_ask">将删除文件夹和文件夹内的所有图像。
设定为只读的图像也将被删除。
确定要继续吗？</Text>
	<Text name="msg_del_image_protected_ask">此图像设定为只读。
确定要删除吗？</Text>
	<Text name="msg_del_imagefolder_ask">将删除文件夹和文件夹内所有图像。
确定要继续吗？</Text>
	<Text name="msg_error_del_imagefolder">无法删除文件夹。
文件夹内含有图像以外的数据。</Text>
	<Text name="msg_del_image_select">请选择要删除的图像。</Text>
	<Text name="msg_copy_image_select">请选择要复制的图像。</Text>
	<Text name="msg_error_no_image_copy">没有可以复制的图像。</Text>
	<Text name="msg_error_no_image">没有图像。</Text>
	<Text name="msg_mmyyyy_jan">%1年 1月</Text>
	<Text name="msg_mmyyyy_feb">%1年 2月</Text>
	<Text name="msg_mmyyyy_mar">%1年 3月</Text>
	<Text name="msg_mmyyyy_apr">%1年 4月</Text>
	<Text name="msg_mmyyyy_may">%1年 5月</Text>
	<Text name="msg_mmyyyy_jun">%1年 6月</Text>
	<Text name="msg_mmyyyy_jul">%1年 7月</Text>
	<Text name="msg_mmyyyy_aug">%1年 8月</Text>
	<Text name="msg_mmyyyy_sep">%1年 9月</Text>
	<Text name="msg_mmyyyy_oct">%1年 10月</Text>
	<Text name="msg_mmyyyy_nov">%1年 11月</Text>
	<Text name="msg_mmyyyy_dec">%1年 12月</Text>
	<Text name="msg_yyyy">%1年</Text>
	<Text name="msg_slideshow_type1">幻灯片</Text>
	<Text name="msg_slideshow_type2">肖像</Text>
	<Text name="msg_slideshow_type3">相册</Text>
	<Text name="msg_slideshow_type4">相册2</Text>
	<Text name="msg_piccto_explanation"><![CDATA[创建您独有的回忆空间。
使用输入至PS3™的照片，即可轻松创作出与众不同的相册。
您可依不同主题将照片分类，边听音乐、边欣赏幻灯片播放，或为喜爱的照片加上相框装饰。输入的照片越多，越能畅享重温快乐回忆的乐趣。]]></Text>
	<Text name="msg_piccto_explanation_sd">创建您独有的回忆空间。
使用输入至PS3™的照片，即可轻松创作出与众不同的相册。</Text>
	<Text name="msg_cddbdata_getting">正在读取CD信息。
请稍等。</Text>
	<Text name="msg_cddbdata_pluralfound_select">检测到一个以上的CD信息。
请选择适当的CD信息。</Text>
	<Text name="msg_cddbdata_send">发送CD信息</Text>
	<Text name="msg_cddbdata_sending">正在发送CD信息。
请稍等。</Text>
	<Text name="msg_select_import">选择输入</Text>
	<Text name="msg_select_import_pls">请选择要输入的章节。</Text>
	<Text name="msg_copy_track_select">请选择复制的章节。</Text>
	<Text name="msg_del_track_protected_ask">这是被保护的章节。
确定要删除吗？</Text>
	<Text name="msg_del_folder_track_protected_ask">删除文件夹和文件夹内所有章节。
被保护的章节也会被删除。
确定要继续吗？</Text>
	<Text name="msg_cannot_copy_protected_truck">无法复制有著作权保护的章节。</Text>
	<Text name="msg_copied_except_copyright_protected_track">复制完毕。
无法复制有著作权保护的章节。</Text>
	<Text name="msg_del_track_select">请选择要删除的章节。</Text>
	<Text name="msg_del_track_ask">将删除本章节。
确定要继续吗？</Text>
	<Text name="msg_del_tracks_ask">将删除所选择的章节。
确定要继续吗？</Text>
	<Text name="msg_del_trackfolder_ask">将删除文件夹和文件夹内所有的章节。
确定要继续吗？</Text>
	<Text name="msg_error_del_trackfolder_different">无法删除文件夹。
文件夹内含有音乐以外的数据。</Text>
	<Text name="msg_importing">正在输入。
请稍等。</Text>
	<Text name="msg_import_cancel_ask">要取消输入吗？</Text>
	<Text name="msg_imported">输入完毕。</Text>
	<Text name="msg_error_import">无法输入。</Text>
	<Text name="msg_error_track_over">因可保存的章节数已达上限，输入被终止。</Text>
	<Text name="msg_error_no_trackfolder_copy">没有可以复制的章节。</Text>
	<Text name="msg_error_copyright_track">著作权保护信息不正确。</Text>
	<Text name="msg_changedinfo_save_music_ask">要保存变更的信息吗？
文件夹内的所有章节将反映变更内容。</Text>
	<Text name="msg_error_no_track">没有章节。</Text>
	<Text name="msg_error_no_nexttrack">没有下一章节。</Text>
	<Text name="msg_error_no_prevtrack">没有上一章节。</Text>
	<Text name="msg_track_number_value">章节 %1</Text>
	<Text name="msg_digitalcamera_video">数码相机视频</Text>
	<Text name="msg_psstore_video_offline_explanation_sd">PlayStation®Store满载大量独家高清视频影像内容。
为您的PS3™、PS Vita及PSP™追加更多丰富内容，今天就来进入PlayStation®Store看看吧！</Text>
	<Text name="msg_psstore_video_offline_explanation_hd">PlayStation®Store满载大量独家高清视频影像内容。
为您的PS3™、PS Vita及PSP™追加更多丰富内容，今天就来进入PlayStation®Store看看吧！</Text>
	<Text name="msg_error_no_title">没有作品</Text>
	<Text name="msg_error_title_over">可保存的作品数已超出上限。</Text>
	<Text name="msg_copy_title_select">请选择要复制的作品。</Text>
	<Text name="msg_copy_titlefolder2">无法复制著作权被保护的作品。</Text>
	<Text name="msg_error_no_title_copy">没有可以复制的内容。</Text>
	<Text name="msg_error_magicgate_device_required">如要执行本操作，需使用对应著作权保护功能的USB设备。</Text>
	<Text name="msg_copied_except_copyright_protected_title">复制完毕。
无法复制有著作权保护的作品。</Text>
	<Text name="msg_title_number_value">标题 %1</Text>
	<Text name="msg_smove_destination_select">请选择移动的位置。</Text>
	<Text name="msg_smoving">正在移动。
请稍等。</Text>
	<Text name="msg_smove_cancel_ask">要取消移动吗？</Text>
	<Text name="msg_smoved">移动完毕。</Text>
	<Text name="msg_error_smove">无法移动。</Text>
	<Text name="msg_error_move_mspro">要移动这个作品需要Memory Stick PRO™。</Text>
	<Text name="msg_del_title_select">请选择删除的作品。</Text>
	<Text name="msg_del_title_ask">删除作品。
要继续吗？</Text>
	<Text name="msg_del_titles_ask">删除选择的作品。
要继续吗？</Text>
	<Text name="msg_del_titlefolder_ask">删除文件夹和文件夹内所有作品。
要继续吗？</Text>
	<Text name="msg_del_camerafolder_video_ask">删除文件夹和文件夹内所有作品。
被保护的作品也会被删除。
要继续吗？</Text>
	<Text name="msg_del_title_protected_ask">这是被保护的作品。
要删除吗？</Text>
	<Text name="msg_error_del_movie_folder">无法删除文件夹。
文件夹内有视频以外的数据。</Text>
	<Text name="msg_error_smove_prohibit">本作品被禁止移动。</Text>
	<Text name="msg_corrupted_copyright">因著作权保护信息损坏，即将进行修复。</Text>
	<Text name="msg_error_corrupted_copyright">无法修复著作权保护信息。</Text>
	<Text name="msg_error_no_execute">这里无法进行该项操作。</Text>
	<Text name="msg_video_editor_and_upload"><![CDATA[视频影像编辑 & 上传]]></Text>
	<Text name="msg_video_editor_explanation">编辑喜爱的视频影像内容，再上传至分享网站与好友分享。</Text>
	<Text name="msg_create_new_video">创建新的视频影像</Text>
	<Text name="msg_del_content_ask">删除内容。
确定要继续吗？</Text>
	<Text name="msg_error_create_content_number_over">可创建内容数已超过上限。</Text>
	<Text name="msg_backup_data_utility">管理备份数据</Text>
	<Text name="msg_bd_data_utility">管理BD数据</Text>
	<Text name="msg_common_cache_data">通用Cache数据</Text>
	<Text name="msg_bd_data_delete_ask">删除BD数据。
确定要继续吗？</Text>
	<Text name="msg_service_coming_soon">本服务将于近期公开。</Text>
	<Text name="msg_service_app_install_folder">我的频道</Text>
	<Text name="msg_vita_application_utility">PS Vita应用程序管理</Text>
	<Text name="msg_applications_vita">应用程序（PS Vita）</Text>
	<Text name="msg_applications_psp_other">应用程序（PSP™/其它）</Text>
	<Text name="msg_applications_ps1">应用程序（PS）</Text>
	<Text name="msg_applications_psm">应用程序（PlayStation®Mobile）</Text>
	<Text name="msg_gamedata_utility">管理游戏数据</Text>
	<Text name="msg_savedata_utility_ps3">管理保存数据（PS3™）</Text>
	<Text name="msg_savedata_utility_ps2">管理保存数据（PS2）</Text>
	<Text name="msg_savedata_utility_minis_psp">管理保存数据（minis/PSP™）</Text>
	<Text name="msg_savedata_utility_psp_emu_psp">管理保存数据（PSP™ Remaster/PSP™）</Text>
	<Text name="msg_savedata_utility_minis_psp_emu_psp">管理保存数据（minis/PSP™ Remaster/PSP™）</Text>
	<Text name="msg_memory_card_utility">管理记忆卡</Text>
	<Text name="msg_content_pc">视听者限制内容</Text>
	<Text name="msg_ps1_gamedisc"><![CDATA[PlayStation®规格光碟]]></Text>
	<Text name="msg_ps2_gamedisc"><![CDATA[PlayStation®2规格光碟]]></Text>
	<Text name="msg_ps2_format_software"><![CDATA[PlayStation®2规格软件]]></Text>
	<Text name="msg_playstation">PlayStation®</Text>
	<Text name="msg_playstation2">PlayStation®2</Text>
	<Text name="msg_playstation3">PlayStation®3</Text>
	<Text name="msg_minis">minis</Text>
	<Text name="msg_psp_emu">PSP™ Remaster</Text>
	<Text name="msg_pc_engine">PCEngine</Text>
	<Text name="msg_neogeo">NEOGEO</Text>
	<Text name="msg_cannot_start_unless_install_install_ask">本游戏需安装到主机存储器才能启动。
开始安装吗？</Text>
	<Text name="msg_psstore_game_offline_explanation_sd">PlayStation®Store满载大量独家下载游戏，免费PS3™游戏体验版、宣传影片以及游戏追加内容。
为您的PS3™追加更多丰富内容，今天就来进入PlayStation®Store看看吧！</Text>
	<Text name="msg_psstore_game_offline_explanation_hd">PlayStation®Store满载大量独家下载游戏，免费PS3™游戏体验版、宣传影片以及游戏追加内容。
为您的PS3™追加更多丰富内容，今天就来进入PlayStation®Store看看吧！</Text>
	<Text name="msg_disc_benefit">光碟特典</Text>
	<Text name="msg_select_receive_disc_benefit">若要取得此光碟的特典，请选择此选项。</Text>
	<Text name="msg_only_for_psp_need_copy_ask">本内容可在PSP™上使用。
要复制到PSP™吗？</Text>
	<Text name="msg_error_cannot_use_content_download_again_copy_can_use"><![CDATA[无法使用此内容。
请使用购买本内容的账号登陆，再选择[PSN] > [PlayStation®Store]的[下载列表]再次下载本内容。
下载并复制到支持本内容的设备后即可使用。]]></Text>
	<Text name="msg_error_cannot_play_ps2_format"><![CDATA[本机不对应PlayStation®2规格软件。]]></Text>
	<Text name="msg_error_game_wrong_region">本软件因区域码的限制而无法启动。</Text>
	<Text name="msg_error_gamedisc_cannot_start">无法启动此光碟。</Text>
	<Text name="msg_error_game_start_failure">无法启动。</Text>
	<Text name="msg_current_systemsoftware_update_ask">此PS3™的系统软件为%1版本。
若想启动，需升级%2版本或更高版本。
现在就进行升级吗？</Text>
	<Text name="msg_systemsoftware_update_ask">请在使用前执行系统软件的升级。</Text>
	<Text name="msg_game_start">开始</Text>
	<Text name="msg_about_game">关于本游戏</Text>
	<Text name="msg_about_game_ps3_content">Library programs ©Sony Computer Entertainment Inc. Licensed for play on the PlayStation®3 Computer Entertainment System or authorized PlayStation®3 format systems. For full terms and conditions see the user's manual. This product is authorized and produced under license from Sony Computer Entertainment Inc. Use is subject to the copyright laws and the terms and conditions of the user's license.</Text>
	<Text name="msg_game_update_history">更新历史记录</Text>
	<Text name="msg_purchase">购买</Text>
	<Text name="msg_savedata_auto_upload">自动上传保存数据</Text>
	<Text name="msg_installgame_delete_ask">将删除已安装的游戏。
确定要继续吗？</Text>
	<Text name="msg_error_no_savedata">保存数据不存在。</Text>
	<Text name="msg_info_detail">详细信息</Text>
	<Text name="msg_protection">使用条件</Text>
	<Text name="msg_copy_prohibited">禁止复制</Text>
	<Text name="msg_error_history_auto_upload">错误历史记录（自动上传）</Text>
	<Text name="msg_online_storage">在线存储</Text>
	<Text name="msg_online_storage_explanation">可在线存储保存数据。
可将您的保存数据下载至朋友的PS3™继续游玩，或在线备份数据，进一步扩展您的游戏体验。</Text>
	<Text name="msg_to_save_data_select_copy_option">若要将您的数据保存至在线存储，请选择想要保存的数据，再选择选项菜单中的[复制]。</Text>
	<Text name="msg_save_data_copy_prohibited_upload_explanation">从在线存储下载本保存数据的频率受到限制。
自最后一次于在线存储上传或下载本数据结束%1小时后方可下载本数据。
但可以随时向在线存储上传。</Text>
	<Text name="msg_error_online_storage_full">在线存储没有足够的空余容量。
若要复制，需%1以上的空余容量。</Text>
	<Text name="msg_error_save_data_copy_prohibited_download">现在无法下载此保存数据。
每%1小时只可下载一次。

下次可下载的时间为：
%2</Text>
	<Text name="msg_vmc_ps1">假想记忆卡（PS）</Text>
	<Text name="msg_vmc_ps2">假想记忆卡（PS2）</Text>
	<Text name="msg_free_space_vmc_ps1">%1 / 120 KB</Text>
	<Text name="msg_free_space_vmc_ps2">%1 / 7998 KB</Text>
	<Text name="msg_category">种类</Text>
	<Text name="msg_savedata">保存数据</Text>
	<Text name="msg_savedata_ps1">保存数据 (PlayStation®)</Text>
	<Text name="msg_savedata_ps2">保存数据 (PlayStation®2)</Text>
	<Text name="msg_application_ps2">软件 (PlayStation®2)</Text>
	<Text name="msg_application_pocketstation">软件 (PocketStation™)</Text>
	<Text name="msg_setting_file_ps2">设定文件 (PlayStation®2)</Text>
	<Text name="msg_system_driver_ps2">系统驱动程序 (PlayStation®2)</Text>
	<Text name="msg_unknown_data">未分类</Text>
	<Text name="msg_vmc">假想记忆卡</Text>
	<Text name="msg_error_no_vmc">没有假想记忆卡。</Text>
	<Text name="msg_free_space_vmc_ps1_w_title">空余容量 : %1 / 120 KB</Text>
	<Text name="msg_free_space_vmc_ps2_w_title">空余容量 : %1 / 7998 KB</Text>
	<Text name="msg_pocketstation">PocketStation™</Text>
	<Text name="msg_created_date_time">创建日期</Text>
	<Text name="msg_error_mc_no_access">无法存取记忆卡。</Text>
	<Text name="msg_error_savedata_cannot_copy">本保存数据被禁止复制。</Text>
	<Text name="msg_error_no_gamedata">没有游戏数据。</Text>
	<Text name="msg_update_quit_software_update">检测到最新的升级数据。
主机将结束本软件并开始升级。</Text>
	<Text name="msg_wait_donot_turn_off">请稍等。
请不要关闭主机电源。</Text>
	<Text name="msg_playmode"><![CDATA[播放模式]]></Text>
	<Text name="msg_play_track_select"><![CDATA[请选择播放的章节。]]></Text>
	<Text name="msg_no_data">没有数据。</Text>
	<Text name="msg_error_service_stop">本服务已结束。</Text>
	<Text name="msg_error_account_service">本帐号已被停止使用本服务。</Text>
	<Text name="msg_browser">互联网浏览器</Text>
	<Text name="msg_ps3_portal">PlayStation®Store</Text>
	<Text name="msg_psp_connection">遥控操作</Text>
	<Text name="msg_remoteplay_explanation"><![CDATA[使用支持遥控操作的设备（PS Vita或PSP™等）通过网络远距离操作主机。若要使用此功能，请选择[设定] > [遥控操作设定] > [添加设备]，正确添加遥控操作设备。]]></Text>
	<Text name="msg_onlinemanual">网上指南</Text>
	<Text name="msg_file">文件</Text>
	<Text name="msg_open">打开</Text>
	<Text name="msg_internet_search">互联网搜索</Text>
	<Text name="msg_download_cancel_ask">要取消下载吗？</Text>
	<Text name="msg_error_server_transaction_failure">无法与服务器通信。</Text>
	<Text name="msg_no_file">没有文件。</Text>
	<Text name="msg_content_not_support_remoteplay">无法在遥控操作中使用本内容。</Text>
	<Text name="msg_error_cannot_operate_remoteplay">无法在遥控操作中执行该操作。</Text>
	<Text name="msg_error_cannot_start_can_play_follow_device">无法启动。
使用遥控操作时，仅限以下设备可启动本内容：</Text>
	<Text name="msg_error_need_update_psp">需要执行PSP™主机的系统软件的升级。
关于升级的方法，请参阅PSP™主机的使用说明书。</Text>
	<Text name="msg_error_no_signup_ask">需要注册Sony Entertainment Network。
要注册吗？</Text>
	<Text name="msg_download_control">下载管理</Text>
	<Text name="msg_no_download_content">没有正在下载的内容。</Text>
	<Text name="msg_variable_downloading">%1 %% 正在下载</Text>
	<Text name="msg_variable_download_error">%1 %% 下载错误</Text>
	<Text name="msg_variable_download_waiting">%1 %%正在等待下载</Text>
	<Text name="msg_variable_download_pausing">%1%%正在暂停下载</Text>
	<Text name="msg_pause_all">全部暂停</Text>
	<Text name="msg_resume_all">全部重新开始</Text>
	<Text name="msg_progress">进行状况</Text>
	<Text name="msg_resume">重新开始</Text>
	<Text name="msg_download_restart">重新下载</Text>
	<Text name="msg_download_cancel">取消下载</Text>
	<Text name="msg_install">安装</Text>
	<Text name="msg_download_content_was_deleted">从服务器删除了内容。</Text>
	<Text name="msg_need_app_software_download_ask">如要使用本功能，需先下载软件。
要下载吗？</Text>
	<Text name="msg_cellbrowser_foldingathome">Folding@home™</Text>
	<Text name="msg_auto_start">自动启动</Text>
	<Text name="msg_title_lwp">Life with PlayStation®</Text>
	<Text name="msg_psstore_explanation_sd">PlayStation®Store充满了独占的可下载游戏、免费的PS3™体验版游戏、追加数据包和视频影像。

今天就来访问Store吧！</Text>
	<Text name="msg_psstore_explanation_hd"><![CDATA[免费*访问，PlayStation®Store 是唯一的下载最新和独占的PS3™游戏、免费的体验版游戏、追加数据包和高清视频影像的地方。

充分享用您的PS3™，今天就来访问PlayStation®Store 吧！

* 需宽带互联网连接。]]></Text>
	<Text name="msg_reg_explanation_sd"><![CDATA[享受免费的* 在线游戏，下载游戏、扩展数据包和独占内容，同朋友们聊天以及比较Trophy（奖杯）。
立即注册并开始无限乐趣吧！
* 需宽带互联网连接。]]></Text>
	<Text name="msg_reg_explanation_hd"><![CDATA[PSN充满了娱乐和互动。
享受免费的* 在线游戏，下载精彩的新游戏、许多热门作品的扩展数据包，观看宣传影片并获取独占内容，同朋友们聊天以及比较Trophy（奖杯）。

今天就来注册吧——简单而且免费！

* 需宽带互联网连接。]]></Text>
	<Text name="msg_account_manage"><![CDATA[账号管理]]></Text>
	<Text name="msg_can_change_psn_account_psstore_setteing"><![CDATA[可变更关于账号及PlayStation®Store中购物的设定。]]></Text>
	<Text name="msg_your_channel">What's New</Text>
	<Text name="msg_your_channel_offline_explanation_hd"><![CDATA["What's New"是供您取得PlayStation®最新消息的功能，亦会显示您最近曾游玩的3款游戏，供您阅览相关游戏信息或直接开始游玩。

只要免费登入PSN*，便可实时享用"What's New"，加入精彩的娱乐世界！

*需使用宽带与互联网连接。]]></Text>
	<Text name="msg_your_channel_offline_explanation_sd"><![CDATA["What's New"是供您取得PlayStation®最新消息的功能，亦会显示您最近曾游玩的3款游戏，供您阅览相关游戏信息或直接开始游玩。只要免费登入PSN*，便可实时加入精彩的娱乐世界！

*需使用宽带与互联网连接。]]></Text>
	<Text name="msg_your_channel_caution_launching_website">即将连往互联网网站。</Text>
	<Text name="msg_trophy_collection">Trophy（奖杯）收藏</Text>
	<Text name="msg_trophy_count">Trophy（奖杯）数</Text>
	<Text name="msg_gain_date">获得日期</Text>
	<Text name="msg_no_trophy_explanation"><![CDATA[找不到Trophy（奖杯）。
游玩支持Trophy（奖杯）功能的游戏并获得奖杯，即可显示奖杯。]]></Text>
	<Text name="msg_compare_trophy">比较Trophy（奖杯）</Text>
	<Text name="msg_trophy_grade">Grade（等级）</Text>
	<Text name="msg_trophy_platinum">Platinum（白金）</Text>
	<Text name="msg_trophy_gold">Gold（金）</Text>
	<Text name="msg_trophy_silver">Silver（银）</Text>
	<Text name="msg_trophy_bronze">Bronze（铜）</Text>
	<Text name="msg_sync_with_server">与服务器同步</Text>
	<Text name="msg_switch_mode">切换模式</Text>
	<Text name="msg_online_mode">在线模式</Text>
	<Text name="msg_online_mode_trophy_explanation">在线模式
可浏览保存于服务器上的奖杯信息。</Text>
	<Text name="msg_offline_mode">离线模式</Text>
	<Text name="msg_offline_mode_trophy_explanation">离线模式
仅能浏览本主机内保存的奖杯信息。</Text>
	<Text name="msg_trophy_base_addon">游戏本编／追加内容</Text>
	<Text name="msg_hidden_trophy_name">隐藏奖杯</Text>
	<Text name="msg_original_f">原始顺序</Text>
	<Text name="msg_trophy_grade_f">等级顺序</Text>
	<Text name="msg_trophy_earned_f">获得日期顺序▲</Text>
	<Text name="msg_trophy_earned_r">获得日期顺序▼</Text>
	<Text name="msg_privacy_settings">隐私设定</Text>
	<Text name="msg_ps_plus_psn">PlayStation®Plus</Text>
	<Text name="msg_health_warning_psn">健康警告</Text>
	<Text name="msg_psp_exclusive_install_ask">本内容为PSP™专用。
要安装至PSP™吗？</Text>
	<Text name="msg_bonus_digital_copy">Digital Copy</Text>
	<Text name="msg_bonus_digital_copy_explanation">若要使用此内容，需先登陆PSN并将内容复制至本主机的主机存储器。</Text>
	<Text name="msg_error_service_not_available_region">您的国家／地区无法使用本服务。</Text>
	<Text name="msg_sigining_in2"><![CDATA[正在登陆…]]></Text>
	<Text name="msg_auto_signin_off">自动登陆 关</Text>
	<Text name="msg_auto_signin">自动登陆</Text>
	<Text name="msg_signout">登出</Text>
	<Text name="msg_error_no_execute_psn_maintenance_partially">无法执行该操作。
Sony Entertainment Network当前正在维护中。</Text>
	<Text name="msg_error_no_player">没有检测到玩家。</Text>
	<Text name="msg_signin">登陆</Text>
	<Text name="msg_ignore_list">拒绝列表</Text>
	<Text name="msg_friend_register">添加朋友</Text>
	<Text name="msg_play_with">一起游玩的玩家</Text>
	<Text name="msg_av_chatroom">AV聊天室</Text>
	<Text name="msg_game_chatroom">游戏聊天室</Text>
	<Text name="msg_msg_box">信箱</Text>
	<Text name="msg_last_signin_minute_ago">最近登陆时间：%1分钟前</Text>
	<Text name="msg_last_signin_hour_ago">最近登陆时间：%1小时前</Text>
	<Text name="msg_last_signin_day_ago">最近登陆时间：%1日前</Text>
	<Text name="msg_last_signin_month_ago">最近登陆时间：%1个月前</Text>
	<Text name="msg_last_signin_more_than_2year_ago">最近登陆时间：2年以上</Text>
	<Text name="msg_to">收件人</Text>
	<Text name="msg_sent">发送完毕。</Text>
	<Text name="msg_registered">添加完毕。</Text>
	<Text name="msg_error_registered_number_over">已超出可添加的人数。</Text>
	<Text name="msg_error_cannot_register_myself">无法添加自己。</Text>
	<Text name="msg_accept_friend_register_ask">添加至朋友吗？</Text>
	<Text name="msg_register_request">加为朋友请求</Text>
	<Text name="msg_asking_to_add">正在请求加为朋友。</Text>
	<Text name="msg_asked_to_add">收到加为朋友的请求。</Text>
	<Text name="msg_msg_list">信息列表</Text>
	<Text name="msg_start_new_chat">开始新的聊天</Text>
	<Text name="msg_new_msg">创建信息</Text>
	<Text name="msg_error_no_msg">没有信息。</Text>
	<Text name="msg_status_f">按状态顺序</Text>
	<Text name="msg_name_f">按名称顺序</Text>
	<Text name="msg_online_id">在线ID</Text>
	<Text name="msg_online_name">在线昵称</Text>
	<Text name="msg_about_me">自我介绍</Text>
	<Text name="msg_my_lang">经常使用的语言</Text>
	<Text name="msg_received_msg_count">接收信息数</Text>
	<Text name="msg_unread_msg_count">未读信息数</Text>
	<Text name="msg_protect_msg_count">保护信息数</Text>
	<Text name="msg_sent_msg_count">发送信息数</Text>
	<Text name="msg_received_msg_count_with_variable">接收信息数 %1</Text>
	<Text name="msg_sent_msg_count_with_variable">发送信息数 %1</Text>
	<Text name="msg_from">发件人</Text>
	<Text name="msg_received_datetime">接收时间</Text>
	<Text name="msg_sent_datetime">发送时间</Text>
	<Text name="msg_reply_to_friend_register">回复加为朋友请求</Text>
	<Text name="msg_del_addingfriend_ask">将删除正在请求添加的朋友。
删除此朋友后，对方的朋友列表也将把你删除。
确定要继续吗？</Text>
	<Text name="msg_del_friend_ask">将删除朋友。
删除后您也将被对方删除。
确定要继续吗？</Text>
	<Text name="msg_status">状态</Text>
	<Text name="msg_profile">简介</Text>
	<Text name="msg_online">上线</Text>
	<Text name="msg_afk">离开</Text>
	<Text name="msg_add_ignore_list">添加至拒绝列表</Text>
	<Text name="msg_game_title">游戏软件</Text>
	<Text name="msg_information">信息</Text>
	<Text name="msg_played_date_hour">游玩日期</Text>
	<Text name="msg_add_ignore_list_ask">添加至拒绝列表后，将不再接收对方的信息。
要继续吗？</Text>
	<Text name="msg_adding">正在添加。
请稍等。</Text>
	<Text name="msg_del_from_ignore_list">从拒绝列表删除</Text>
	<Text name="msg_del_ignore_list_ask">将从拒绝列表删除。
确定要继续吗？</Text>
	<Text name="msg_error_not_registered">还未添加。</Text>
	<Text name="msg_error_try_again_later">发生了错误。
请稍候再试。</Text>
	<Text name="msg_send_grief_report"><![CDATA[举报]]></Text>
	<Text name="msg_received_box">收件箱</Text>
	<Text name="msg_sent_box">发件箱</Text>
	<Text name="msg_list">列表</Text>
	<Text name="msg_protect">保护</Text>
	<Text name="msg_unprotected">解除保护</Text>
	<Text name="msg_edit">编辑</Text>
	<Text name="msg_attach_image_select">请选择粘贴的图像。</Text>
	<Text name="msg_attach_cancel_ask">要取消粘贴吗？</Text>
	<Text name="msg_dell_msg_all_ask">要删除所有信息吗？
无法删除被保护的信息。</Text>
	<Text name="msg_del_msgl_ask">将删除信息。
确定要继续吗？</Text>
	<Text name="msg_dell_msg_all_ask2">要删除所有信息吗？</Text>
	<Text name="msg_voice_text_chatroom">语音／文字聊天室</Text>
	<Text name="msg_text_chatroom">文字聊天室</Text>
	<Text name="msg_mic_on">麦克风 开</Text>
	<Text name="msg_mic_off">麦克风 关</Text>
	<Text name="msg_chat_volume">聊天音量</Text>
	<Text name="msg_camera_on">摄像头 开</Text>
	<Text name="msg_camera_off">摄像头 关</Text>
	<Text name="msg_chat_screen_on"><![CDATA[显示聊天画面]]></Text>
	<Text name="msg_chat_screen_off">隐藏聊天画面</Text>
	<Text name="msg_invite_friend">邀请朋友</Text>
	<Text name="msg_new_msg_all">向所有人创建信息</Text>
	<Text name="msg_quit">退出</Text>
	<Text name="msg_cancel2">取消</Text>
	<Text name="msg_invite_chat">聊天邀请</Text>
	<Text name="msg_participants_list">参加者列表</Text>
	<Text name="msg_invite_game">游戏邀请</Text>
	<Text name="msg_error_add">无法添加。</Text>
	<Text name="msg_error_attach_size_over">已超出可添加的文件容量。</Text>
	<Text name="msg_error_attach_deleted">附件已被删除。</Text>
	<Text name="msg_error_player_added">该玩家已添加。</Text>
	<Text name="msg_protect_msg_over">已超出可保护的信息数。
最多可保护50个信息。</Text>
	<Text name="msg_error_cannot_operate_signin_pls">无法执行该操作。
请登陆。</Text>
	<Text name="msg_error_cannot_creat_message">无法创建信息。</Text>
	<Text name="msg_error_ignore_list_friend">无法将朋友添加到拒绝列表。
添加至拒绝列表前，需先将其从朋友列表删除。</Text>
	<Text name="msg_version">版本</Text>
	<Text name="msg_new_user_create">创建新用户</Text>
	<Text name="msg_logout_ask">要退出登录吗？</Text>
	<Text name="msg_login_ask">使用所选择的用户登录吗？
现在所登录的用户将退出登录。</Text>
	<Text name="msg_username_create">请输入用户名。</Text>
	<Text name="msg_error_max_num_users_reached">无法创建更多的用户。
最多可创建16名用户。</Text>
	<Text name="msg_error_other_username_create_pls">此昵称已经被登记。
请输入别的用户名。</Text>
	<Text name="msg_error_new_user_create">无法创建用户。</Text>
	<Text name="msg_user_del_2nd_ask">确定要删除用户吗？</Text>
	<Text name="msg_auto_login_set">今后启动PS3™时将自动以"%1"登录。</Text>
	<Text name="msg_username">用户</Text>
	<Text name="msg_username_num">用户%1</Text>
	<Text name="msg_auto_login">自动登录</Text>
	<Text name="msg_logout">退出登录</Text>
	<Text name="msg_user_del_ask"><![CDATA[删除用户后，PlayStation®3 规格软件的保存数据、信息、Trophy（奖杯）等也将会被删除。
确定要继续吗？]]></Text>
	<Text name="msg_error_character">以下的文字无法输入。
%1</Text>
	<Text name="msg_health_warning_detail_scee_1">Seizures induced by light stimulation (Photosensitive Epilepsy)

</Text>
	<Text name="msg_health_warning_detail_scee_2">If you have an epileptic condition or have had seizures, consult your doctor prior to playing. Some individuals may experience eye soreness, altered vision, migraine, muscle twitching, convulsion, blackout, loss of awareness or disorientation when exposed to flashing or flickering lights or other light stimulation on a television screen or while playing video games. If you experience any of the above symptoms while playing, discontinue use immediately and consult your doctor.

</Text>
	<Text name="msg_health_warning_detail_scee_3">Stop playing immediately when you experience the following symptoms:
</Text>
	<Text name="msg_health_warning_detail_scee_4">In addition to the above symptoms, whilst playing if you have a headache, dizziness, nausea, fatigue, similar symptoms to motion sickness, or if you feel a discomfort or pain in any body part such as eyes, ears, hands, arms, feet, discontinue use immediately. If the condition persists, seek medical attention.



</Text>
	<Text name="msg_health_warning_detail_scee_5">3D images

</Text>
	<Text name="msg_health_warning_detail_scee_6">Some people may experience discomfort (such as eye strain, eye fatigue, or nausea) while watching 3D video images or playing stereoscopic 3D games on 3D televisions. If you experience such discomfort you should immediately discontinue use of your television until the discomfort subsides.
</Text>
	<Text name="msg_health_warning_detail_scee_7">Generally we recommend that you avoid prolonged use of your PlayStation®3 system and take 15 minutes breaks during each hour of play. However, when playing stereoscopic 3D games or watching 3D video, the length and frequency of necessary breaks may vary from person to person - please take breaks that are long enough to allow any feelings of discomfort to subside. If symptoms persist, consult your doctor.
</Text>
	<Text name="msg_health_warning_detail_scee_8">The vision of young children (especially those under six years old) is still under development. Consult with your child's doctor or optometrist before allowing young children to watch 3D video images or play stereoscopic 3D games. Adults should supervise young children to ensure they follow the recommendations listed above.



</Text>
	<Text name="msg_health_warning_detail_scee_9">Notes on safety when using the DUALSHOCK™3 Wireless Controller

</Text>
	<Text name="msg_health_warning_detail_scee_10">Do not use the vibration function if you have any ailment or injury to the bones, joints or muscles of your hands or arms. If you have an ailment or an injury, do not play such titles using the DUALSHOCK™3 Wireless Controller unless you have set the vibration function to [Off].



</Text>
	<Text name="msg_health_warning_detail_scee_11">・Use in a well-lit area and keep a safe distance from the TV screen.
・Avoid prolonged use of the PS3™ system. Take a 15-minute break during each hour of play.
・Avoid playing when you are tired or need sleep.
</Text>
	<Text name="msg_health_warning_detail_scee_12">・Stop using the system immediately if you begin to feel tired or if you experience discomfort or pain in your hands or arms while operating the Wireless Controller. If the condition persists, consult a doctor.
</Text>
	<Text name="msg_health_warning_detail_scee_13">・If you experience any of the following health problems, discontinue use of the system immediately. If symptoms persist, consult a doctor.
- Dizziness, nausea, fatigue or symptoms similar to motion sickness
- Discomfort or pain in a part of the body, such as eyes, ears, hands or arms</Text>
	<Text name="msg_health_warning_detail_scea_1">Photosensitivity/Epilepsy/Seizures

</Text>
	<Text name="msg_health_warning_detail_scea_2">A very small percentage of individuals may experience epileptic seizures or blackouts when exposed to certain light patterns or flashing lights. Exposure to certain patterns or backgrounds on a television screen or when playing video games may trigger epileptic seizures or blackouts in these individuals. These conditions may trigger previously undetected epileptic symptoms or seizures in persons who have no history of prior seizures or epilepsy. If you, or anyone in your family, has an epileptic condition or has had seizures of any kind, consult your doctor before playing.

</Text>
	<Text name="msg_health_warning_detail_scea_3">IMMEDIATELY DISCONTINUE use and consult your doctor before resuming gameplay if you or your child experience any of the following health problems or symptoms:
・dizziness,
・altered vision,
・eye or muscle twitches,
・loss of awareness,
・disorientation,
・seizures, or
・any involuntary movement or convulsion.
RESUME GAMEPLAY ONLY ON APPROVAL OF YOUR DOCTOR.

</Text>
	<Text name="msg_health_warning_detail_scea_4">Use and handling of video games to reduce the likelihood of a seizure
・Use in a well-lit area and keep as far away as possible from the television screen.
・Avoid large screen televisions. Use the smallest television screen available.
・Avoid prolonged use of the PS3™ system. Take a 15-minute break during each hour of play.
・Avoid playing when you are tired or need sleep.



</Text>
	<Text name="msg_health_warning_detail_scea_5">3D images

</Text>
	<Text name="msg_health_warning_detail_scea_6">Some people may experience discomfort (such as eye strain, eye fatigue, or nausea) while watching 3D video images or playing stereoscopic 3D games on 3D televisions. If you experience such discomfort you should immediately discontinue use of your television until the discomfort subsides.
</Text>
	<Text name="msg_health_warning_detail_scea_7">SCE recommends that all viewers take regular breaks while watching 3D video, or playing stereoscopic 3D games. The length and frequency of necessary breaks may vary from person to person - please take breaks that are long enough to allow any feelings of discomfort to subside. If symptoms persist, consult your doctor.
</Text>
	<Text name="msg_health_warning_detail_scea_8">The vision of young children (especially those under six years old) is still under development. SCE recommends that you consult with a doctor (such as a pediatrician or eye doctor) before allowing a young child to watch 3D video images or play stereoscopic 3D games. Adults should supervise young children to ensure they follow the recommendations listed above. When using any 3D enabled device with your PlayStation®3 system you should read the instruction manual for that device and check www.us.playstation.com/support/3D for updated information.



</Text>
	<Text name="msg_health_warning_detail_scea_9">Notes on safety when using the DUALSHOCK™3 Wireless Controller

</Text>
	<Text name="msg_health_warning_detail_scea_10">・Stop using the system immediately if you begin to feel tired or if you experience discomfort or pain in your hands or arms while operating the DUALSHOCK™3 Wireless Controller. If the condition persists, consult a doctor.
・The vibration function of the DUALSHOCK™3 Wireless Controller can aggravate injuries. Do not use the vibration function if you have any ailment or injury to the bones, joints or muscles of your hands or arms. If you have an ailment or an injury, do not play software titles that contain the vibration function using the DUALSHOCK™3 Wireless Controller unless you have set the vibration function to [Off].
</Text>
	<Text name="msg_health_warning_detail_scea_11">・Avoid prolonged use of the DUALSHOCK™3 Wireless Controller. Take a break at about 30-minute intervals.
・Note that some software titles set the vibration function to [On] by default. To disable the vibration function, press the PS button of the controller, and then select [Controller Settings]→ [Vibration Function]→[Off].



</Text>
	<Text name="msg_health_warning_detail_scea_12">・Use in a well-lit area and keep as far away as possible from the television screen.
・Avoid prolonged use of the PS3™ system and wireless controller.
</Text>
	<Text name="msg_health_warning_detail_scea_13">・Stop using the system immediately if you begin to feel tired or if you experience discomfort or pain in your hands or arms while operating the wireless controller. If the condition persists, consult a doctor.
</Text>
	<Text name="msg_health_warning_detail_scea_14">・If you experience any of the following health problems, discontinue use of the system immediately. If symptoms persist, consult with your doctor.
- Dizziness, nausea, fatigue or symptoms similar to motion sickness
- Discomfort or pain in a part of the body, such as eyes, ears, hands or arms</Text>
	<Text name="msg_health_warning_detail_scej_1">光の刺激によって引き起こされる発作について

</Text>
	<Text name="msg_health_warning_detail_scej_2">点滅を繰り返す画面や、その他の光の刺激によって、まれに、目の痛み、視覚異常、偏頭痛、けいれんや意識障害（失神など）などの症状（光感受性発作）が起きることがあります。こうした症状のある方は、事前に必ず医師に相談してください。

</Text>
	<Text name="msg_health_warning_detail_scej_3">こんなときはすぐに使用を中止する
</Text>
	<Text name="msg_health_warning_detail_scej_4"><![CDATA[上記の症状に加え、頭痛、めまい、吐き気、疲労感、乗り物酔いに似た症状などを感じたときや、目、耳、手、腕、足など、身体の一部に不快感や痛みを感じたときは、すぐに使用を中止してください。使用を中止しても治らないときは、医師の診察を受けてください。



]]></Text>
	<Text name="msg_health_warning_detail_scej_5">3D映像、3D立体視ゲームについて

</Text>
	<Text name="msg_health_warning_detail_scej_6">3D映像の視聴中や3D対応テレビでの3D立体視ゲームのプレイ中に、目の疲労、気分が悪くなるなどの不快な症状が出ることがあります。不快な症状が出たときは、直ちにテレビのご利用を中止し、回復するまでご利用をお控えください。
3D映像を視聴したり、3D立体視ゲームをプレイしたりするときは、定期的に休憩をとることをおすすめします。必要な休憩の長さや頻度は個人によって異なりますので、ご自身でご判断ください。不快な症状が回復するまで、十分に休憩をとってください。もし症状が続く場合は、医師にご相談ください。
</Text>
	<Text name="msg_health_warning_detail_scej_7"><![CDATA[なお、お子さま(特に6歳未満の子)の視覚は発達段階にあります。お子さまが3D映像を視聴したり、3D立体視ゲームをプレイしたりする前に、小児科や眼科などの医師にご相談いただくことをおすすめします。大人のかたは、お子さまが上記注意点を守るよう監督してください。
最新情報については、ホームページ(http://www.jp.playstation.com/support/)をご覧ください。



]]></Text>
	<Text name="msg_health_warning_detail_scej_8">コントローラの振動機能に対応したソフトウェアについて

</Text>
	<Text name="msg_health_warning_detail_scej_9">振動障害のある方は、バイブレーション（振動）機能を使用しないでください。



</Text>
	<Text name="msg_health_warning_detail_scej_10">・使用するときは部屋を明るくし、できるだけ画面から離れてください。
・疲れているときや睡眠不足のときは、使用を避けてください。
</Text>
	<Text name="msg_health_warning_detail_scej_11">・使用するときは健康のため、1時間ごとに15分程度の休憩を取ってください。
・使用中に体調が悪くなったら、すぐに使用をやめてください。</Text>
	<Text name="msg_health_warning_detail_sceasia_1">Photosensitivity/Epilepsy/Seizures

</Text>
	<Text name="msg_health_warning_detail_sceasia_2">A very small percentage of individuals may experience epileptic seizures or blackouts when exposed to certain light patterns or flashing lights. Exposure to certain patterns or backgrounds on a television screen or when playing video games may trigger epileptic seizures or blackouts in these individuals. These conditions may trigger previously undetected epileptic symptoms or seizures in persons who have no history of prior seizures or epilepsy. If you, or anyone in your family, has an epileptic condition or has had seizures of any kind, consult your physician before playing.

</Text>
	<Text name="msg_health_warning_detail_sceasia_3">IMMEDIATELY DISCONTINUE use and consult your physician before resuming gameplay if you or your child experience any of the following health problems or symptoms:
・dizziness,
・altered vision,
・eye or muscle twitches,
・loss of awareness,
・disorientation,
・seizures, or
・any involuntary movement or convulsion.
RESUME GAMEPLAY ONLY ON APPROVAL OF YOUR PHYSICIAN.

</Text>
	<Text name="msg_health_warning_detail_sceasia_4">Use and handling of video games to reduce the likelihood of a seizure
・Use in a well-lit area and keep as far away as possible from the television screen.
・Avoid large screen televisions. Use the smallest television screen available.
・Avoid prolonged use of the PS3™ system. Take a 15-minute break during each hour of play.
・Avoid playing when you are tired or need sleep.



</Text>
	<Text name="msg_health_warning_detail_sceasia_5">3D images

</Text>
	<Text name="msg_health_warning_detail_sceasia_6">Some people may experience discomfort (such as eye strain, eye fatigue, or nausea) while watching 3D video images or playing stereoscopic 3D games on 3D televisions. If you experience such discomfort you should immediately discontinue use of your television until the discomfort subsides.
</Text>
	<Text name="msg_health_warning_detail_sceasia_7">SCE recommends that all viewers take regular breaks while watching 3D video, or playing stereoscopic 3D games. The length and frequency of necessary breaks may vary from person to person - please take breaks that are long enough to allow any feelings of discomfort to subside. If symptoms persist, consult your physician.
</Text>
	<Text name="msg_health_warning_detail_sceasia_8">The vision of young children (especially those under six years old) is still under development. SCE recommends that you consult with physician (such as a pediatrician or eye doctor) before allowing a young child to watch 3D video images or play stereoscopic 3D games. When using any 3D enabled device with your PlayStation®3 system you should read the instruction manual for that device.



</Text>
	<Text name="msg_health_warning_detail_sceasia_9">Notes on safety when using the DUALSHOCK™3 Wireless Controller

</Text>
	<Text name="msg_health_warning_detail_sceasia_10">・Stop using the system immediately if you begin to feel tired or if you experience discomfort or pain in your hands or arms while operating the DUALSHOCK™3 wireless controller. If the condition persists, consult a doctor.
・The vibration function of the DUALSHOCK™3 wireless controller can aggravate injuries. Do not use the vibration function if you have any ailment or injury to the bones, joints or muscles of your hands or arms. If you have an ailment or an injury, do not play such titles using the DUALSHOCK™3 wireless controller unless you have set the vibration function to [Off].
</Text>
	<Text name="msg_health_warning_detail_sceasia_11">・Avoid prolonged use of the DUALSHOCK™3 wireless controller. Take a break at about 30-minute intervals.
・Note that some software titles set the vibration function to [On] by default. To disable the vibration function, press the PS button of the controller, and then select [Controller Settings]→[Vibration Function]→[Off].



</Text>
	<Text name="msg_health_warning_detail_sceasia_12">・Use in a well-lit area and keep a safe distance from the TV screen.
・Avoid prolonged use of the PS3™ system. Take a 15-minute break during each hour of play.
・Avoid playing when you are tired or need sleep.
</Text>
	<Text name="msg_health_warning_detail_sceasia_13">・Stop using the system immediately if you begin to feel tired or if you experience discomfort or pain in your hands or arms while operating the wireless controller If the condition persists, consult a doctor.
</Text>
	<Text name="msg_health_warning_detail_sceasia_14">・If you experience any of the following health problems, discontinue use of the system immediately. If symptoms persist, consult with your physician.
- Dizziness, nausea, fatigue or symptoms similar to motion sickness
- Discomfort or pain in a part of the body, such as eyes, ears, hands or arms</Text>
</TextLang>
