﻿<?xml version="1.0" encoding="utf-8"?>
<!-- This XML was generated by Rcomage v1.1.1 -->
<TextLang>
	<Text name="msg_psmove_notice">PlayStation®Move-Sicherheitshinweis</Text>
	<Text name="msg_when_use_content_on_vita_hint">Wird der Inhalt auf einem PS Vita-System verwendet, starten Sie den [Inhaltsmanager] auf dem PS Vita-System und kopieren Sie dann den Inhalt auf das PS Vita-System.</Text>
	<Text name="msg_size">Größe</Text>
	<Text name="msg_setting">Einstellungen</Text>
	<Text name="msg_photo">Foto</Text>
	<Text name="msg_music">Musik</Text>
	<Text name="msg_video">Video</Text>
	<Text name="msg_game">Spiel</Text>
	<Text name="msg_net">Netzwerk</Text>
	<Text name="msg_friend">Freunde</Text>
	<Text name="msg_user">Benutzer</Text>
	<Text name="msg_login">Einloggen</Text>
	<Text name="msg_tv">TV</Text>
	<Text name="msg_tv_video_service">TV-/Video-Dienste</Text>
	<Text name="msg_psn">PSN</Text>
	<Text name="msg_power_off_console2">System ausschalten</Text>
	<Text name="msg_photo_gallery">Photo Gallery</Text>
	<Text name="msg_untitled">Unbekannt</Text>
	<Text name="msg_new_vmc">Neue interne Memory Card erstellen</Text>
	<Text name="msg_signup">Einschreiben</Text>
	<Text name="msg_playstation_home">PlayStation®Home</Text>
	<Text name="msg_start_new_chat2">Neuen Chat starten</Text>
	<Text name="msg_ms">Memory Stick™</Text>
	<Text name="msg_sd">SD Memory Card</Text>
	<Text name="msg_cf">CompactFlash®</Text>
	<Text name="msg_bd_rom">BD-ROM</Text>
	<Text name="msg_bd_r">BD-R</Text>
	<Text name="msg_bd_re">BD-RE</Text>
	<Text name="msg_dvdr">DVD-R</Text>
	<Text name="msg_dvdplusr">DVD+R</Text>
	<Text name="msg_dvdrw">DVD-RW</Text>
	<Text name="msg_dvdplusrw">DVD+RW</Text>
	<Text name="msg_dvdrom">DVD-ROM</Text>
	<Text name="msg_dvdvideo">DVD Video</Text>
	<Text name="msg_dvdvr">DVD-VR</Text>
	<Text name="msg_dvdplusvr">DVD+VR</Text>
	<Text name="msg_avchd">AVCHD</Text>
	<Text name="msg_avcrec">AVCREC</Text>
	<Text name="msg_bdmv">BDMV</Text>
	<Text name="msg_bdav">BDAV</Text>
	<Text name="msg_cdaudio">Musik-CD</Text>
	<Text name="msg_cddata">Daten-Disc</Text>
	<Text name="msg_sacd">Super Audio CD</Text>
	<Text name="msg_mc_ps1">Memory Card (PS)</Text>
	<Text name="msg_mc_ps2">Memory Card (PS2)</Text>
	<Text name="msg_disc">Disc</Text>
	<Text name="msg_dsd_disc">DSD-Disk</Text>
	<Text name="msg_psp">PSP™ (PlayStation®Portable)</Text>
	<Text name="msg_psp_bracket">PSP™ (PlayStation®Portable) %1</Text>
	<Text name="msg_vita_abbreviated">PS Vita-System</Text>
	<Text name="msg_psp_name">Nickname</Text>
	<Text name="msg_usb">USB-Gerät</Text>
	<Text name="msg_usb_id">USB-Gerät (%1)</Text>
	<Text name="msg_digitalcamera">Digitalkamera</Text>
	<Text name="msg_digitalcamera_id">Digitalkamera (%1)</Text>
	<Text name="msg_walkman">ATRAC Audio Device</Text>
	<Text name="msg_walkman_id">ATRAC Audio Device (%1)</Text>
	<Text name="msg_cancel">Abbrechen</Text>
	<Text name="msg_ok">O. K.</Text>
	<Text name="msg_fix">O. K.</Text>
	<Text name="msg_yes">Ja</Text>
	<Text name="msg_no">Nein</Text>
	<Text name="msg_on">Ein</Text>
	<Text name="msg_off">Aus</Text>
	<Text name="msg_nrml">Normal</Text>
	<Text name="msg_normal">Normal</Text>
	<Text name="msg_plus1">+1</Text>
	<Text name="msg_plus2">+2</Text>
	<Text name="msg_plus3">+3</Text>
	<Text name="msg_plus4">+4</Text>
	<Text name="msg_minus1">-1</Text>
	<Text name="msg_minus2">-2</Text>
	<Text name="msg_minus3">-3</Text>
	<Text name="msg_minus4">-4</Text>
	<Text name="msg_1">1</Text>
	<Text name="msg_2">2</Text>
	<Text name="msg_3">3</Text>
	<Text name="msg_4">4</Text>
	<Text name="msg_5">5</Text>
	<Text name="msg_percent">%1%%</Text>
	<Text name="msg_image_count_value">%1 Bild</Text>
	<Text name="msg_images_count_value">%1 Bilder</Text>
	<Text name="msg_track_count_value">%1 Titel</Text>
	<Text name="msg_tracks_count_value">%1 Titel</Text>
	<Text name="msg_title_count_value">%1 Titel</Text>
	<Text name="msg_titles_count_value">%1 Titel</Text>
	<Text name="msg_savedata_count_value">%1 Speicherung</Text>
	<Text name="msg_savedatas_count_value">%1 Speicherungen</Text>
	<Text name="msg_time_num1">%1:%2:%3</Text>
	<Text name="msg_time_num2">%1:%2'%3''</Text>
	<Text name="msg_time_num3">%1'%2''</Text>
	<Text name="msg_datetime_num1">%1/%2/%3  %4:%5</Text>
	<Text name="msg_am">AM</Text>
	<Text name="msg_pm">PM</Text>
	<Text name="msg_time_hour_num2">%1:%2'</Text>
	<Text name="msg_day_plural">%1 Tage</Text>
	<Text name="msg_sort">Sortieren nach</Text>
	<Text name="msg_importeddate_f">Importdatum ▲</Text>
	<Text name="msg_importeddate_r">Importdatum ▼</Text>
	<Text name="msg_shootdate_f">Filmdatum ▲</Text>
	<Text name="msg_shootdate_r">Filmdatum ▼</Text>
	<Text name="msg_sale_year_f">Jahr der Veröffentlichung ▲</Text>
	<Text name="msg_sale_year_r">Jahr der Veröffentlichung ▼</Text>
	<Text name="msg_created_date_time_f">Erstellungsdatum ▲</Text>
	<Text name="msg_created_date_time_r">Erstellungsdatum ▼</Text>
	<Text name="msg_updated_date_f">Aktualisierungsdatum ▲</Text>
	<Text name="msg_updated_date_r">Aktualisierungsdatum ▼</Text>
	<Text name="msg_format_f">Format</Text>
	<Text name="msg_imagename_f">Bildname</Text>
	<Text name="msg_albumname_f">Albumname</Text>
	<Text name="msg_genre_f">Genrename</Text>
	<Text name="msg_artist_f">Künstlername</Text>
	<Text name="msg_track_f">Titelname</Text>
	<Text name="msg_title_f">Titelname</Text>
	<Text name="msg_subtitle_f">Untertitel</Text>
	<Text name="msg_start_date_f">Kürzlich wiedergegeben</Text>
	<Text name="msg_folder_class">Gruppeninhalt</Text>
	<Text name="msg_all">Alle</Text>
	<Text name="msg_year_folder">Nach Jahr</Text>
	<Text name="msg_month_folder">Nach Monat</Text>
	<Text name="msg_album_folder">Nach Album</Text>
	<Text name="msg_genre_folder">Nach Genre</Text>
	<Text name="msg_artist_folder">Nach Künstler</Text>
	<Text name="msg_sale_year_folder">Jahr der Veröffentlichung</Text>
	<Text name="msg_track_folder">Nach Titel</Text>
	<Text name="msg_title_folder">Nach Titel</Text>
	<Text name="msg_format_folder">Nach Format</Text>
	<Text name="msg_copy">Kopieren</Text>
	<Text name="msg_copy_plural">Mehrere kopieren</Text>
	<Text name="msg_del">Löschen</Text>
	<Text name="msg_del_plural">Mehrere löschen</Text>
	<Text name="msg_slideshow">Slideshow</Text>
	<Text name="msg_display_all">Alle anzeigen</Text>
	<Text name="msg_cddbdata_get">CD-Informationen abrufen</Text>
	<Text name="msg_import">Importieren</Text>
	<Text name="msg_titlelist">Titelliste</Text>
	<Text name="msg_play">Wiedergabe</Text>
	<Text name="msg_play_begin">Von Anfang spielen</Text>
	<Text name="msg_smove">Verschieben</Text>
	<Text name="msg_disc_eject">Disc herausnehmen</Text>
	<Text name="msg_info">Informationen</Text>
	<Text name="msg_repeat">Wiederholung</Text>
	<Text name="msg_shuffle">Shuffle-Wiedergabe</Text>
	<Text name="msg_pause">Pause</Text>
	<Text name="msg_display">Ansicht</Text>
	<Text name="msg_volume_control">Lautstärkeeinstellung</Text>
	<Text name="msg_plus">+</Text>
	<Text name="msg_minus">-</Text>
	<Text name="msg_slideshow_with_icon">Slideshow </Text>
	<Text name="msg_fix_with_icon">O. K. </Text>
	<Text name="msg_folder_class_with_icon">Gruppeninhalt </Text>
	<Text name="msg_option_with_icon">: Optionen</Text>
	<Text name="msg_help_start">: Starten</Text>
	<Text name="msg_copy_psplus_with_icon">Kopieren </Text>
	<Text name="msg_copy_plural_psplus_with_icon">Mehrere kopieren </Text>
	<Text name="msg_savedata_auto_upload_psplus_with_icon">Gespeicherte Daten automatisch hochladen </Text>
	<Text name="msg_icon_start"></Text>
	<Text name="msg_info_none">-</Text>
	<Text name="msg_format">Format</Text>
	<Text name="msg_space">Freier Speicherplatz</Text>
	<Text name="msg_shoot_date">Gefilmt</Text>
	<Text name="msg_updated_date">Aktualisiert</Text>
	<Text name="msg_corrupted_data">Defekte Daten</Text>
	<Text name="msg_unsupported_data">Inkompatible Daten</Text>
	<Text name="msg_folder">Ordner</Text>
	<Text name="msg_resolution">Auflösung</Text>
	<Text name="msg_multiply">%1 x %2</Text>
	<Text name="msg_image">Bild</Text>
	<Text name="msg_image_count">Bilder</Text>
	<Text name="msg_camera">Filmgerät</Text>
	<Text name="msg_album">Album</Text>
	<Text name="msg_genre">Genre</Text>
	<Text name="msg_artist">Künstler</Text>
	<Text name="msg_imported_size">Größe nach Import</Text>
	<Text name="msg_size_counting">Zählt ...</Text>
	<Text name="msg_sale_year">Veröffentlicht</Text>
	<Text name="msg_play_time">Länge</Text>
	<Text name="msg_comment">Kommentar</Text>
	<Text name="msg_samplingfrequency">Sampling-Rate</Text>
	<Text name="msg_disc_number">Disc-Nummer</Text>
	<Text name="msg_track_count">Titel</Text>
	<Text name="msg_track_number">Titelnummer</Text>
	<Text name="msg_track">Titel</Text>
	<Text name="msg_bpm">BPM</Text>
	<Text name="msg_codec">Codec</Text>
	<Text name="msg_lastplay_datetime">Zuletzt wiedergegeben</Text>
	<Text name="msg_ch">Kanal</Text>
	<Text name="msg_various_artists">Verschiedene Künstler</Text>
	<Text name="msg_imported_date">Importiert</Text>
	<Text name="msg_created_date">Gefilmt</Text>
	<Text name="msg_start_date">Startet</Text>
	<Text name="msg_expiration_date">Läuft ab</Text>
	<Text name="msg_remaining_time">Reststunden</Text>
	<Text name="msg_play_count">Anzahl der Wiedergaben</Text>
	<Text name="msg_file_number">Dateinummer</Text>
	<Text name="msg_title">Titel</Text>
	<Text name="msg_subtitle">Zusatztitel</Text>
	<Text name="msg_disc_type">Disc-Typ</Text>
	<Text name="msg_disc_protect">Passwort-Schutz</Text>
	<Text name="msg_title_count">Titel</Text>
	<Text name="msg_video_codec">Video-Codec</Text>
	<Text name="msg_audio_codec">Audio-Codec</Text>
	<Text name="msg_file_type">Dateityp</Text>
	<Text name="msg_mediaserver">Medienserver</Text>
	<Text name="msg_dlna_date_time">Datum und Uhrzeit</Text>
	<Text name="msg_produced_date">Produziert</Text>
	<Text name="msg_info_valid_from">Startet</Text>
	<Text name="msg_info_valid_to">Läuft ab</Text>
	<Text name="msg_magicgate">MagicGate™</Text>
	<Text name="msg_mg_supported">Unterstützt</Text>
	<Text name="msg_mg_not_supported">Nicht unterstützt</Text>
	<Text name="msg_info_unknown">Unbekannt</Text>
	<Text name="msg_savedata_count">Speicherungen</Text>
	<Text name="msg_model">Modell</Text>
	<Text name="msg_can_play_only_for_variable_hours">(Bitte beachten Sie, dass der Inhalt nur innerhalb von %1 Stunden nach der ersten Wiedergabe nochmals wiedergegeben werden kann.)</Text>
	<Text name="msg_can_play_only_for_variable_hours_game">(Bitte beachten Sie, dass der Inhalt nur innerhalb von %1 Minuten nach der ersten Inbetriebnahme wiedergegeben werden kann.)</Text>
	<Text name="msg_video_description">Beschreibung</Text>
	<Text name="msg_copyright">Copyright- Informationen</Text>
	<Text name="msg_owner">Käufer</Text>
	<Text name="msg_all_use_content_delete_cannot_use">Dieser Inhalt kann auch von Benutzern verwendet werden, die nicht Käufer des Inhalts sind. Wenn jedoch alle Käufer gelöscht sind, können Sie den Inhalt nicht mehr verwenden.</Text>
	<Text name="msg_need_save_psn_pw_other_owner_use_content">Dieser Inhalt kann auch von Benutzern verwendet werden, die nicht Käufer des Inhalts sind. Das Sony Entertainment Network-Passwort des Käufers muss jedoch im System gespeichert sein, damit andere Benutzer den Inhalt verwenden können.</Text>
	<Text name="msg_jpeg">JPEG</Text>
	<Text name="msg_gif">GIF</Text>
	<Text name="msg_png">PNG</Text>
	<Text name="msg_tiff">TIFF</Text>
	<Text name="msg_bmp">BMP</Text>
	<Text name="msg_mpo">MPO (MP Format)</Text>
	<Text name="msg_aac_kbps">AAC %1 kbps</Text>
	<Text name="msg_mp3_kpbs">MP3 %1 kbps</Text>
	<Text name="msg_atrac_kbps">ATRAC %1 kbps</Text>
	<Text name="msg_wma_kbps">WMA %1 kbps</Text>
	<Text name="msg_lpcm_bit_ch">Linear PCM  %1 Bit  %2 Kan.</Text>
	<Text name="msg_non_lpcm">Non-linear PCM %1 kbps</Text>
	<Text name="msg_dsd_ch">DSD %1 K.</Text>
	<Text name="msg_dolby">Dolby Digital</Text>
	<Text name="msg_mpeg1">MPEG-1</Text>
	<Text name="msg_mpeg2">MPEG-2</Text>
	<Text name="msg_mpeg2_ts">MPEG-2 TS</Text>
	<Text name="msg_mpeg4">MPEG-4</Text>
	<Text name="msg_mpeg_layer1">MPEG Layer 1</Text>
	<Text name="msg_mpeg_layer2">MPEG Layer 2</Text>
	<Text name="msg_mpeg_layer3">MPEG Layer 3</Text>
	<Text name="msg_avc">AVC</Text>
	<Text name="msg_motion_jpeg">Motion JPEG</Text>
	<Text name="msg_divx">DivX®</Text>
	<Text name="msg_wmv">VC-1 (WMV)</Text>
	<Text name="msg_mpeg1_mbps">MPEG-1 %1 Mbps</Text>
	<Text name="msg_mpeg2_mbps">MPEG-2 %1 Mbps</Text>
	<Text name="msg_mpeg2_ts_mbps">MPEG-2 TS %1 Mbps</Text>
	<Text name="msg_mpeg4_mbps">MPEG-4 %1 Mbps</Text>
	<Text name="msg_avc_kbps">AVC %1 kbps</Text>
	<Text name="msg_khz">%1 kHz</Text>
	<Text name="msg_kbps">%1 kbps</Text>
	<Text name="msg_mbps">%1 Mbps</Text>
	<Text name="msg_ch_2">Kan. 2</Text>
	<Text name="msg_multi_ch">Mehrkanal</Text>
	<Text name="msg_power_off_console">System ausschalten</Text>
	<Text name="msg_turnoff_system_ask">Möchten Sie das System abschalten?</Text>
	<Text name="msg_after_background_download_auto_turn_off">Das System nach Herunterladen im Hintergrund automatisch ausschalten</Text>
	<Text name="msg_slot_assign">Steckplätze zuordnen</Text>
	<Text name="msg_slot1">Steckplatz 1</Text>
	<Text name="msg_slot2">Steckplatz 2</Text>
	<Text name="msg_eject">Entfernen</Text>
	<Text name="msg_user_name">Benutzername</Text>
	<Text name="msg_need_quit_to_operate_ask">Um diesen Vorgang auszuführen, müssen Sie [%1] schließen.
Möchten Sie die Software jetzt schließen?</Text>
	<Text name="msg_error_hdd_full_perform_operation">Nicht genug freier Speicherplatz im Systemspeicher.
Um diesen Vorgang auszuführen, werden mindestens %1 mehr freier Speicherplatz benötigt.</Text>
	<Text name="msg_content_already_copied">Diese Inhalte wurden möglicherweise bereits kopiert.</Text>
	<Text name="msg_save_newly">Neue Inhalte speichern</Text>
	<Text name="msg_original_content">Bestehende Inhalte</Text>
	<Text name="msg_new_content">Neue Inhalte</Text>
	<Text name="msg_save_destination_select">Ziel wählen.</Text>
	<Text name="msg_error_no_storagemedia">Schließen Sie das Speichermedium am Speicherzielort an.</Text>
	<Text name="msg_ps3_photo">Systemspeicher (Foto)</Text>
	<Text name="msg_ps3_video">Systemspeicher (Video)</Text>
	<Text name="msg_ps3_music">Systemspeicher (Musik)</Text>
	<Text name="msg_folder_name">Ordnername</Text>
	<Text name="msg_same_name_file">Es existiert bereits eine Datei mit demselben Namen am Speicherzielort.</Text>
	<Text name="msg_different_name_save">Umbenennen und speichern</Text>
	<Text name="msg_overwrite_save">Überschreiben und speichern</Text>
	<Text name="msg_save_no">Nicht speichern</Text>
	<Text name="msg_save_yes">Speichern</Text>
	<Text name="msg_apply_all">Gilt für alle</Text>
	<Text name="msg_select_all">Alle auswählen</Text>
	<Text name="msg_deselect_all">Alle löschen</Text>
	<Text name="msg_copying">Kopiert ...
Bitte warten.</Text>
	<Text name="msg_copied">Kopieren abgeschlossen.</Text>
	<Text name="msg_copy_incomplete_ms_ask">Nicht genug freier Speicherplatz auf dem Memory Stick™. Der Kopiervorgang wurde möglicherweise nicht erfolgreich abgeschlossen.
Möchten Sie fortfahren?</Text>
	<Text name="msg_copy_incomplete_sd_ask">Nicht genug freier Speicherplatz auf der SD Memory Card. Der Kopiervorgang wurde möglicherweise nicht erfolgreich abgeschlossen.
Möchten Sie fortfahren?</Text>
	<Text name="msg_copy_incomplete_cf_ask">Nicht genug freier Speicherplatz auf dem CompactFlash®. Der Kopiervorgang wurde möglicherweise nicht erfolgreich abgeschlossen.
Möchten Sie fortfahren?</Text>
	<Text name="msg_copy_incomplete_usb_ask">Nicht genug freier Speicherplatz auf dem USB-Gerät. Der Kopiervorgang wurde möglicherweise nicht erfolgreich abgeschlossen.
Möchten Sie fortfahren?</Text>
	<Text name="msg_copy_incomplete_hdd_ask">Nicht genug freier Speicherplatz im Systemspeicher. Der Kopiervorgang wurde möglicherweise nicht erfolgreich abgeschlossen.
Möchten Sie fortfahren?</Text>
	<Text name="msg_copy_incomplete">Zu wenig freier Speicherplatz. Der Kopiervorgang wurde nicht abgeschlossen.</Text>
	<Text name="msg_completed_count">Abgeschlossen</Text>
	<Text name="msg_copy_cancel_ask">Möchten Sie den Kopiervorgang abbrechen?</Text>
	<Text name="msg_error_content_over_copy">Die Höchstzahl an speicherbaren Inhaltsobjekten wurde erreicht. Der Kopiervorgang wurde nicht abgeschlossen.</Text>
	<Text name="msg_copied_delete_content_saved_ps3_ask">Kopieren beendet.
Möchten Sie den bestehenden Inhalt löschen, der im PS3™-System gespeichert ist?</Text>
	<Text name="msg_sure_to_delete_ask">Möchten Sie dies wirklich löschen?</Text>
	<Text name="msg_deleting">Löscht ...
Bitte warten.</Text>
	<Text name="msg_deleted">Löschen abgeschlossen.</Text>
	<Text name="msg_cannot_delete_folder_on_this_system">Der Ordner kann bei diesem System nicht gelöscht werden.</Text>
	<Text name="msg_change_upfolder">In obigen Ordner verschieben</Text>
	<Text name="msg_create_newfolder">Neuen Ordner anlegen</Text>
	<Text name="msg_folder_name_new">Neuer Ordner %1</Text>
	<Text name="msg_error_no_folder">Kein Ordner vorhanden.</Text>
	<Text name="msg_wait">Bitte warten ...</Text>
	<Text name="msg_error">Ein Fehler ist aufgetreten.</Text>
	<Text name="msg_error_corrupted_data">Die Daten sind defekt.</Text>
	<Text name="msg_error_unsupported_data">Das Dateiformat wird nicht unterstützt.</Text>
	<Text name="msg_error_copy">Während des Kopiervorgangs ist ein Fehler aufgetreten.</Text>
	<Text name="msg_error_del">Während des Löschvorgangs ist ein Fehler aufgetreten.</Text>
	<Text name="msg_error_no_name">Es wurde kein Name eingegeben.
Geben Sie einen Namen mit mindestens 1 Zeichen ein.</Text>
	<Text name="msg_error_ms_full">Nicht genug freier Speicherplatz auf dem Memory Stick™.</Text>
	<Text name="msg_error_ms_locked">Der Memory Stick™ ist schreibgeschützt.</Text>
	<Text name="msg_error_ms_no_access">Zugriff auf den Memory Stick™ ist nicht möglich.</Text>
	<Text name="msg_error_ms_no_read">Der Memory Stick™ kann nicht gelesen werden.</Text>
	<Text name="msg_error_no_ms">Es ist kein Memory Stick™ eingesteckt.</Text>
	<Text name="msg_error_sd_full">Nicht genug freier Speicherplatz auf der SD Memory Card.</Text>
	<Text name="msg_error_sd_locked">Die SD Memory Card ist schreibgeschützt.</Text>
	<Text name="msg_error_sd_no_access">Zugriff auf die SD Memory Card ist nicht möglich.</Text>
	<Text name="msg_error_sd_no_read">Die SD Memory Card kann nicht gelesen werden.</Text>
	<Text name="msg_error_no_sd">Es ist keine SD Memory Card eingesteckt.</Text>
	<Text name="msg_error_cf_full">Nicht genug freier Speicherplatz auf dem CompactFlash®.</Text>
	<Text name="msg_error_cf_locked">Der CompactFlash® ist schreibgeschützt.</Text>
	<Text name="msg_error_cf_no_access">Zugriff auf den CompactFlash® ist nicht möglich.</Text>
	<Text name="msg_error_cf_no_read">Der CompactFlash® kann nicht gelesen werden.</Text>
	<Text name="msg_error_no_cf">Es ist kein CompactFlash® eingesteckt.</Text>
	<Text name="msg_error_usb_full">Nicht genug freier Speicherplatz auf dem USB-Gerät.</Text>
	<Text name="msg_error_usb_locked">Das USB-Gerät ist schreibgeschützt.</Text>
	<Text name="msg_error_usb_no_access">Zugriff auf das USB-Gerät ist nicht möglich.</Text>
	<Text name="msg_error_usb_no_read">Das USB-Gerät kann nicht gelesen werden.</Text>
	<Text name="msg_error_no_usb">Es ist kein USB-Gerät eingesteckt.</Text>
	<Text name="msg_error_hdd_full">Nicht genug freier Speicherplatz im Systemspeicher.</Text>
	<Text name="msg_error_hdd_no_access">Zugriff auf den Systemspeicher ist nicht möglich.</Text>
	<Text name="msg_error_no_signin">Sie müssen sich beim PSN anmelden.</Text>
	<Text name="msg_error_no_signup">Sie müssen sich beim Sony Entertainment Network einschreiben.</Text>
	<Text name="msg_icon_image_select">Wählen Sie ein Bild als Icon aus.</Text>
	<Text name="msg_icon_change_albumtrack_ask1">Die Icons für alle Titel in diesem Album werden geändert.
Möchten Sie fortfahren?</Text>
	<Text name="msg_cannot_display_all_mediaserver">Zu viele Medienserver.
Einige Medienserver werden nicht angezeigt.</Text>
	<Text name="msg_scan_mediaserver">Medienserver suchen</Text>
	<Text name="msg_not_allowed_access_confirm_pls">Zugriff auf den Medienserver ist nicht gestattet. Möglicherweise wurde der Systemname für dieses PS3™-System, "%1", nicht registriert.
Bitte prüfen Sie die Einstellungen für den Medienserver.</Text>
	<Text name="msg_playlists">Wiedergabelisten</Text>
	<Text name="msg_playlist_pane">Wiedergabeliste</Text>
	<Text name="msg_create_new_playlist">Neue Wiedergabeliste erstellen</Text>
	<Text name="msg_to_add_content_playlist_select_edit">Um zu dieser Wiedergabeliste Inhalte hinzuzufügen, wählen Sie im Optionsmenü [Bearbeiten] aus.</Text>
	<Text name="msg_error_cannot_edit_playlist_no_track">Es gibt im Systemspeicher keine Titel. Die Wiedergabeliste kann nicht bearbeitet werden.</Text>
	<Text name="msg_error_cannot_edit_playlist_no_image">Es gibt im Systemspeicher keine Bilder. Die Wiedergabeliste kann nicht bearbeitet werden.</Text>
	<Text name="msg_error_same_name_cannot_use">Dieser Name ist bereits in Benutzung.
Bitte geben Sie einen anderen Namen ein.</Text>
	<Text name="msg_error_no_content">Es gibt keine Inhaltsobjekte.</Text>
	<Text name="msg_add_to_playlist">Zur Wiedergabeliste hinzufügen</Text>
	<Text name="msg_add_playlist">Hinzufügen</Text>
	<Text name="msg_add_all_playlist">Alle hinzufügen</Text>
	<Text name="msg_delete_playlist_ask">Die Wiedergabeliste wird gelöscht.
Möchten Sie wirklich fortfahren?</Text>
	<Text name="msg_error_startdate_video">Der Inhalt ist vor dem Startdatum nicht verfügbar.</Text>
	<Text name="msg_error_expired_video">Der Inhalt ist ungültig geworden und nicht mehr verfügbar.</Text>
	<Text name="msg_info_no_time_limit">Keine Zeitbeschränkung</Text>
	<Text name="msg_info__expired">Abgelaufen</Text>
	<Text name="msg_expires_on_variable">Läuft ab %1</Text>
	<Text name="msg_error_timelimited_video"><![CDATA[Dieser Inhalt hat eine Zeitbeschränkung.
Um diesen Vorgang auszuführen gehen Sie bitte zu [Einstellungen] > [Datums- und Zeit-Einstellungen] > [Datum und Uhrzeit] und wählen Sie [Einstellung über Internet], um Zeit und Datum einzustellen.]]></Text>
	<Text name="msg_can_play_variable_first_play_now_ask">Der Inhalt kann nur %1 Stunden nach der ersten Wiedergabe gespielt werden.
Möchten Sie ihn jetzt spielen?</Text>
	<Text name="msg_del_content_cannot_dl_again_conf_psn">Der Inhalt wird gelöscht und kann nicht erneut heruntergeladen werden.
Möchten Sie wirklich fortfahren?</Text>
	<Text name="msg_to_enable_setting_enable_auto_login">Die von Ihnen vorgenommenen Änderungen haben die folgenden Einstellungen deaktiviert.
%1

Um diese Einstellungen zu aktivieren, muss unter [Benutzer] für einen Benutzer automatisches Log-in eingestellt sein. Anleitungen zur Einstellung der Option automatisches Log-in finden Sie in der Online-Bedienungsanleitung.</Text>
	<Text name="msg_to_enable_setting_enable_auto_signin">Die von Ihnen vorgenommenen Änderungen haben die folgenden Einstellungen deaktiviert.
%1

Um diese Einstellungen zu aktivieren, muss für das PSN automatische Anmeldung eingestellt sein. Anleitungen zur Einstellung dieser Option finden Sie in der Online-Bedienungsanleitung.</Text>
	<Text name="msg_remoteplay_remote_start"><![CDATA[[Einstellungen] > [Remote-Play-Einstellungen] > [Remote Start]]]></Text>
	<Text name="msg_console_setting_auto_download"><![CDATA[[Einstellungen] > [System-Einstellungen] > [Automatisches Update]]]></Text>
	<Text name="msg_lang_japan">Japanisch</Text>
	<Text name="msg_lang_english">Englisch</Text>
	<Text name="msg_lang_french">Französisch</Text>
	<Text name="msg_lang_spanish">Spanisch</Text>
	<Text name="msg_lang_german">Deutsch</Text>
	<Text name="msg_lang_italian">Italienisch</Text>
	<Text name="msg_lang_dutch">Niederländisch</Text>
	<Text name="msg_lang_portuguese">Portugiesisch</Text>
	<Text name="msg_lang_russian">Russisch</Text>
	<Text name="msg_lang_polish">Polnisch</Text>
	<Text name="msg_lang_finnish">Finnisch</Text>
	<Text name="msg_lang_danish">Dänisch</Text>
	<Text name="msg_lang_norwegian">Norwegisch</Text>
	<Text name="msg_lang_swedish">Schwedisch</Text>
	<Text name="msg_lang_turkish">Türkisch</Text>
	<Text name="msg_lang_korean">Koreanisch</Text>
	<Text name="msg_lang_chinese_t">Traditionelles Chinesisch</Text>
	<Text name="msg_lang_chinese_s">Vereinfachtes Chinesisch</Text>
	<Text name="msg_lpcm">Lineare PCM</Text>
	<Text name="msg_display_on">Anzeigen</Text>
	<Text name="msg_display_off">Nicht anzeigen</Text>
	<Text name="msg_macaddress">MAC-Adresse</Text>
	<Text name="msg_ipaddress">IP-Adresse</Text>
	<Text name="msg_atrac_not_activated_set_pls"><![CDATA[ATRAC ist nicht aktiviert.
Wählen Sie [Einstellungen] > [System-Einstellungen] und aktivieren Sie ATRAC.]]></Text>
	<Text name="msg_backup">Sichern</Text>
	<Text name="msg_restore">Wiederherstellen</Text>
	<Text name="msg_audio_device_setting">Audio-Gerät-Einstellungen</Text>
	<Text name="msg_print">Drucken</Text>
	<Text name="msg_manufacturer">Hersteller</Text>
	<Text name="msg_10min">Nach 10 Minuten</Text>
	<Text name="msg_20min">Nach 20 Minuten</Text>
	<Text name="msg_30min">Nach 30 Minuten</Text>
	<Text name="msg_remain_time">Restliche Zeit</Text>
	<Text name="msg_others">Andere</Text>
	<Text name="msg_level_1">Stufe 1</Text>
	<Text name="msg_level_2">Stufe 2</Text>
	<Text name="msg_level_3">Stufe 3</Text>
	<Text name="msg_level_4">Stufe 4</Text>
	<Text name="msg_level_5">Stufe 5</Text>
	<Text name="msg_level_6">Stufe 6</Text>
	<Text name="msg_level_7">Stufe 7</Text>
	<Text name="msg_level_8">Stufe 8</Text>
	<Text name="msg_level_9">Stufe 9</Text>
	<Text name="msg_level_10">Stufe 10</Text>
	<Text name="msg_level_11">Stufe 11</Text>
	<Text name="msg_gameetc_pc">Kindersicherung</Text>
	<Text name="msg_netservice">PSN</Text>
	<Text name="msg_error_server_connect_timeout">Zeitablauf bei Verbindung zum Server.</Text>
	<Text name="msg_cannot_operate_in_demonstration_mode">Dieser Vorgang kann im Demomodus nicht ausgeführt werden.</Text>
	<Text name="msg_tool_install_file"><![CDATA[★ Install Package Files]]></Text>
	<Text name="msg_tool_app_home_ps3_game"><![CDATA[★ /app_home/PS3_GAME/]]></Text>
	<Text name="msg_tool_title_store_preview">Title Store Preview</Text>
	<Text name="msg_tool_title_store_preview_ingame"><![CDATA[★ Title Store Preview (inGame)]]></Text>
	<Text name="msg_tool_title_store_preview_store"><![CDATA[★ Title Store Preview (Store)]]></Text>
	<Text name="msg_tool_lock"><![CDATA[★ Lock]]></Text>
	<Text name="msg_tool_unlock"><![CDATA[★ Unlock]]></Text>
	<Text name="msg_tool_check"><![CDATA[★ Check]]></Text>
	<Text name="msg_tool_cancel_purchase"><![CDATA[★ Cancel Purchase]]></Text>
	<Text name="msg_tool_del"><![CDATA[★ Delete]]></Text>
	<Text name="msg_tool_import"><![CDATA[★ Import]]></Text>
	<Text name="msg_tool_export"><![CDATA[★ Export]]></Text>
	<Text name="msg_tool_quick_sign_up"><![CDATA[★ Quick Sign Up]]></Text>
	<Text name="msg_tool_performance_bar"><![CDATA[★ Performance Bar]]></Text>
	<Text name="msg_tool_no_memory_limit"><![CDATA[★ No Memory Limit]]></Text>
	<Text name="msg_tool_quick_preview"><![CDATA[★ Quick Preview]]></Text>
	<Text name="msg_tool_owner_info"><![CDATA[★ Owner Information]]></Text>
	<Text name="msg_no_trophy">There are no trophies.</Text>
	<Text name="msg_bdu_software">Software</Text>
	<Text name="msg_digitalcamera_image">Digitalkamera-Bilder</Text>
	<Text name="msg_del_image_ask">Das Bild wird gelöscht.
Möchten Sie wirklich fortfahren?</Text>
	<Text name="msg_del_images_ask">Die markierten Bilder werden gelöscht.
Möchten Sie wirklich fortfahren?</Text>
	<Text name="msg_del_camerafolder_ask">Der Ordner und alle Bilder in dem Ordner, inkl. geschützter Bilder, werden gelöscht.
Möchten Sie wirklich fortfahren?</Text>
	<Text name="msg_del_image_protected_ask">Das Bild ist geschützt.
Möchten Sie das Bild wirklich löschen?</Text>
	<Text name="msg_del_imagefolder_ask">Der Ordner und alle Bilder im Ordner werden gelöscht.
Möchten Sie wirklich fortfahren?</Text>
	<Text name="msg_error_del_imagefolder">Löschen gescheitert.
Der Ordner enthält Daten, die keine Bilddaten sind.</Text>
	<Text name="msg_del_image_select">Wählen Sie die zu löschenden Bilder.</Text>
	<Text name="msg_copy_image_select">Wählen Sie die zu kopierenden Bilder.</Text>
	<Text name="msg_error_no_image_copy">Keine Bilder zum Kopieren vorhanden.</Text>
	<Text name="msg_error_no_image">Keine Bilder vorhanden.</Text>
	<Text name="msg_mmyyyy_jan">Jan %1</Text>
	<Text name="msg_mmyyyy_feb">Feb %1</Text>
	<Text name="msg_mmyyyy_mar">Mär %1</Text>
	<Text name="msg_mmyyyy_apr">Apr %1</Text>
	<Text name="msg_mmyyyy_may">Mai %1</Text>
	<Text name="msg_mmyyyy_jun">Jun %1</Text>
	<Text name="msg_mmyyyy_jul">Jul %1</Text>
	<Text name="msg_mmyyyy_aug">Aug %1</Text>
	<Text name="msg_mmyyyy_sep">Sep %1</Text>
	<Text name="msg_mmyyyy_oct">Okt %1</Text>
	<Text name="msg_mmyyyy_nov">Nov %1</Text>
	<Text name="msg_mmyyyy_dec">Dez %1</Text>
	<Text name="msg_yyyy">%1</Text>
	<Text name="msg_slideshow_type1">Dia</Text>
	<Text name="msg_slideshow_type2">Porträt</Text>
	<Text name="msg_slideshow_type3">Fotoalbum</Text>
	<Text name="msg_slideshow_type4">Fotoalbum 2</Text>
	<Text name="msg_piccto_explanation">Erstellen Sie einen Bereich, in dem Sie Ihre Fotos betrachten und bearbeiten können.
Stellen Sie aus den Fotos auf Ihrem PS3™-System in wenigen Minuten großartige Alben zusammen.
Sie können Ihre Fotos nach Themen sortieren, Musik hinzufügen, um eine Slideshow zu untermalen, oder Ihre Fotos mit benutzerdefinierten Rahmen versehen. Je mehr Fotos Sie hinzufügen, desto größer ist der Spaß ... Sie haben unbegrenzte Möglichkeiten!</Text>
	<Text name="msg_piccto_explanation_sd">Erstellen Sie einen Bereich, in dem Sie Ihre Fotos betrachten und bearbeiten können.
Stellen Sie aus den Fotos auf Ihrem PS3™-System in wenigen Minuten großartige Alben zusammen.</Text>
	<Text name="msg_cddbdata_getting">Ruft CD-Informationen ab ...
Bitte warten.</Text>
	<Text name="msg_cddbdata_pluralfound_select">Es wurden mehrere Objekte für CD-Informationen gefunden.
Wählen Sie das entsprechende Objekt für CD-Informationen.</Text>
	<Text name="msg_cddbdata_send">CD-Informationen senden</Text>
	<Text name="msg_cddbdata_sending">CD-Informationen werden gesendet ...
Bitte warten.</Text>
	<Text name="msg_select_import">Mehrfaches Importieren</Text>
	<Text name="msg_select_import_pls">Wählen Sie Titel zum Importieren aus.</Text>
	<Text name="msg_copy_track_select">Wählen Sie die zu kopierenden Titel.</Text>
	<Text name="msg_del_track_protected_ask">Dieser Titel ist kopiergeschützt.
Möchten Sie den Titel wirklich löschen?</Text>
	<Text name="msg_del_folder_track_protected_ask">Der Ordner und sämtliche darin befindlichen Titel, einschließlich kopiergeschützter Titel, werden gelöscht.
Möchten Sie wirklich fortfahren?</Text>
	<Text name="msg_cannot_copy_protected_truck">Kopiergeschützte Titel werden nicht kopiert.</Text>
	<Text name="msg_copied_except_copyright_protected_track">Kopieren abgeschlossen.
Kopiergeschützte Titel wurden nicht kopiert.</Text>
	<Text name="msg_del_track_select">Wählen Sie die zu löschenden Titel.</Text>
	<Text name="msg_del_track_ask">Möchten Sie den Titel wirklich löschen?</Text>
	<Text name="msg_del_tracks_ask">Möchten Sie die ausgewählten Titel wirklich löschen?</Text>
	<Text name="msg_del_trackfolder_ask">Der Ordner und alle Titel in dem Ordner werden gelöscht.
Möchten Sie wirklich fortfahren?</Text>
	<Text name="msg_error_del_trackfolder_different">Der Ordner konnte nicht gelöscht werden.
Der Ordner enthält Daten, die keine Musikdaten sind.</Text>
	<Text name="msg_importing">Importiert ...
Bitte warten.</Text>
	<Text name="msg_import_cancel_ask">Möchten Sie den Importvorgang abbrechen?</Text>
	<Text name="msg_imported">Import abgeschlossen.</Text>
	<Text name="msg_error_import">Während des Importvorgangs ist ein Fehler aufgetreten.</Text>
	<Text name="msg_error_track_over">Die Höchstzahl an speicherbaren Titeln wurde erreicht.
Der Importvorgang wurde gestoppt.</Text>
	<Text name="msg_error_no_trackfolder_copy">Keine Titel zum Kopieren vorhanden.</Text>
	<Text name="msg_error_copyright_track">Die Kopierschutz-Informationen sind ungültig.</Text>
	<Text name="msg_changedinfo_save_music_ask">Möchten Sie die überarbeiteten Informationen speichern?
Überarbeitete Inhalte gelten für alle Titel in dem Ordner.</Text>
	<Text name="msg_error_no_track">Keine Titel vorhanden.</Text>
	<Text name="msg_error_no_nexttrack">Kein Titel verfügbar.</Text>
	<Text name="msg_error_no_prevtrack">Kein Titel verfügbar.</Text>
	<Text name="msg_track_number_value">Titel %1</Text>
	<Text name="msg_digitalcamera_video">Digitalkamera-Filme</Text>
	<Text name="msg_psstore_video_offline_explanation_sd">PlayStation®Store ist der einzige Ort, wo die neuesten Filme für Ihr PS3™-, PS Vita- und PSP™-Systeme gekauft oder ausgeliehen werden können.
Besuchen Sie noch heute den PlayStation®Store.</Text>
	<Text name="msg_psstore_video_offline_explanation_hd">PlayStation®Store ist der einzige Ort, wo die neuesten Filme für Ihr PS3™-, PS Vita- und PSP™-Systeme gekauft oder ausgeliehen werden können.
Besuchen Sie noch heute den PlayStation®Store.</Text>
	<Text name="msg_error_no_title">Keine Titel vorhanden.</Text>
	<Text name="msg_error_title_over">Die Höchstzahl an speicherbaren Titeln wurde erreicht.</Text>
	<Text name="msg_copy_title_select">Wählen Sie die zu kopierenden Titel.</Text>
	<Text name="msg_copy_titlefolder2">Kopiergeschützte Titel werden nicht kopiert.</Text>
	<Text name="msg_error_no_title_copy">Es gibt keine Titel, die kopiert werden können.</Text>
	<Text name="msg_error_magicgate_device_required">Für diesen Vorgang ist ein USB-Gerät erforderlich, das mit den Kopierschutzbestimmungen kompatibel ist.</Text>
	<Text name="msg_copied_except_copyright_protected_title">Kopieren abgeschlossen.
Kopiergeschützte Titel wurden nicht kopiert.</Text>
	<Text name="msg_title_number_value">Titel %1</Text>
	<Text name="msg_smove_destination_select">Wählen Sie ein Ziel.</Text>
	<Text name="msg_smoving">Verschiebt ...
Bitte warten.</Text>
	<Text name="msg_smove_cancel_ask">Möchten Sie den Verschiebevorgang abbrechen?</Text>
	<Text name="msg_smoved">Verschieben abgeschlossen.</Text>
	<Text name="msg_error_smove">Während des Verschiebevorgangs ist ein Fehler aufgetreten.</Text>
	<Text name="msg_error_move_mspro">Der Verschiebevorgang kann nicht abgeschlossen werden.
Um diesen Titel zu verschieben, benötigen Sie einen Memory Stick PRO™.</Text>
	<Text name="msg_del_title_select">Wählen Sie den zu löschenden Titel.</Text>
	<Text name="msg_del_title_ask">Der Titel wird gelöscht.
Möchten Sie wirklich fortfahren?</Text>
	<Text name="msg_del_titles_ask">Die ausgewählten Titel werden gelöscht.
Möchten Sie wirklich fortfahren?</Text>
	<Text name="msg_del_titlefolder_ask">Der Ordner und alle Titel in dem Ordner werden gelöscht.
Möchten Sie wirklich fortfahren?</Text>
	<Text name="msg_del_camerafolder_video_ask">Der Ordner und alle Titel in dem Ordner, inkl. geschützter Titel, werden gelöscht.
Möchten Sie wirklich fortfahren?</Text>
	<Text name="msg_del_title_protected_ask">Dieser Titel ist geschützt.
Möchten Sie den Titel wirklich löschen?</Text>
	<Text name="msg_error_del_movie_folder">Der Ordner konnte nicht gelöscht werden.
Der Ordner enthält Daten, die keine Videodaten sind.</Text>
	<Text name="msg_error_smove_prohibit">Der Titel kann nicht verschoben werden.</Text>
	<Text name="msg_corrupted_copyright">Die Kopierschutz-Informationen sind defekt und werden wiederhergestellt.</Text>
	<Text name="msg_error_corrupted_copyright">Während der Wiederherstellung der Kopierschutz-Informationen ist ein Fehler aufgetreten.</Text>
	<Text name="msg_error_no_execute">Der Vorgang ist hier nicht verfügbar.</Text>
	<Text name="msg_video_editor_and_upload"><![CDATA[Video-Editor & Uploader]]></Text>
	<Text name="msg_video_editor_explanation">Sie können ein Video, das Ihnen gefällt, bearbeiten, es auf eine Videosharing-Website hochladen und dann Ihre Freunde einladen, es anzusehen.</Text>
	<Text name="msg_create_new_video">Neues Video erstellen</Text>
	<Text name="msg_del_content_ask">Der Inhalt wird gelöscht.
Möchten Sie wirklich fortfahren?</Text>
	<Text name="msg_error_create_content_number_over">Die Höchstzahl Inhaltsobjekte, die erstellt werden können, wurde erreicht.</Text>
	<Text name="msg_backup_data_utility">Sicherungsdaten-Dienstprogramm</Text>
	<Text name="msg_bd_data_utility">BD-Datendienstprogramm</Text>
	<Text name="msg_common_cache_data">Gemeinsame Cache-Daten</Text>
	<Text name="msg_bd_data_delete_ask">Die BD-Daten werden gelöscht.
Möchten Sie wirklich fortfahren?</Text>
	<Text name="msg_service_coming_soon">Dieser Service ist in Kürze verfügbar.</Text>
	<Text name="msg_service_app_install_folder">Meine Kanäle</Text>
	<Text name="msg_vita_application_utility">PS Vita-System-Anwendungshilfsprogramm</Text>
	<Text name="msg_applications_vita">Anwendungen (PS Vita)</Text>
	<Text name="msg_applications_psp_other">Anwendungen (PSP™/Andere)</Text>
	<Text name="msg_applications_ps1">Anwendungen (PS)</Text>
	<Text name="msg_applications_psm">Anwendungen (PlayStation®Mobile)</Text>
	<Text name="msg_gamedata_utility">Spieldaten-Dienstprogramm</Text>
	<Text name="msg_savedata_utility_ps3">Speicherdaten-Dienstprogramm (PS3™)</Text>
	<Text name="msg_savedata_utility_ps2">Speicherdaten-Dienstprogramm (PS2)</Text>
	<Text name="msg_savedata_utility_minis_psp">Speicherdaten-Dienstprogramm (minis/PSP™)</Text>
	<Text name="msg_savedata_utility_psp_emu_psp">Speicherdaten-Dienstprogramm (PSP™ Remaster/PSP™)</Text>
	<Text name="msg_savedata_utility_minis_psp_emu_psp">Speicherdaten-Dienstprogramm (minis/PSP™ Remaster/PSP™)</Text>
	<Text name="msg_memory_card_utility">Memory Card-Dienstprogramm</Text>
	<Text name="msg_content_pc">Durch Kindersicherung gesperrter Inhalt</Text>
	<Text name="msg_ps1_gamedisc">DVD/CD-ROM im PlayStation®-Format</Text>
	<Text name="msg_ps2_gamedisc">DVD/CD-ROM im PlayStation®2-Format</Text>
	<Text name="msg_ps2_format_software">Software im PlayStation®2-Format</Text>
	<Text name="msg_playstation">PlayStation®</Text>
	<Text name="msg_playstation2">PlayStation®2</Text>
	<Text name="msg_playstation3">PlayStation®3</Text>
	<Text name="msg_minis">minis</Text>
	<Text name="msg_psp_emu">PSP™ Remaster</Text>
	<Text name="msg_pc_engine">PCEngine</Text>
	<Text name="msg_neogeo">NEOGEO</Text>
	<Text name="msg_cannot_start_unless_install_install_ask">Das Spiel kann nur gestartet werden, wenn es im Systemspeicher installiert ist.
Möchten Sie die Installation starten?</Text>
	<Text name="msg_psstore_game_offline_explanation_sd">Im PlayStation®Store gibt es exklusiv jede Menge herunterladbare Spiele, KOSTENLOSE PS3™-Demos, Erweiterungen und Videos.

Besuche den PlayStation®Store noch heute!</Text>
	<Text name="msg_psstore_game_offline_explanation_hd">Der PlayStation®Store ist KOSTENLOS* zugänglich und der einzige Ort, an dem du neue und exklusive PS3™-Spiele, kostenlose* spielbare Demos, Erweiterungen und High-Definition-Videos herunterladen kannst.

Mach mehr aus PS3™ und besuche den PlayStation®Store noch heute.

* Breitband-Internetverbindung erforderlich.</Text>
	<Text name="msg_disc_benefit">Disc-Vorteile</Text>
	<Text name="msg_select_receive_disc_benefit">Wählen Sie diese Option aus, um die Disc-Vorteile zu erhalten.</Text>
	<Text name="msg_only_for_psp_need_copy_ask">Dieser Inhalt kann auf einem PSP™-System verwendet werden.
Soll er auf ein PSP™-System kopiert werden?</Text>
	<Text name="msg_error_cannot_use_content_download_again_copy_can_use"><![CDATA[Dieser Inhalt ist nicht zur Nutzung verfügbar.
Melden Sie sich mit dem Konto an, das zum Kauf dieses Inhalts verwendet wurde, und wählen Sie dann unter [PSN] > [PlayStation®Store] die Option [Downloads anzeigen] aus, um den Inhalt erneut herunterzuladen.
Um diesen Inhalt zu verwenden, muss er heruntergeladen und auf ein Gerät kopiert werden, das die Verwendung unterstützt.]]></Text>
	<Text name="msg_error_cannot_play_ps2_format">Dieses Modell des PS3™-Systems ist nicht mit Software im PlayStation®2-Format kompatibel.</Text>
	<Text name="msg_error_game_wrong_region">Diese Software kann wegen regionaler Beschränkungen nicht gestartet werden.</Text>
	<Text name="msg_error_gamedisc_cannot_start">Die Disc kann nicht gestartet werden.</Text>
	<Text name="msg_error_game_start_failure">Während des Startvorgangs ist ein Fehler aufgetreten.</Text>
	<Text name="msg_current_systemsoftware_update_ask">Die System-Software Ihres PS3™-Systems ist Version %1.
Um zu starten, müssen Sie auf Version %2 oder höher aktualisieren.
Möchten Sie jetzt aktualisieren?</Text>
	<Text name="msg_systemsoftware_update_ask">Vor der nächsten Verwendung müssen Sie die System-Software aktualisieren.</Text>
	<Text name="msg_game_start">Starten</Text>
	<Text name="msg_about_game">Über dieses Spiel</Text>
	<Text name="msg_about_game_ps3_content">Library programs ©Sony Computer Entertainment Inc. Licensed for play on the PlayStation®3 Computer Entertainment System or authorized PlayStation®3 format systems. For full terms and conditions see the user's manual. This product is authorized and produced under license from Sony Computer Entertainment Inc. Use is subject to the copyright laws and the terms and conditions of the user's license.</Text>
	<Text name="msg_game_update_history">Aktualisierungsverlauf</Text>
	<Text name="msg_purchase">Kaufen</Text>
	<Text name="msg_savedata_auto_upload">Gespeicherte Daten automatisch hochladen</Text>
	<Text name="msg_installgame_delete_ask">Das installierte Spiel wird gelöscht.
Möchten Sie wirklich fortfahren?</Text>
	<Text name="msg_error_no_savedata">Keine gespeicherten Daten vorhanden.</Text>
	<Text name="msg_info_detail">Details</Text>
	<Text name="msg_protection">Schützen</Text>
	<Text name="msg_copy_prohibited">Kopieren nicht gestattet</Text>
	<Text name="msg_error_history_auto_upload">Fehlerverlauf (Automatisch hochladen)</Text>
	<Text name="msg_online_storage">Online-Speicher</Text>
	<Text name="msg_online_storage_explanation">Speichert gespeicherte Daten online.
Erweitern Sie Ihren spielerischen Horizont, indem Sie Ihre gespeicherten Daten online sichern oder auf das PS3™-System eines Freundes herunterladen, um Ihr Spiel fortzusetzen.</Text>
	<Text name="msg_to_save_data_select_copy_option">Um Ihre Daten im Online-Speicher zu speichern, wählen Sie die gewünschten Daten und dann im Optionsmenü [Kopieren] aus.</Text>
	<Text name="msg_save_data_copy_prohibited_upload_explanation">Es gibt Beschränkungen, wie oft Sie diese gespeicherten Daten aus dem Online-Speicher herunterladen können.
Das Herunterladen ist erst %1 Stunden nach dem letzten Up- oder Download in bzw. aus dem Online-Speicher möglich.
Sie können jederzeit Daten in den Online-Speicher hochladen.</Text>
	<Text name="msg_error_online_storage_full">Nicht genug freier Speicherplatz im Online-Speicher.
Um zu kopieren, benötigen Sie mindestens %1 mehr Speicherplatz.</Text>
	<Text name="msg_error_save_data_copy_prohibited_download">Sie können diese gespeicherten Daten derzeit nicht herunterladen.
Sie können alle %1 Stunden nur einmal herunterladen.

Nächstmöglicher Download:
%2</Text>
	<Text name="msg_vmc_ps1">Interne Memory Card (PS)</Text>
	<Text name="msg_vmc_ps2">Interne Memory Card (PS2)</Text>
	<Text name="msg_free_space_vmc_ps1">%1 / 120 KB</Text>
	<Text name="msg_free_space_vmc_ps2">%1 / 7998 KB</Text>
	<Text name="msg_category">Typ</Text>
	<Text name="msg_savedata">Gespeicherte Daten</Text>
	<Text name="msg_savedata_ps1">Speicherdaten (PlayStation®)</Text>
	<Text name="msg_savedata_ps2">Speicherdaten (PlayStation®2)</Text>
	<Text name="msg_application_ps2">Software (PlayStation®2)</Text>
	<Text name="msg_application_pocketstation">Software (PocketStation™)</Text>
	<Text name="msg_setting_file_ps2">Einstellungs-Datei (PlayStation®2)</Text>
	<Text name="msg_system_driver_ps2">Systemtreiber (PlayStation®2)</Text>
	<Text name="msg_unknown_data">Unbekannt</Text>
	<Text name="msg_vmc">Interne Memory Card</Text>
	<Text name="msg_error_no_vmc">Keine internen Memory Cards vorhanden.</Text>
	<Text name="msg_free_space_vmc_ps1_w_title">Freier Speicherplatz: %1/120 KB</Text>
	<Text name="msg_free_space_vmc_ps2_w_title">Freier Speicherplatz: %1/7998 KB</Text>
	<Text name="msg_pocketstation">PocketStation™</Text>
	<Text name="msg_created_date_time">Erstellt</Text>
	<Text name="msg_error_mc_no_access">Zugriff auf die Memory Card ist nicht möglich.</Text>
	<Text name="msg_error_savedata_cannot_copy">Kopieren dieser gespeicherten Daten ist nicht gestattet.</Text>
	<Text name="msg_error_no_gamedata">Keine Spieldaten vorhanden.</Text>
	<Text name="msg_update_quit_software_update">Die neuesten Aktualisierungsdaten wurden gefunden.
Das System schließt diese Software und beginnt mit der Installation.</Text>
	<Text name="msg_wait_donot_turn_off">Bitte warten ...
System nicht abschalten.</Text>
	<Text name="msg_playmode">Wiedergabe-Modus </Text>
	<Text name="msg_play_track_select">Wählen Sie den wiederzugebenden Titel.</Text>
	<Text name="msg_no_data">Keine Daten vorhanden.</Text>
	<Text name="msg_error_service_stop">Dieser Dienst wurde beendet.</Text>
	<Text name="msg_error_account_service">Die Verwendung dieses Dienstes ist für dieses Konto ausgesetzt.</Text>
	<Text name="msg_browser">Internet-Browser</Text>
	<Text name="msg_ps3_portal">PlayStation®Store</Text>
	<Text name="msg_psp_connection">Remote Play</Text>
	<Text name="msg_remoteplay_explanation"><![CDATA[Verwenden Sie ein Gerät, das Remote Play unterstützt (beispielsweise ein PS Vita- oder PSP™-System), um dieses System über ein Netzwerk zu benutzen. Wählen Sie [Einstellungen] > [Remote-Play-Einstellungen] > [Gerät registrieren] und registrieren Sie das Remote-Play-Gerät.]]></Text>
	<Text name="msg_onlinemanual">Online-Bedienungsanleitungen</Text>
	<Text name="msg_file">Datei</Text>
	<Text name="msg_open">Öffnen</Text>
	<Text name="msg_internet_search">Internetsuche</Text>
	<Text name="msg_download_cancel_ask">Möchten Sie den Download-Vorgang abbrechen?</Text>
	<Text name="msg_error_server_transaction_failure">Während der Kommunikation mit dem Server ist ein Fehler aufgetreten.</Text>
	<Text name="msg_no_file">Keine Datei vorhanden.</Text>
	<Text name="msg_content_not_support_remoteplay">Dieser Inhalt ist nicht mit Remote Play kompatibel.</Text>
	<Text name="msg_error_cannot_operate_remoteplay">Dieser Vorgang kann während des Remote Play nicht ausgeführt werden.</Text>
	<Text name="msg_error_cannot_start_can_play_follow_device">Starten nicht möglich.
Dieser Inhalt kann bei Remote Play nur auf den folgenden Geräten gestartet werden:</Text>
	<Text name="msg_error_need_update_psp">Sie müssen eine Aktualisierung der PSP™-System-Software ausführen.
Informationen zu Aktualisierungsmethoden finden Sie in den Anleitungen für das PSP™-System.</Text>
	<Text name="msg_error_no_signup_ask">Sie müssen sich beim Sony Entertainment Network einschreiben.
Möchten Sie sich jetzt einschreiben?</Text>
	<Text name="msg_download_control">Download-Management</Text>
	<Text name="msg_no_download_content">Keine Downloads vorhanden.</Text>
	<Text name="msg_variable_downloading">%1%% Download wird ausgeführt ...</Text>
	<Text name="msg_variable_download_error">%1%% Download-Fehler</Text>
	<Text name="msg_variable_download_waiting">%1%% Ausstehender</Text>
	<Text name="msg_variable_download_pausing">%1%% Pause</Text>
	<Text name="msg_pause_all">Alles pausieren</Text>
	<Text name="msg_resume_all">Alles fortsetzen</Text>
	<Text name="msg_progress">Status</Text>
	<Text name="msg_resume">Fortsetzen</Text>
	<Text name="msg_download_restart">Download fortsetzen </Text>
	<Text name="msg_download_cancel">Download-Vorgang abbrechen</Text>
	<Text name="msg_install">Installieren</Text>
	<Text name="msg_download_content_was_deleted">Der Inhalt wurde vom Server gelöscht.</Text>
	<Text name="msg_need_app_software_download_ask">Um diese Funktion zu verwenden, müssen Sie zunächst Software herunterladen.
Möchten Sie jetzt herunterladen?</Text>
	<Text name="msg_cellbrowser_foldingathome">Folding@home™</Text>
	<Text name="msg_auto_start">Autom. Start</Text>
	<Text name="msg_title_lwp">Life with PlayStation®</Text>
	<Text name="msg_psstore_explanation_sd">Im PlayStation®Store gibt es exklusiv jede Menge herunterladbare Spiele, KOSTENLOSE PS3™-Demos, Erweiterungen und Videos.

Besuche den PlayStation®Store noch heute!</Text>
	<Text name="msg_psstore_explanation_hd">Der PlayStation®Store ist KOSTENLOS* zugänglich und der einzige Ort, an dem du neue und exklusive PS3™-Spiele, kostenlose* spielbare Demos, Erweiterungen und High-Definition-Videos herunterladen kannst.

Mach mehr aus PS3™ und besuche den PlayStation®Store noch heute.

* Breitband-Internetverbindung erforderlich.</Text>
	<Text name="msg_reg_explanation_sd">Genieße KOSTENLOSE* Online-Spiele, lade dir Spiele, Erweiterungen und exklusive Inhalte herunter, unterhalte dich im Chat mit deinen Freunden und vergleiche Trophäen.
Melde dich gleich an, und der Spaß kann beginnen!
* Breitband-Internetverbindung erforderlich.</Text>
	<Text name="msg_reg_explanation_hd">PSN bietet Unterhaltung und Interaktion pur.
Genießen Sie KOSTENLOSE* Online-Spiele, laden Sie sich tolle neue Spiele und Erweiterungen für jede Menge Toptitel herunter, sehen Sie sich Trailer an, sichern Sie sich exklusive Inhalte, unterhalten Sie sich im Chat mit Ihren Freunden und vergleichen Sie Trophäen.

Melden Sie sich gleich an – das ist ganz leicht und außerdem KOSTENLOS!

* Breitband-Internetverbindung erforderlich.</Text>
	<Text name="msg_account_manage">Konto-Verwaltung</Text>
	<Text name="msg_can_change_psn_account_psstore_setteing">Ändern Sie die Einstellungen für Ihr Konto oder für im PlayStation®Store getätigte Einkäufe.</Text>
	<Text name="msg_your_channel">Neuigkeiten</Text>
	<Text name="msg_your_channel_offline_explanation_hd">Willkommen bei PlayStation®3!
In der „Neuigkeiten“-Anzeige finden Sie die aktuellsten PlayStation®-Neuigkeiten und Aktualisierungen und haben bequemen Zugriff auf die Spiele, die Sie zuletzt gespielt haben.
Um die Neuigkeiten aufrufen zu können, stellen Sie eine Verbindung zum PSN* her – die Anmeldung dafür ist kostenlos und eröffnet Ihnen eine ganze Unterhaltungswelt. Melden Sie sich noch heute an!

* Breitbandverbindung erforderlich.</Text>
	<Text name="msg_your_channel_offline_explanation_sd">Unter „Neuigkeiten“ finden Sie alle PlayStation®-Neuigkeiten und haben Zugriff auf die zuletzt gespielten Spiele. Stellen Sie eine Verbindung zum PSN* her – die Anmeldung dazu ist kostenlos!
* Breitbandverbindung erforderlich.</Text>
	<Text name="msg_your_channel_caution_launching_website">Sie öffnen eine Internetseite.</Text>
	<Text name="msg_trophy_collection">Trophäen-Sammlung</Text>
	<Text name="msg_trophy_count">Trophäen</Text>
	<Text name="msg_gain_date">Verdient</Text>
	<Text name="msg_no_trophy_explanation">Es gibt keine Trophäen.
Wenn Sie in einem Spiel, das die Trophäenfunktion unterstützt, Trophäen sammeln, werden diese hier angezeigt.</Text>
	<Text name="msg_compare_trophy">Trophäen vergleichen</Text>
	<Text name="msg_trophy_grade">Rang</Text>
	<Text name="msg_trophy_platinum">Platin</Text>
	<Text name="msg_trophy_gold">Gold</Text>
	<Text name="msg_trophy_silver">Silber</Text>
	<Text name="msg_trophy_bronze">Bronze</Text>
	<Text name="msg_sync_with_server">Mit Server synchronisieren</Text>
	<Text name="msg_switch_mode">Modus umschalten</Text>
	<Text name="msg_online_mode">Online-Modus</Text>
	<Text name="msg_online_mode_trophy_explanation">Online-Modus
Die auf dem Server gespeicherten Trophäen-Informationen anzeigen.</Text>
	<Text name="msg_offline_mode">Offline-Modus</Text>
	<Text name="msg_offline_mode_trophy_explanation">Offline-Modus
Die auf diesem System gespeicherten Trophäen-Informationen anzeigen.</Text>
	<Text name="msg_trophy_base_addon">Hauptspiel/Addon</Text>
	<Text name="msg_hidden_trophy_name">Versteckte Trophäe</Text>
	<Text name="msg_original_f">Originalreihenfolge</Text>
	<Text name="msg_trophy_grade_f">Rang</Text>
	<Text name="msg_trophy_earned_f">Verdienstdatum ▲</Text>
	<Text name="msg_trophy_earned_r">Verdienstdatum ▼</Text>
	<Text name="msg_privacy_settings">Privatsphäre-Einstellungen</Text>
	<Text name="msg_ps_plus_psn">PlayStation®Plus</Text>
	<Text name="msg_health_warning_psn">Gesundheitswarnhinweis</Text>
	<Text name="msg_psp_exclusive_install_ask">Dieser Inhalt ist ausschließlich für die Verwendung mit dem PSP™-System bestimmt.
Möchten Sie ihn jetzt auf das PSP™-System kopieren?</Text>
	<Text name="msg_bonus_digital_copy">Digital Copy</Text>
	<Text name="msg_bonus_digital_copy_explanation">Dieser Inhalt kann verwendet werden, nachdem Sie sich beim PSN angemeldet und den Inhalt in den Systemspeicher dieses Systems kopiert haben.</Text>
	<Text name="msg_error_service_not_available_region">Dieser Service ist in Ihrem Land/Ihrer Region nicht verfügbar.</Text>
	<Text name="msg_sigining_in2">Meldet an ...</Text>
	<Text name="msg_auto_signin_off">Autom. Anmeldung Aus</Text>
	<Text name="msg_auto_signin">Autom. Anmeldung</Text>
	<Text name="msg_signout">Abmelden</Text>
	<Text name="msg_error_no_execute_psn_maintenance_partially">Der Vorgang kann nicht ausgeführt werden.
Einige Funktionen des Sony Entertainment Network werden zurzeit gewartet.</Text>
	<Text name="msg_error_no_player">Keine Spieler gefunden.</Text>
	<Text name="msg_signin">Anmelden</Text>
	<Text name="msg_ignore_list">Blockierliste</Text>
	<Text name="msg_friend_register">Einen Freund hinzufügen</Text>
	<Text name="msg_play_with">Spielerbegegnungen</Text>
	<Text name="msg_av_chatroom">Sprach-Chat/Video-Chat-Raum</Text>
	<Text name="msg_game_chatroom">Spiele-Chatraum</Text>
	<Text name="msg_msg_box">Nachrichten-Eingang</Text>
	<Text name="msg_last_signin_minute_ago">Letzte Anmeldung: vor %1 Minuten</Text>
	<Text name="msg_last_signin_hour_ago">Letzte Anmeldung: vor %1 Stunden</Text>
	<Text name="msg_last_signin_day_ago">Letzte Anmeldung: vor %1 Tagen</Text>
	<Text name="msg_last_signin_month_ago">Letzte Anmeldung: vor %1 Monaten</Text>
	<Text name="msg_last_signin_more_than_2year_ago">Letzte Anmeldung: vor 2 oder mehr Jahren</Text>
	<Text name="msg_to">An</Text>
	<Text name="msg_sent">Senden abgeschlossen.</Text>
	<Text name="msg_registered">Hinzufügen abgeschlossen.</Text>
	<Text name="msg_error_registered_number_over">Die maximale Anzahl an Personen, die hinzugefügt werden können, ist erreicht.</Text>
	<Text name="msg_error_cannot_register_myself">Sie können sich nicht selbst hinzufügen.</Text>
	<Text name="msg_accept_friend_register_ask">Möchten Sie die Person als Freund hinzufügen?</Text>
	<Text name="msg_register_request">Freundesanfrage</Text>
	<Text name="msg_asking_to_add">Antwort auf Ihre Freundesanfrage steht noch aus.</Text>
	<Text name="msg_asked_to_add">Sie haben eine Freundesanfrage erhalten.</Text>
	<Text name="msg_msg_list">Nachrichtenliste</Text>
	<Text name="msg_start_new_chat">Neuen Chat starten</Text>
	<Text name="msg_new_msg">Nachricht erstellen</Text>
	<Text name="msg_error_no_msg">Es liegen keine Nachrichten vor.</Text>
	<Text name="msg_status_f">Status</Text>
	<Text name="msg_name_f">Name</Text>
	<Text name="msg_online_id">Online-ID</Text>
	<Text name="msg_online_name">Online-Name</Text>
	<Text name="msg_about_me">Über mich</Text>
	<Text name="msg_my_lang">Meine Sprachen</Text>
	<Text name="msg_received_msg_count">Empfangene Nachrichten</Text>
	<Text name="msg_unread_msg_count">Ungelesene Nachrichten</Text>
	<Text name="msg_protect_msg_count">Geschützte Nachrichten</Text>
	<Text name="msg_sent_msg_count">Gesendete Nachrichten</Text>
	<Text name="msg_received_msg_count_with_variable">Empfangene Nachrichten %1</Text>
	<Text name="msg_sent_msg_count_with_variable">Gesendete Nachrichten %1</Text>
	<Text name="msg_from">Von</Text>
	<Text name="msg_received_datetime">Empfangen</Text>
	<Text name="msg_sent_datetime">Gesendet</Text>
	<Text name="msg_reply_to_friend_register">Auf Freundesanfrage antworten</Text>
	<Text name="msg_del_addingfriend_ask">Ein Freund, der darauf wartet, hinzugefügt zu werden, wird gelöscht.
Wenn Sie diesen Freund löschen, werden Sie aus dessen Freundesliste gelöscht.
Möchten Sie wirklich fortfahren?</Text>
	<Text name="msg_del_friend_ask">Dieser Freund wird gelöscht.
Wenn Sie diesen Freund löschen, werden Sie aus dessen Freundesliste gelöscht.
Möchten Sie wirklich fortfahren?</Text>
	<Text name="msg_status">Status</Text>
	<Text name="msg_profile">Profil</Text>
	<Text name="msg_online">Online</Text>
	<Text name="msg_afk">Nicht verfügbar</Text>
	<Text name="msg_add_ignore_list">Zur Blockierliste hinzufügen</Text>
	<Text name="msg_game_title">Titel des Spiels</Text>
	<Text name="msg_information">Informationen</Text>
	<Text name="msg_played_date_hour">Gespielt</Text>
	<Text name="msg_add_ignore_list_ask">Wenn Sie der Blockierliste eine Person hinzufügen, empfangen Sie keine Nachrichten von dieser Person mehr.
Möchten Sie fortfahren?</Text>
	<Text name="msg_adding">Fügt hinzu ...
Bitte warten.</Text>
	<Text name="msg_del_from_ignore_list">Aus der Blockierliste entfernen</Text>
	<Text name="msg_del_ignore_list_ask">Möchten Sie wirklich aus der Blockierliste entfernen?</Text>
	<Text name="msg_error_not_registered">Es wurden keine Personen hinzugefügt.</Text>
	<Text name="msg_error_try_again_later">Ein Fehler ist aufgetreten.
Versuchen Sie es später erneut.</Text>
	<Text name="msg_send_grief_report">Beschwerde</Text>
	<Text name="msg_received_box">Empfangen</Text>
	<Text name="msg_sent_box">Gesendet</Text>
	<Text name="msg_list">Liste</Text>
	<Text name="msg_protect">Schützen</Text>
	<Text name="msg_unprotected">Schutz entfernen</Text>
	<Text name="msg_edit">Bearbeiten</Text>
	<Text name="msg_attach_image_select">Wählen Sie ein Bild, das Sie anhängen möchten.</Text>
	<Text name="msg_attach_cancel_ask">Möchten Sie das Anhängen abbrechen?</Text>
	<Text name="msg_dell_msg_all_ask">Sollen alle Nachrichten gelöscht werden?
Geschützte Nachrichten werden nicht gelöscht.</Text>
	<Text name="msg_del_msgl_ask">Möchten Sie die Nachricht wirklich löschen?</Text>
	<Text name="msg_dell_msg_all_ask2">Sollen alle Nachrichten gelöscht werden?</Text>
	<Text name="msg_voice_text_chatroom">Sprach-Chat/Text-Chat-Raum</Text>
	<Text name="msg_text_chatroom">Chat-Raum (Nur Text)</Text>
	<Text name="msg_mic_on">Mikrofon Ein</Text>
	<Text name="msg_mic_off">Mikrofon Aus</Text>
	<Text name="msg_chat_volume">Chat-Lautstärke</Text>
	<Text name="msg_camera_on">Kamera Ein</Text>
	<Text name="msg_camera_off">Kamera Aus</Text>
	<Text name="msg_chat_screen_on">Chat-Bild anzeigen</Text>
	<Text name="msg_chat_screen_off">Chat-Bild verbergen</Text>
	<Text name="msg_invite_friend">Einen Freund einladen</Text>
	<Text name="msg_new_msg_all">Nachricht an alle erstellen</Text>
	<Text name="msg_quit">Verlassen</Text>
	<Text name="msg_cancel2">Abbrechen</Text>
	<Text name="msg_invite_chat">Chat-Einladung</Text>
	<Text name="msg_participants_list">Teilnehmer-Liste</Text>
	<Text name="msg_invite_game">Spieleinladung</Text>
	<Text name="msg_error_add">Während des Hinzufügungsvorgangs ist ein Fehler aufgetreten.</Text>
	<Text name="msg_error_attach_size_over">Die maximale Größe für anzuhängende Dateien wurde erreicht.</Text>
	<Text name="msg_error_attach_deleted">Die angehängte Datei wurde gelöscht.</Text>
	<Text name="msg_error_player_added">Dieser Spieler wurde bereits hinzugefügt.</Text>
	<Text name="msg_protect_msg_over">Die Höchstzahl an Nachrichten, die geschützt werden können, wurde erreicht.
Sie können bis zu 50 Nachrichten schützen.</Text>
	<Text name="msg_error_cannot_operate_signin_pls">Der Vorgang kann nicht ausgeführt werden.
Sie sind nicht angemeldet.</Text>
	<Text name="msg_error_cannot_creat_message">Sie können jetzt keine Nachricht erstellen.</Text>
	<Text name="msg_error_ignore_list_friend">Sie können Ihrer Blockierliste keinen Freund hinzufügen.
Löschen Sie die Person von Ihrer Freundeliste, bevor Sie sie zu Ihrer Blockierliste hinzufügen.</Text>
	<Text name="msg_version">Version</Text>
	<Text name="msg_new_user_create">Neuen Benutzer erstellen</Text>
	<Text name="msg_logout_ask">Möchten Sie sich ausloggen?</Text>
	<Text name="msg_login_ask">Möchten Sie sich als der ausgewählte Benutzer einloggen?
Der zurzeit eingeloggte Benutzer wird ausgeloggt.</Text>
	<Text name="msg_username_create">Geben Sie einen Benutzernamen ein.</Text>
	<Text name="msg_error_max_num_users_reached">Es können keine weiteren Benutzer erstellt werden.
Die Höchstzahl an Benutzern, die erstellt werden können, beträgt 16.</Text>
	<Text name="msg_error_other_username_create_pls">Der von Ihnen eingegebene Name wurde bereits verwendet.
Geben Sie einen anderen Benutzernamen ein.</Text>
	<Text name="msg_error_new_user_create">Während der Benutzererstellung ist ein Fehler aufgetreten.</Text>
	<Text name="msg_user_del_2nd_ask">Möchten Sie den Benutzer wirklich löschen?</Text>
	<Text name="msg_auto_login_set">Ab sofort wird "%1" bei Start des PS3™-Systems automatisch angemeldet.</Text>
	<Text name="msg_username">Benutzer</Text>
	<Text name="msg_username_num">Benutzer %1</Text>
	<Text name="msg_auto_login">Automatisches Log-in</Text>
	<Text name="msg_logout">Ausloggen</Text>
	<Text name="msg_user_del_ask">Wenn Sie den Benutzer löschen, werden auch die gespeicherten Daten für Software im PlayStation®3-Format, Nachrichten, Trophäen und andere Informationen gelöscht.
Möchten Sie wirklich fortfahren?</Text>
	<Text name="msg_error_character">Folgende Zeichen können nicht eingegeben werden:
%1</Text>
	<Text name="msg_health_warning_detail_scee_1">Durch Lichtreize verursachte Anfälle (Photosensitive Epilepsie)

</Text>
	<Text name="msg_health_warning_detail_scee_2">Wenn Sie eine epileptische Veranlagung haben oder schon Anfälle hatten, konsultieren Sie vor dem Spielen einen Arzt. Bei einigen Personen können Symptome wie Augenentzündungen, Sehstörungen, Migräne, Muskelzuckungen, Krämpfe, Ohnmacht, Bewusstseinsverlust oder Desorientierung auftreten, wenn sie Lichtblitzen, flackerndem Licht oder anderen Lichtreizen auf einem Fernsehschirm oder beim Videospielen ausgesetzt sind. Wenn Sie beim Spielen eins der oben genannten Symptome an sich bemerken, hören Sie sofort auf zu spielen und konsultieren Sie einen Arzt.

</Text>
	<Text name="msg_health_warning_detail_scee_3">Spielen Sie auf keinen Fall weiter, wenn Sie folgende Symptome verspüren:
</Text>
	<Text name="msg_health_warning_detail_scee_4">Spielen Sie auf keinen Fall weiter, wenn Sie, abgesehen von den oben genannten Symptomen, Kopfschmerzen, Schwindel, Übelkeit, Müdigkeit, Symptome der Reisekrankheit oder sonstige körperliche Beschwerden oder Schmerzen, zum Beispiel an Augen, Ohren, Händen, Armen oder Beinen verspüren. Wenn die Beschwerden anhalten, konsultieren Sie einen Arzt.



</Text>
	<Text name="msg_health_warning_detail_scee_5">3D-Bilder

</Text>
	<Text name="msg_health_warning_detail_scee_6">Manche Menschen verspüren Unbehagen (wie z. B. Belastung oder Erschöpfung der Augen oder Übelkeit), wenn sie sich 3-D-Videos ansehen oder stereoskopische 3-D-Videospiele auf 3-D-Fernsehgeräten spielen. Wenn Sie solches Unbehagen verspüren, sollten Sie unverzüglich den Gebrauch des Fernsehgeräts einstellen, bis die Beschwerden nachlassen.
</Text>
	<Text name="msg_health_warning_detail_scee_7">Allgemein empfehlen wir Ihnen, Ihr PlayStation®3-System nicht über längere Zeit ohne Unterbrechungen zu benutzen und pro Spielstunde eine Pause von 15 Minuten einzulegen. Beim Betrachten von 3-D-Videos oder dem Spielen von stereoskopischen 3-D-Videospielen variiert die Länge und Haufigkeit der notwendigen Pausen allerdings je nach Person. Bitte pausieren Sie lange genug, sodass eventuelle Beschwerden nachlassen können. Falls die Symptome bestehen bleiben, wenden Sie sich bitte an einen Arzt.
</Text>
	<Text name="msg_health_warning_detail_scee_8">Das Sehvermögen von kleinen Kindern (besonders den unter Sechsjährigen) ist noch in der Entwicklung begriffen. Fragen Sie Ihren Kinderarzt oder Augenarzt um Rat, bevor Sie kleinen Kindern erlauben, 3-D-Videos anzusehen oder stereoskopische 3-D-Videospiele zu spielen. Kleine Kinder sollten von Erwachsenen beaufsichtigt werden, um sicherzustellen, dass sie die obigen Empfehlungen einhalten.



</Text>
	<Text name="msg_health_warning_detail_scee_9">Hinweise zur Sicherheit beim Verwenden des DUALSHOCK™3 Wireless-Controllers

</Text>
	<Text name="msg_health_warning_detail_scee_10">Verwenden Sie die Vibrationsfunktion nicht, wenn Sie Knochen-, Gelenk- oderMuskelverletzungen oder -leiden an Händen oder Armen haben. Wenn Sie gesundheitliche Beschwerden oder eine Verletzung haben, verwenden Sie den DUALSHOCK™3 Wireless-Controller bitte nur mit ausgeschalteter Vibrationsfunktion.



</Text>
	<Text name="msg_health_warning_detail_scee_11">・Verwenden Sie das Gerät in gut beleuchteter Umgebung und achten Sie auf einen ausreichenden Abstand zum Fernsehschirm.
・Verwenden Sie das PS3™-System nicht über längere Zeit. Machen Sie stündlich eine Pause von 15 Minuten.
・Spielen Sie möglichst nicht, wenn Sie müde sind.
</Text>
	<Text name="msg_health_warning_detail_scee_12">・Benutzen Sie das System auf keinen Fall weiter, wenn Sie bei der Bedienung des Wireless-Controllers ermüden oder ein unangenehmes Gefühl oder Schmerzen in den Händen oder Armen wahrnehmen. Wenn dieser Zustand anhält, wenden Sie sich an einen Arzt.
</Text>
	<Text name="msg_health_warning_detail_scee_13">・Wenn Sie bei sich eins der folgenden gesundheitlichen Probleme feststellen, hören Sie sofort auf, das System zu benutzen. Bleiben die Symptome bestehen, wenden Sie sich an einen Arzt.
- Schwindel, Übelkeit, Müdigkeit oder Symptome der Reisekrankheit
- Körperliche Beschwerden oder Schmerzen, zum Beispiel an Augen, Ohren, Händen oder Armen</Text>
	<Text name="msg_health_warning_detail_scea_1">Photosensitivity/Epilepsy/Seizures

</Text>
	<Text name="msg_health_warning_detail_scea_2">A very small percentage of individuals may experience epileptic seizures or blackouts when exposed to certain light patterns or flashing lights. Exposure to certain patterns or backgrounds on a television screen or when playing video games may trigger epileptic seizures or blackouts in these individuals. These conditions may trigger previously undetected epileptic symptoms or seizures in persons who have no history of prior seizures or epilepsy. If you, or anyone in your family, has an epileptic condition or has had seizures of any kind, consult your doctor before playing.

</Text>
	<Text name="msg_health_warning_detail_scea_3">IMMEDIATELY DISCONTINUE use and consult your doctor before resuming gameplay if you or your child experience any of the following health problems or symptoms:
・dizziness,
・altered vision,
・eye or muscle twitches,
・loss of awareness,
・disorientation,
・seizures, or
・any involuntary movement or convulsion.
RESUME GAMEPLAY ONLY ON APPROVAL OF YOUR DOCTOR.

</Text>
	<Text name="msg_health_warning_detail_scea_4">Use and handling of video games to reduce the likelihood of a seizure
・Use in a well-lit area and keep as far away as possible from the television screen.
・Avoid large screen televisions. Use the smallest television screen available.
・Avoid prolonged use of the PS3™ system. Take a 15-minute break during each hour of play.
・Avoid playing when you are tired or need sleep.



</Text>
	<Text name="msg_health_warning_detail_scea_5">3D images

</Text>
	<Text name="msg_health_warning_detail_scea_6">Some people may experience discomfort (such as eye strain, eye fatigue, or nausea) while watching 3D video images or playing stereoscopic 3D games on 3D televisions. If you experience such discomfort you should immediately discontinue use of your television until the discomfort subsides.
</Text>
	<Text name="msg_health_warning_detail_scea_7">SCE recommends that all viewers take regular breaks while watching 3D video, or playing stereoscopic 3D games. The length and frequency of necessary breaks may vary from person to person - please take breaks that are long enough to allow any feelings of discomfort to subside. If symptoms persist, consult your doctor.
</Text>
	<Text name="msg_health_warning_detail_scea_8">The vision of young children (especially those under six years old) is still under development. SCE recommends that you consult with a doctor (such as a pediatrician or eye doctor) before allowing a young child to watch 3D video images or play stereoscopic 3D games. Adults should supervise young children to ensure they follow the recommendations listed above. When using any 3D enabled device with your PlayStation®3 system you should read the instruction manual for that device and check www.us.playstation.com/support/3D for updated information.



</Text>
	<Text name="msg_health_warning_detail_scea_9">Notes on safety when using the DUALSHOCK™3 Wireless Controller

</Text>
	<Text name="msg_health_warning_detail_scea_10">・Stop using the system immediately if you begin to feel tired or if you experience discomfort or pain in your hands or arms while operating the DUALSHOCK™3 Wireless Controller. If the condition persists, consult a doctor.
・The vibration function of the DUALSHOCK™3 Wireless Controller can aggravate injuries. Do not use the vibration function if you have any ailment or injury to the bones, joints or muscles of your hands or arms. If you have an ailment or an injury, do not play software titles that contain the vibration function using the DUALSHOCK™3 Wireless Controller unless you have set the vibration function to [Off].
</Text>
	<Text name="msg_health_warning_detail_scea_11">・Avoid prolonged use of the DUALSHOCK™3 Wireless Controller. Take a break at about 30-minute intervals.
・Note that some software titles set the vibration function to [On] by default. To disable the vibration function, press the PS button of the controller, and then select [Controller Settings]→ [Vibration Function]→[Off].



</Text>
	<Text name="msg_health_warning_detail_scea_12">・Use in a well-lit area and keep as far away as possible from the television screen.
・Avoid prolonged use of the PS3™ system and wireless controller.
</Text>
	<Text name="msg_health_warning_detail_scea_13">・Stop using the system immediately if you begin to feel tired or if you experience discomfort or pain in your hands or arms while operating the wireless controller. If the condition persists, consult a doctor.
</Text>
	<Text name="msg_health_warning_detail_scea_14">・If you experience any of the following health problems, discontinue use of the system immediately. If symptoms persist, consult with your doctor.
- Dizziness, nausea, fatigue or symptoms similar to motion sickness
- Discomfort or pain in a part of the body, such as eyes, ears, hands or arms</Text>
	<Text name="msg_health_warning_detail_scej_1">光の刺激によって引き起こされる発作について

</Text>
	<Text name="msg_health_warning_detail_scej_2">点滅を繰り返す画面や、その他の光の刺激によって、まれに、目の痛み、視覚異常、偏頭痛、けいれんや意識障害（失神など）などの症状（光感受性発作）が起きることがあります。こうした症状のある方は、事前に必ず医師に相談してください。

</Text>
	<Text name="msg_health_warning_detail_scej_3">こんなときはすぐに使用を中止する
</Text>
	<Text name="msg_health_warning_detail_scej_4"><![CDATA[上記の症状に加え、頭痛、めまい、吐き気、疲労感、乗り物酔いに似た症状などを感じたときや、目、耳、手、腕、足など、身体の一部に不快感や痛みを感じたときは、すぐに使用を中止してください。使用を中止しても治らないときは、医師の診察を受けてください。



]]></Text>
	<Text name="msg_health_warning_detail_scej_5">3D映像、3D立体視ゲームについて

</Text>
	<Text name="msg_health_warning_detail_scej_6">3D映像の視聴中や3D対応テレビでの3D立体視ゲームのプレイ中に、目の疲労、気分が悪くなるなどの不快な症状が出ることがあります。不快な症状が出たときは、直ちにテレビのご利用を中止し、回復するまでご利用をお控えください。
3D映像を視聴したり、3D立体視ゲームをプレイしたりするときは、定期的に休憩をとることをおすすめします。必要な休憩の長さや頻度は個人によって異なりますので、ご自身でご判断ください。不快な症状が回復するまで、十分に休憩をとってください。もし症状が続く場合は、医師にご相談ください。
</Text>
	<Text name="msg_health_warning_detail_scej_7"><![CDATA[なお、お子さま(特に6歳未満の子)の視覚は発達段階にあります。お子さまが3D映像を視聴したり、3D立体視ゲームをプレイしたりする前に、小児科や眼科などの医師にご相談いただくことをおすすめします。大人のかたは、お子さまが上記注意点を守るよう監督してください。
最新情報については、ホームページ(http://www.jp.playstation.com/support/)をご覧ください。



]]></Text>
	<Text name="msg_health_warning_detail_scej_8">コントローラの振動機能に対応したソフトウェアについて

</Text>
	<Text name="msg_health_warning_detail_scej_9">振動障害のある方は、バイブレーション（振動）機能を使用しないでください。



</Text>
	<Text name="msg_health_warning_detail_scej_10">・使用するときは部屋を明るくし、できるだけ画面から離れてください。
・疲れているときや睡眠不足のときは、使用を避けてください。
</Text>
	<Text name="msg_health_warning_detail_scej_11">・使用するときは健康のため、1時間ごとに15分程度の休憩を取ってください。
・使用中に体調が悪くなったら、すぐに使用をやめてください。</Text>
	<Text name="msg_health_warning_detail_sceasia_1">Photosensitivity/Epilepsy/Seizures

</Text>
	<Text name="msg_health_warning_detail_sceasia_2">A very small percentage of individuals may experience epileptic seizures or blackouts when exposed to certain light patterns or flashing lights. Exposure to certain patterns or backgrounds on a television screen or when playing video games may trigger epileptic seizures or blackouts in these individuals. These conditions may trigger previously undetected epileptic symptoms or seizures in persons who have no history of prior seizures or epilepsy. If you, or anyone in your family, has an epileptic condition or has had seizures of any kind, consult your physician before playing.

</Text>
	<Text name="msg_health_warning_detail_sceasia_3">IMMEDIATELY DISCONTINUE use and consult your physician before resuming gameplay if you or your child experience any of the following health problems or symptoms:
・dizziness,
・altered vision,
・eye or muscle twitches,
・loss of awareness,
・disorientation,
・seizures, or
・any involuntary movement or convulsion.
RESUME GAMEPLAY ONLY ON APPROVAL OF YOUR PHYSICIAN.

</Text>
	<Text name="msg_health_warning_detail_sceasia_4">Use and handling of video games to reduce the likelihood of a seizure
・Use in a well-lit area and keep as far away as possible from the television screen.
・Avoid large screen televisions. Use the smallest television screen available.
・Avoid prolonged use of the PS3™ system. Take a 15-minute break during each hour of play.
・Avoid playing when you are tired or need sleep.



</Text>
	<Text name="msg_health_warning_detail_sceasia_5">3D images

</Text>
	<Text name="msg_health_warning_detail_sceasia_6">Some people may experience discomfort (such as eye strain, eye fatigue, or nausea) while watching 3D video images or playing stereoscopic 3D games on 3D televisions. If you experience such discomfort you should immediately discontinue use of your television until the discomfort subsides.
</Text>
	<Text name="msg_health_warning_detail_sceasia_7">SCE recommends that all viewers take regular breaks while watching 3D video, or playing stereoscopic 3D games. The length and frequency of necessary breaks may vary from person to person - please take breaks that are long enough to allow any feelings of discomfort to subside. If symptoms persist, consult your physician.
</Text>
	<Text name="msg_health_warning_detail_sceasia_8">The vision of young children (especially those under six years old) is still under development. SCE recommends that you consult with physician (such as a pediatrician or eye doctor) before allowing a young child to watch 3D video images or play stereoscopic 3D games. When using any 3D enabled device with your PlayStation®3 system you should read the instruction manual for that device.



</Text>
	<Text name="msg_health_warning_detail_sceasia_9">Notes on safety when using the DUALSHOCK™3 Wireless Controller

</Text>
	<Text name="msg_health_warning_detail_sceasia_10">・Stop using the system immediately if you begin to feel tired or if you experience discomfort or pain in your hands or arms while operating the DUALSHOCK™3 wireless controller. If the condition persists, consult a doctor.
・The vibration function of the DUALSHOCK™3 wireless controller can aggravate injuries. Do not use the vibration function if you have any ailment or injury to the bones, joints or muscles of your hands or arms. If you have an ailment or an injury, do not play such titles using the DUALSHOCK™3 wireless controller unless you have set the vibration function to [Off].
</Text>
	<Text name="msg_health_warning_detail_sceasia_11">・Avoid prolonged use of the DUALSHOCK™3 wireless controller. Take a break at about 30-minute intervals.
・Note that some software titles set the vibration function to [On] by default. To disable the vibration function, press the PS button of the controller, and then select [Controller Settings]→[Vibration Function]→[Off].



</Text>
	<Text name="msg_health_warning_detail_sceasia_12">・Use in a well-lit area and keep a safe distance from the TV screen.
・Avoid prolonged use of the PS3™ system. Take a 15-minute break during each hour of play.
・Avoid playing when you are tired or need sleep.
</Text>
	<Text name="msg_health_warning_detail_sceasia_13">・Stop using the system immediately if you begin to feel tired or if you experience discomfort or pain in your hands or arms while operating the wireless controller If the condition persists, consult a doctor.
</Text>
	<Text name="msg_health_warning_detail_sceasia_14">・If you experience any of the following health problems, discontinue use of the system immediately. If symptoms persist, consult with your physician.
- Dizziness, nausea, fatigue or symptoms similar to motion sickness
- Discomfort or pain in a part of the body, such as eyes, ears, hands or arms</Text>
</TextLang>
