﻿<?xml version="1.0" encoding="utf-8"?>
<!-- This XML was generated by Rcomage v1.1.1 -->
<TextLang>
	<Text name="msg_psmove_notice">PlayStation®Move – Avviso di sicurezza</Text>
	<Text name="msg_when_use_content_on_vita_hint">Se si usa il contenuto su un sistema PS Vita, avviare [Gestione contenuto] sul sistema PS Vita e copiare il contenuto sul sistema PS Vita.</Text>
	<Text name="msg_size">Dimensione</Text>
	<Text name="msg_setting">Impostazioni</Text>
	<Text name="msg_photo">Foto</Text>
	<Text name="msg_music">Musica</Text>
	<Text name="msg_video">Video</Text>
	<Text name="msg_game">Gioco</Text>
	<Text name="msg_net">Rete</Text>
	<Text name="msg_friend">Amici</Text>
	<Text name="msg_user">Utenti</Text>
	<Text name="msg_login">Effettua il login</Text>
	<Text name="msg_tv">TV</Text>
	<Text name="msg_tv_video_service">Servizi TV/Video</Text>
	<Text name="msg_psn">PSN</Text>
	<Text name="msg_power_off_console2">Spegni sistema</Text>
	<Text name="msg_photo_gallery">Photo Gallery</Text>
	<Text name="msg_untitled">Sconosciuto</Text>
	<Text name="msg_new_vmc">Crea nuova Memory Card interna</Text>
	<Text name="msg_signup">Iscriviti</Text>
	<Text name="msg_playstation_home">PlayStation®Home</Text>
	<Text name="msg_start_new_chat2">Avvia nuova chat</Text>
	<Text name="msg_ms">Memory Stick™</Text>
	<Text name="msg_sd">SD Memory Card</Text>
	<Text name="msg_cf">CompactFlash®</Text>
	<Text name="msg_bd_rom">BD-ROM</Text>
	<Text name="msg_bd_r">BD-R</Text>
	<Text name="msg_bd_re">BD-RE</Text>
	<Text name="msg_dvdr">DVD-R</Text>
	<Text name="msg_dvdplusr">DVD+R</Text>
	<Text name="msg_dvdrw">DVD-RW</Text>
	<Text name="msg_dvdplusrw">DVD+RW</Text>
	<Text name="msg_dvdrom">DVD-ROM</Text>
	<Text name="msg_dvdvideo">DVD Video</Text>
	<Text name="msg_dvdvr">DVD-VR</Text>
	<Text name="msg_dvdplusvr">DVD+VR</Text>
	<Text name="msg_avchd">AVCHD</Text>
	<Text name="msg_avcrec">AVCREC</Text>
	<Text name="msg_bdmv">BDMV</Text>
	<Text name="msg_bdav">BDAV</Text>
	<Text name="msg_cdaudio">CD audio</Text>
	<Text name="msg_cddata">Disco di dati</Text>
	<Text name="msg_sacd">Super Audio CD</Text>
	<Text name="msg_mc_ps1">Memory Card (PS)</Text>
	<Text name="msg_mc_ps2">Memory Card (PS2)</Text>
	<Text name="msg_disc">Disco</Text>
	<Text name="msg_dsd_disc">Disco DSD</Text>
	<Text name="msg_psp">PSP™ (PlayStation®Portable)</Text>
	<Text name="msg_psp_bracket">PSP™ (PlayStation®Portable) %1</Text>
	<Text name="msg_vita_abbreviated">Sistema PS Vita</Text>
	<Text name="msg_psp_name">Soprannome</Text>
	<Text name="msg_usb">Dispositivo USB</Text>
	<Text name="msg_usb_id">Dispositivo USB (%1)</Text>
	<Text name="msg_digitalcamera">Fotocamera digitale</Text>
	<Text name="msg_digitalcamera_id">Fotocamera digitale (%1)</Text>
	<Text name="msg_walkman">ATRAC Audio Device</Text>
	<Text name="msg_walkman_id">ATRAC Audio Device (%1)</Text>
	<Text name="msg_cancel">Annulla</Text>
	<Text name="msg_ok">OK</Text>
	<Text name="msg_fix">OK</Text>
	<Text name="msg_yes">Sì</Text>
	<Text name="msg_no">No</Text>
	<Text name="msg_on">Attiva</Text>
	<Text name="msg_off">Disattiva</Text>
	<Text name="msg_nrml">Normale</Text>
	<Text name="msg_normal">Normale</Text>
	<Text name="msg_plus1">+1</Text>
	<Text name="msg_plus2">+2</Text>
	<Text name="msg_plus3">+3</Text>
	<Text name="msg_plus4">+4</Text>
	<Text name="msg_minus1">-1</Text>
	<Text name="msg_minus2">-2</Text>
	<Text name="msg_minus3">-3</Text>
	<Text name="msg_minus4">-4</Text>
	<Text name="msg_1">1</Text>
	<Text name="msg_2">2</Text>
	<Text name="msg_3">3</Text>
	<Text name="msg_4">4</Text>
	<Text name="msg_5">5</Text>
	<Text name="msg_percent">%1%%</Text>
	<Text name="msg_image_count_value">%1 immagine</Text>
	<Text name="msg_images_count_value">%1 immagini</Text>
	<Text name="msg_track_count_value">%1 brano</Text>
	<Text name="msg_tracks_count_value">%1 brani</Text>
	<Text name="msg_title_count_value">%1 titolo</Text>
	<Text name="msg_titles_count_value">%1 titoli</Text>
	<Text name="msg_savedata_count_value">%1 salvataggio</Text>
	<Text name="msg_savedatas_count_value">%1 salvataggi</Text>
	<Text name="msg_time_num1">%1:%2:%3</Text>
	<Text name="msg_time_num2">%1:%2'%3''</Text>
	<Text name="msg_time_num3">%1'%2''</Text>
	<Text name="msg_datetime_num1">%1/%2/%3  %4:%5</Text>
	<Text name="msg_am">AM</Text>
	<Text name="msg_pm">PM</Text>
	<Text name="msg_time_hour_num2">%1:%2'</Text>
	<Text name="msg_day_plural">%1 giorni</Text>
	<Text name="msg_sort">Ordina per</Text>
	<Text name="msg_importeddate_f">Data di importazione ▲</Text>
	<Text name="msg_importeddate_r">Data di importazione ▼</Text>
	<Text name="msg_shootdate_f">Data del filmato ▲</Text>
	<Text name="msg_shootdate_r">Data del filmato ▼</Text>
	<Text name="msg_sale_year_f">Anno di pubblicazione ▲</Text>
	<Text name="msg_sale_year_r">Anno di pubblicazione ▼</Text>
	<Text name="msg_created_date_time_f">Data di creazione ▲</Text>
	<Text name="msg_created_date_time_r">Data di creazione ▼</Text>
	<Text name="msg_updated_date_f">Data di aggiornamento ▲</Text>
	<Text name="msg_updated_date_r">Data di aggiornamento ▼</Text>
	<Text name="msg_format_f">Formato</Text>
	<Text name="msg_imagename_f">Nome dell'immagine</Text>
	<Text name="msg_albumname_f">Nome dell'album</Text>
	<Text name="msg_genre_f">Nome del genere</Text>
	<Text name="msg_artist_f">Nome dell'artista</Text>
	<Text name="msg_track_f">Nome del brano</Text>
	<Text name="msg_title_f">Nome del titolo</Text>
	<Text name="msg_subtitle_f">Titolo secondario</Text>
	<Text name="msg_start_date_f">Giocati recentemente</Text>
	<Text name="msg_folder_class">Raggruppare i contenuti</Text>
	<Text name="msg_all">Tutto</Text>
	<Text name="msg_year_folder">Per anno</Text>
	<Text name="msg_month_folder">Per mese</Text>
	<Text name="msg_album_folder">Per album</Text>
	<Text name="msg_genre_folder">Per genere</Text>
	<Text name="msg_artist_folder">Per artista</Text>
	<Text name="msg_sale_year_folder">Per anno di pubblicazione</Text>
	<Text name="msg_track_folder">Per brano</Text>
	<Text name="msg_title_folder">Per titolo</Text>
	<Text name="msg_format_folder">Per formato</Text>
	<Text name="msg_copy">Copia</Text>
	<Text name="msg_copy_plural">Copia molteplici</Text>
	<Text name="msg_del">Elimina</Text>
	<Text name="msg_del_plural">Elimina molteplici</Text>
	<Text name="msg_slideshow">Galleria</Text>
	<Text name="msg_display_all">Visualizza tutto</Text>
	<Text name="msg_cddbdata_get">Reperisci informazioni sul CD</Text>
	<Text name="msg_import">Importa</Text>
	<Text name="msg_titlelist">Elenco dei titoli</Text>
	<Text name="msg_play">Riproduci</Text>
	<Text name="msg_play_begin">Riproduci dall'inizio</Text>
	<Text name="msg_smove">Sposta</Text>
	<Text name="msg_disc_eject">Rimuovi disco</Text>
	<Text name="msg_info">Informazioni</Text>
	<Text name="msg_repeat">Ripeti</Text>
	<Text name="msg_shuffle">Casuale</Text>
	<Text name="msg_pause">Pausa</Text>
	<Text name="msg_display">Visualizza</Text>
	<Text name="msg_volume_control">Regolazione del volume</Text>
	<Text name="msg_plus">+</Text>
	<Text name="msg_minus">-</Text>
	<Text name="msg_slideshow_with_icon">Galleria </Text>
	<Text name="msg_fix_with_icon">OK </Text>
	<Text name="msg_folder_class_with_icon">Raggruppare i contenuti </Text>
	<Text name="msg_option_with_icon">: Opzioni</Text>
	<Text name="msg_help_start">: Avvia</Text>
	<Text name="msg_copy_psplus_with_icon">Copia </Text>
	<Text name="msg_copy_plural_psplus_with_icon">Copia molteplici </Text>
	<Text name="msg_savedata_auto_upload_psplus_with_icon">Autocaricamento dati salvati </Text>
	<Text name="msg_icon_start"></Text>
	<Text name="msg_info_none">-</Text>
	<Text name="msg_format">Formato</Text>
	<Text name="msg_space">Spazio libero</Text>
	<Text name="msg_shoot_date">Ripreso</Text>
	<Text name="msg_updated_date">Aggiornato</Text>
	<Text name="msg_corrupted_data">Dati danneggiati</Text>
	<Text name="msg_unsupported_data">Dati non supportati</Text>
	<Text name="msg_folder">Cartella</Text>
	<Text name="msg_resolution">Risoluzione</Text>
	<Text name="msg_multiply">%1 x %2</Text>
	<Text name="msg_image">Immagine</Text>
	<Text name="msg_image_count">Immagini</Text>
	<Text name="msg_camera">Dispositivo di ripresa</Text>
	<Text name="msg_album">Album</Text>
	<Text name="msg_genre">Genere</Text>
	<Text name="msg_artist">Artista</Text>
	<Text name="msg_imported_size">Dimensione dopo importazione</Text>
	<Text name="msg_size_counting">Conteggio in corso...</Text>
	<Text name="msg_sale_year">Pubblicato</Text>
	<Text name="msg_play_time">Durata</Text>
	<Text name="msg_comment">Commento</Text>
	<Text name="msg_samplingfrequency">Frequenza di campionamento</Text>
	<Text name="msg_disc_number">Numero del disco</Text>
	<Text name="msg_track_count">Brani</Text>
	<Text name="msg_track_number">Numero del brano</Text>
	<Text name="msg_track">Brano</Text>
	<Text name="msg_bpm">BPM</Text>
	<Text name="msg_codec">Codec</Text>
	<Text name="msg_lastplay_datetime">Ultima riproduzione</Text>
	<Text name="msg_ch">Canale</Text>
	<Text name="msg_various_artists">Artisti vari</Text>
	<Text name="msg_imported_date">Importato</Text>
	<Text name="msg_created_date">Ripreso</Text>
	<Text name="msg_start_date">Inizio</Text>
	<Text name="msg_expiration_date">Scadenza</Text>
	<Text name="msg_remaining_time">Ore rimaste</Text>
	<Text name="msg_play_count">Numero di riproduzioni</Text>
	<Text name="msg_file_number">Numero di file</Text>
	<Text name="msg_title">Titolo</Text>
	<Text name="msg_subtitle">Titolo secondario</Text>
	<Text name="msg_disc_type">Tipo di disco</Text>
	<Text name="msg_disc_protect">Bloccato da password</Text>
	<Text name="msg_title_count">Titoli</Text>
	<Text name="msg_video_codec">Codec video</Text>
	<Text name="msg_audio_codec">Codec audio</Text>
	<Text name="msg_file_type">Tipo di file</Text>
	<Text name="msg_mediaserver">Server multimediale</Text>
	<Text name="msg_dlna_date_time">Data e ora</Text>
	<Text name="msg_produced_date">Prodotto</Text>
	<Text name="msg_info_valid_from">Inizio</Text>
	<Text name="msg_info_valid_to">Scadenza</Text>
	<Text name="msg_magicgate">MagicGate™</Text>
	<Text name="msg_mg_supported">Supportata</Text>
	<Text name="msg_mg_not_supported">Non supportata</Text>
	<Text name="msg_info_unknown">Sconosciuto</Text>
	<Text name="msg_savedata_count">Salvataggi</Text>
	<Text name="msg_model">Modello</Text>
	<Text name="msg_can_play_only_for_variable_hours">(Notare che il contenuto può essere riprodotto di nuovo soltanto entro %1 ore dopo la prima riproduzione.)</Text>
	<Text name="msg_can_play_only_for_variable_hours_game">(Notare che il contenuto può essere riprodotto soltanto entro %1 minuti dal primo avvio.)</Text>
	<Text name="msg_video_description">Descrizione</Text>
	<Text name="msg_copyright">Informazioni sul copyright</Text>
	<Text name="msg_owner">Acquirente</Text>
	<Text name="msg_all_use_content_delete_cannot_use">Altri utenti, oltre agli acquirenti del contenuto, possono usare questo contenuto. Se però tutti gli acquirenti vengono eliminati, non sarà più possibile usare il contenuto.</Text>
	<Text name="msg_need_save_psn_pw_other_owner_use_content">Questo contenuto può essere usato da utenti che non ne siano i proprietari. Per consentire ad altri utenti di usare questo contenuto, occorre però salvare sul sistema la password di Sony Entertainment Network dell'acquirente.</Text>
	<Text name="msg_jpeg">JPEG</Text>
	<Text name="msg_gif">GIF</Text>
	<Text name="msg_png">PNG</Text>
	<Text name="msg_tiff">TIFF</Text>
	<Text name="msg_bmp">BMP</Text>
	<Text name="msg_mpo">MPO (MP Format)</Text>
	<Text name="msg_aac_kbps">AAC %1 kbps</Text>
	<Text name="msg_mp3_kpbs">MP3 %1 kbps</Text>
	<Text name="msg_atrac_kbps">ATRAC %1 kbps</Text>
	<Text name="msg_wma_kbps">WMA %1 kbps</Text>
	<Text name="msg_lpcm_bit_ch">Can. %2  PCM lineare a %1 bit</Text>
	<Text name="msg_non_lpcm">Non-linear PCM %1 kbps</Text>
	<Text name="msg_dsd_ch">Can. DSD %1</Text>
	<Text name="msg_dolby">Dolby Digital</Text>
	<Text name="msg_mpeg1">MPEG-1</Text>
	<Text name="msg_mpeg2">MPEG-2</Text>
	<Text name="msg_mpeg2_ts">MPEG-2 TS</Text>
	<Text name="msg_mpeg4">MPEG-4</Text>
	<Text name="msg_mpeg_layer1">MPEG Layer 1</Text>
	<Text name="msg_mpeg_layer2">MPEG Layer 2</Text>
	<Text name="msg_mpeg_layer3">MPEG Layer 3</Text>
	<Text name="msg_avc">AVC</Text>
	<Text name="msg_motion_jpeg">Motion JPEG</Text>
	<Text name="msg_divx">DivX®</Text>
	<Text name="msg_wmv">VC-1 (WMV)</Text>
	<Text name="msg_mpeg1_mbps">MPEG-1 %1 Mbps</Text>
	<Text name="msg_mpeg2_mbps">MPEG-2 %1 Mbps</Text>
	<Text name="msg_mpeg2_ts_mbps">MPEG-2 TS %1 Mbps</Text>
	<Text name="msg_mpeg4_mbps">MPEG-4 %1 Mbps</Text>
	<Text name="msg_avc_kbps">AVC %1 kbps</Text>
	<Text name="msg_khz">%1 kHz</Text>
	<Text name="msg_kbps">%1 kbps</Text>
	<Text name="msg_mbps">%1 Mbps</Text>
	<Text name="msg_ch_2">Can. 2</Text>
	<Text name="msg_multi_ch">Multicanale</Text>
	<Text name="msg_power_off_console">Spegni sistema</Text>
	<Text name="msg_turnoff_system_ask">Spegnere il sistema?</Text>
	<Text name="msg_after_background_download_auto_turn_off">Spegni sistema automaticamente dopo il download in background</Text>
	<Text name="msg_slot_assign">Assegna ingressi</Text>
	<Text name="msg_slot1">Ingresso 1</Text>
	<Text name="msg_slot2">Ingresso 2</Text>
	<Text name="msg_eject">Rimuovi</Text>
	<Text name="msg_user_name">Nome utente</Text>
	<Text name="msg_need_quit_to_operate_ask">Per eseguire questa operazione, occorre chiudere [%1].
Chiudere il software adesso?</Text>
	<Text name="msg_error_hdd_full_perform_operation">Spazio libero insufficiente sullo spazio di archiviazione del sistema.
Per eseguire questa operazione, occorre avere almeno %1 di spazio libero in più.</Text>
	<Text name="msg_content_already_copied">È possibile che questo contenuto sia già stato copiato.</Text>
	<Text name="msg_save_newly">Salva nuovo</Text>
	<Text name="msg_original_content">Contenuto esistente</Text>
	<Text name="msg_new_content">Nuovo contenuto</Text>
	<Text name="msg_save_destination_select">Selezionare la destinazione.</Text>
	<Text name="msg_error_no_storagemedia">Collegare il supporto di memorizzazione nella destinazione di salvataggio.</Text>
	<Text name="msg_ps3_photo">Spazio di archiviazione del sistema (foto)</Text>
	<Text name="msg_ps3_video">Spazio di archiviazione del sistema (video)</Text>
	<Text name="msg_ps3_music">Spazio di archiviazione del sistema (musica)</Text>
	<Text name="msg_folder_name">Nome della cartella</Text>
	<Text name="msg_same_name_file">Nella destinazione c'è già un file con lo stesso nome.</Text>
	<Text name="msg_different_name_save">Rinomina e salva</Text>
	<Text name="msg_overwrite_save">Sovrascrivi e salva</Text>
	<Text name="msg_save_no">Non salvare</Text>
	<Text name="msg_save_yes">Salva</Text>
	<Text name="msg_apply_all">Applica a tutto</Text>
	<Text name="msg_select_all">Seleziona tutto</Text>
	<Text name="msg_deselect_all">Cancella tutto</Text>
	<Text name="msg_copying">Copia in corso...
Attendere.</Text>
	<Text name="msg_copied">Copia completata.</Text>
	<Text name="msg_copy_incomplete_ms_ask">Spazio libero insufficiente sul Memory Stick™. È possibile che l'operazione di copia non venga completata correttamente.
Continuare?</Text>
	<Text name="msg_copy_incomplete_sd_ask">Spazio libero insufficiente sulla SD Memory Card. È possibile che l'operazione di copia non venga completata correttamente.
Continuare?</Text>
	<Text name="msg_copy_incomplete_cf_ask">Spazio libero insufficiente sulla CompactFlash®. È possibile che l'operazione di copia non venga completata correttamente.
Continuare?</Text>
	<Text name="msg_copy_incomplete_usb_ask">Spazio libero insufficiente sul dispositivo USB. È possibile che l'operazione di copia non venga completata correttamente.
Continuare?</Text>
	<Text name="msg_copy_incomplete_hdd_ask">Spazio libero insufficiente sullo spazio di archiviazione del sistema. È possibile che l'operazione di copia non venga completata correttamente.
Continuare?</Text>
	<Text name="msg_copy_incomplete">Spazio libero insufficiente. Operazione di copia non completata.</Text>
	<Text name="msg_completed_count">Completata</Text>
	<Text name="msg_copy_cancel_ask">Annullare l'operazione di copia?</Text>
	<Text name="msg_error_content_over_copy">È stato raggiunto il numero massimo di elementi che è possibile salvare. L'operazione di copia non è stata completata.</Text>
	<Text name="msg_copied_delete_content_saved_ps3_ask">Copia completata.
Eliminare il contenuto esistente salvato sul sistema PS3™?</Text>
	<Text name="msg_sure_to_delete_ask">Si intende davvero eliminarlo?</Text>
	<Text name="msg_deleting">Eliminazione in corso...
Attendere.</Text>
	<Text name="msg_deleted">Eliminazione completata.</Text>
	<Text name="msg_cannot_delete_folder_on_this_system">Impossibile eliminare la cartella mediante questo sistema.</Text>
	<Text name="msg_change_upfolder">Sposta nella cartella superiore</Text>
	<Text name="msg_create_newfolder">Crea nuova cartella</Text>
	<Text name="msg_folder_name_new">Nuova cartella %1</Text>
	<Text name="msg_error_no_folder">Nessuna cartella.</Text>
	<Text name="msg_wait">Attendere...</Text>
	<Text name="msg_error">Si è verificato un errore.</Text>
	<Text name="msg_error_corrupted_data">I dati sono danneggiati.</Text>
	<Text name="msg_error_unsupported_data">Il tipo di dati non è supportato.</Text>
	<Text name="msg_error_copy">Si è verificato un errore durante l'operazione di copia.</Text>
	<Text name="msg_error_del">Si è verificato un errore durante l'operazione di eliminazione.</Text>
	<Text name="msg_error_no_name">Non è stato inserito alcun nome.
Inserire un nome con almeno 1 carattere.</Text>
	<Text name="msg_error_ms_full">Spazio libero insufficiente sul Memory Stick™.</Text>
	<Text name="msg_error_ms_locked">Memory Stick™ bloccato.</Text>
	<Text name="msg_error_ms_no_access">Impossibile accedere al Memory Stick™.</Text>
	<Text name="msg_error_ms_no_read">Impossibile leggere il Memory Stick™.</Text>
	<Text name="msg_error_no_ms">Nessun Memory Stick™ inserito.</Text>
	<Text name="msg_error_sd_full">Spazio libero insufficiente sulla SD Memory Card.</Text>
	<Text name="msg_error_sd_locked">La SD Memory Card è bloccata.</Text>
	<Text name="msg_error_sd_no_access">Impossibile accedere alla SD Memory Card.</Text>
	<Text name="msg_error_sd_no_read">Impossibile leggere la SD Memory Card.</Text>
	<Text name="msg_error_no_sd">Nessuna SD Memory Card inserita.</Text>
	<Text name="msg_error_cf_full">Spazio libero insufficiente sulla CompactFlash®.</Text>
	<Text name="msg_error_cf_locked">CompactFlash® bloccata.</Text>
	<Text name="msg_error_cf_no_access">Impossibile accedere alla CompactFlash®.</Text>
	<Text name="msg_error_cf_no_read">Impossibile leggere la CompactFlash®.</Text>
	<Text name="msg_error_no_cf">Nessuna CompactFlash® inserita.</Text>
	<Text name="msg_error_usb_full">Spazio libero insufficiente sul dispositivo USB.</Text>
	<Text name="msg_error_usb_locked">Il dispositivo USB è bloccato.</Text>
	<Text name="msg_error_usb_no_access">Impossibile accedere al dispositivo USB.</Text>
	<Text name="msg_error_usb_no_read">Impossibile leggere il dispositivo USB.</Text>
	<Text name="msg_error_no_usb">Nessun dispositivo USB inserito.</Text>
	<Text name="msg_error_hdd_full">Spazio libero insufficiente sullo spazio di archiviazione del sistema.</Text>
	<Text name="msg_error_hdd_no_access">Impossibile accedere allo spazio di archiviazione del sistema.</Text>
	<Text name="msg_error_no_signin">Occorre accedere al PSN.</Text>
	<Text name="msg_error_no_signup">Occorre iscriversi a Sony Entertainment Network.</Text>
	<Text name="msg_icon_image_select">Selezionare un'immagine per l'icona.</Text>
	<Text name="msg_icon_change_albumtrack_ask1">Le icone di tutti i brani dell'album saranno cambiate.
Continuare?</Text>
	<Text name="msg_cannot_display_all_mediaserver">Troppi server multimediali.
Alcuni server multimediali non saranno visualizzati.</Text>
	<Text name="msg_scan_mediaserver">Cerca server multimediali</Text>
	<Text name="msg_not_allowed_access_confirm_pls">L'accesso al server multimediale non è consentito. È possibile che il Nome del sistema di questo sistema PS3™, "%1", non sia stato registrato.
Controllare le impostazioni del server multimediale.</Text>
	<Text name="msg_playlists">Elenchi di riproduzione</Text>
	<Text name="msg_playlist_pane">Elenco di riproduzione</Text>
	<Text name="msg_create_new_playlist">Crea nuovo elenco di riproduzione</Text>
	<Text name="msg_to_add_content_playlist_select_edit">Per aggiungere contenuti a questo elenco di riproduzione, selezionare [Modifica] nel menu delle opzioni.</Text>
	<Text name="msg_error_cannot_edit_playlist_no_track">Nessun brano sullo spazio di archiviazione del sistema. Impossibile modificare l'elenco di riproduzione.</Text>
	<Text name="msg_error_cannot_edit_playlist_no_image">Nessuna immagine sullo spazio di archiviazione del sistema. Impossibile modificare l'elenco di riproduzione.</Text>
	<Text name="msg_error_same_name_cannot_use">Quel nome è già in uso.
Inserire un altro nome.</Text>
	<Text name="msg_error_no_content">Nessun elemento di contenuto.</Text>
	<Text name="msg_add_to_playlist">Aggiungi a elenco di riproduzione</Text>
	<Text name="msg_add_playlist">Aggiungi</Text>
	<Text name="msg_add_all_playlist">Aggiungi tutto</Text>
	<Text name="msg_delete_playlist_ask">L'elenco di riproduzione sarà eliminato.
Si vuole davvero continuare?</Text>
	<Text name="msg_error_startdate_video">Il contenuto non è disponibile prima della data di inizio.</Text>
	<Text name="msg_error_expired_video">Il contenuto è scaduto e non è più disponibile.</Text>
	<Text name="msg_info_no_time_limit">Nessun limite di tempo</Text>
	<Text name="msg_info__expired">Scaduto</Text>
	<Text name="msg_expires_on_variable">Scadenza %1</Text>
	<Text name="msg_error_timelimited_video"><![CDATA[Il contenuto ha un limite di tempo.
Per eseguire questa operazione, selezionare [Impostazioni] > [Impostazioni di data e ora] > [Data e ora], quindi [Imposta tramite Internet] per impostare la data e l'ora.]]></Text>
	<Text name="msg_can_play_variable_first_play_now_ask">Il contenuto può essere riprodotto solo per %1 ore dopo la prima riproduzione.
Riprodurlo ora?</Text>
	<Text name="msg_del_content_cannot_dl_again_conf_psn">Il contenuto verrà eliminato e non sarà possibile scaricarlo nuovamente.
Si intende davvero continuare?</Text>
	<Text name="msg_to_enable_setting_enable_auto_login">Le modifiche apportate hanno disabilitato le seguenti impostazioni.
%1

Per abilitare queste impostazioni, occorre impostare il login automatico per l'utente sotto [Utenti]. Per informazioni sull'impostazione dell'opzione di login automatico, consultare il manuale online.</Text>
	<Text name="msg_to_enable_setting_enable_auto_signin">Le modifiche apportate hanno disabilitato le seguenti impostazioni.
%1

Per abilitare queste impostazioni, occorre impostare l'accesso automatico a PSN. Per informazioni sull'impostazione dell'opzione di accesso automatico, consultare il manuale online.</Text>
	<Text name="msg_remoteplay_remote_start"><![CDATA[[Impostazioni] > [Impostazioni di riproduzione remota] > [Avvio remoto]]]></Text>
	<Text name="msg_console_setting_auto_download"><![CDATA[[Impostazioni] > [Impostazioni del sistema] > [Aggiornamento automatico]]]></Text>
	<Text name="msg_lang_japan">Giapponese</Text>
	<Text name="msg_lang_english">Inglese</Text>
	<Text name="msg_lang_french">Francese</Text>
	<Text name="msg_lang_spanish">Spagnolo</Text>
	<Text name="msg_lang_german">Tedesco</Text>
	<Text name="msg_lang_italian">Italiano</Text>
	<Text name="msg_lang_dutch">Olandese</Text>
	<Text name="msg_lang_portuguese">Portoghese</Text>
	<Text name="msg_lang_russian">Russo</Text>
	<Text name="msg_lang_polish">Polacco</Text>
	<Text name="msg_lang_finnish">Finlandese</Text>
	<Text name="msg_lang_danish">Danese</Text>
	<Text name="msg_lang_norwegian">Norvegese</Text>
	<Text name="msg_lang_swedish">Svedese</Text>
	<Text name="msg_lang_turkish">Turco</Text>
	<Text name="msg_lang_korean">Coreano</Text>
	<Text name="msg_lang_chinese_t">Cinese tradizionale</Text>
	<Text name="msg_lang_chinese_s">Cinese semplificato</Text>
	<Text name="msg_lpcm">PCM lineare</Text>
	<Text name="msg_display_on">Visualizza</Text>
	<Text name="msg_display_off">Non visualizzare</Text>
	<Text name="msg_macaddress">Indirizzo MAC</Text>
	<Text name="msg_ipaddress">Indirizzo IP</Text>
	<Text name="msg_atrac_not_activated_set_pls">ATRAC non è abilitato.
Per abilitare ATRAC, selezionare [Impostazioni del sistema] sotto [Impostazioni].</Text>
	<Text name="msg_backup">Effettua backup</Text>
	<Text name="msg_restore">Ripristina</Text>
	<Text name="msg_audio_device_setting">Impostazioni dei dispositivi audio</Text>
	<Text name="msg_print">Stampa</Text>
	<Text name="msg_manufacturer">Marca</Text>
	<Text name="msg_10min">Dopo 10 minuti</Text>
	<Text name="msg_20min">Dopo 20 minuti</Text>
	<Text name="msg_30min">Dopo 30 minuti</Text>
	<Text name="msg_remain_time">Tempo rimanente</Text>
	<Text name="msg_others">Altro</Text>
	<Text name="msg_level_1">Livello 1</Text>
	<Text name="msg_level_2">Livello 2</Text>
	<Text name="msg_level_3">Livello 3</Text>
	<Text name="msg_level_4">Livello 4</Text>
	<Text name="msg_level_5">Livello 5</Text>
	<Text name="msg_level_6">Livello 6</Text>
	<Text name="msg_level_7">Livello 7</Text>
	<Text name="msg_level_8">Livello 8</Text>
	<Text name="msg_level_9">Livello 9</Text>
	<Text name="msg_level_10">Livello 10</Text>
	<Text name="msg_level_11">Livello 11</Text>
	<Text name="msg_gameetc_pc">Filtro contenuti</Text>
	<Text name="msg_netservice">PSN</Text>
	<Text name="msg_error_server_connect_timeout">Tempo esaurito per la connessione al server.</Text>
	<Text name="msg_cannot_operate_in_demonstration_mode">Operazione non disponibile in modalità demo.</Text>
	<Text name="msg_tool_install_file"><![CDATA[★ Install Package Files]]></Text>
	<Text name="msg_tool_app_home_ps3_game"><![CDATA[★ /app_home/PS3_GAME/]]></Text>
	<Text name="msg_tool_title_store_preview">Title Store Preview</Text>
	<Text name="msg_tool_title_store_preview_ingame"><![CDATA[★ Title Store Preview (inGame)]]></Text>
	<Text name="msg_tool_title_store_preview_store"><![CDATA[★ Title Store Preview (Store)]]></Text>
	<Text name="msg_tool_lock"><![CDATA[★ Lock]]></Text>
	<Text name="msg_tool_unlock"><![CDATA[★ Unlock]]></Text>
	<Text name="msg_tool_check"><![CDATA[★ Check]]></Text>
	<Text name="msg_tool_cancel_purchase"><![CDATA[★ Cancel Purchase]]></Text>
	<Text name="msg_tool_del"><![CDATA[★ Delete]]></Text>
	<Text name="msg_tool_import"><![CDATA[★ Import]]></Text>
	<Text name="msg_tool_export"><![CDATA[★ Export]]></Text>
	<Text name="msg_tool_quick_sign_up"><![CDATA[★ Quick Sign Up]]></Text>
	<Text name="msg_tool_performance_bar"><![CDATA[★ Performance Bar]]></Text>
	<Text name="msg_tool_no_memory_limit"><![CDATA[★ No Memory Limit]]></Text>
	<Text name="msg_tool_quick_preview"><![CDATA[★ Quick Preview]]></Text>
	<Text name="msg_tool_owner_info"><![CDATA[★ Owner Information]]></Text>
	<Text name="msg_no_trophy">There are no trophies.</Text>
	<Text name="msg_bdu_software">Software</Text>
	<Text name="msg_digitalcamera_image">Immagini fotocamera digitale</Text>
	<Text name="msg_del_image_ask">L'immagine sarà eliminata.
Si intende davvero continuare?</Text>
	<Text name="msg_del_images_ask">Le immagini selezionate saranno eliminate.
Si intende davvero continuare?</Text>
	<Text name="msg_del_camerafolder_ask">La cartella e tutte le immagini al suo interno, incluse quelle protette, saranno eliminate.
Si intende davvero continuare?</Text>
	<Text name="msg_del_image_protected_ask">L'immagine è protetta.
Si intende davvero eliminare l'immagine?</Text>
	<Text name="msg_del_imagefolder_ask">La cartella e tutte le immagini al suo interno saranno eliminate.
Si intende davvero continuare?</Text>
	<Text name="msg_error_del_imagefolder">Eliminazione fallita.
I dati nella cartella non sono dati di immagini.</Text>
	<Text name="msg_del_image_select">Selezionare le immagini da eliminare.</Text>
	<Text name="msg_copy_image_select">Selezionare le immagini da copiare.</Text>
	<Text name="msg_error_no_image_copy">Non ci sono immagini che possono essere copiate.</Text>
	<Text name="msg_error_no_image">Nessuna immagine.</Text>
	<Text name="msg_mmyyyy_jan">Gen %1</Text>
	<Text name="msg_mmyyyy_feb">Feb %1</Text>
	<Text name="msg_mmyyyy_mar">Mar %1</Text>
	<Text name="msg_mmyyyy_apr">Apr %1</Text>
	<Text name="msg_mmyyyy_may">Mag %1</Text>
	<Text name="msg_mmyyyy_jun">Giu %1</Text>
	<Text name="msg_mmyyyy_jul">Lug %1</Text>
	<Text name="msg_mmyyyy_aug">Ago %1</Text>
	<Text name="msg_mmyyyy_sep">Set %1</Text>
	<Text name="msg_mmyyyy_oct">Ott %1</Text>
	<Text name="msg_mmyyyy_nov">Nov %1</Text>
	<Text name="msg_mmyyyy_dec">Dic %1</Text>
	<Text name="msg_yyyy">%1</Text>
	<Text name="msg_slideshow_type1">Diapositiva</Text>
	<Text name="msg_slideshow_type2">Ritratto</Text>
	<Text name="msg_slideshow_type3">Album fotografico</Text>
	<Text name="msg_slideshow_type4">Album fotografico 2</Text>
	<Text name="msg_piccto_explanation">È possibile creare uno spazio per guardare e ritoccare le proprie fotografie.
Con il sistema PS3™, è possibile trasformare le fotografie in un magnifico album in pochi minuti.
È possibile ordinare le fotografie per tema, aggiungere della musica per valorizzare una galleria o aggiungere cornici personalizzate alle proprie fotografie. Più sono le fotografie, più è divertente: le possibilità sono infinite!</Text>
	<Text name="msg_piccto_explanation_sd">È possibile creare uno spazio per guardare e ritoccare le proprie fotografie.
Con il sistema PS3™, è possibile trasformare le fotografie in un magnifico album in pochi minuti.</Text>
	<Text name="msg_cddbdata_getting">Reperimento delle informazioni sul CD...
Attendere.</Text>
	<Text name="msg_cddbdata_pluralfound_select">Sono stati trovati diversi insiemi di informazioni sul CD.
Selezionare il corretto insieme di informazioni sul CD.</Text>
	<Text name="msg_cddbdata_send">Invia informazioni sul CD</Text>
	<Text name="msg_cddbdata_sending">Invio delle informazioni sul CD...
Attendere.</Text>
	<Text name="msg_select_import">Importa più brani</Text>
	<Text name="msg_select_import_pls">Selezionare i brani da importare.</Text>
	<Text name="msg_copy_track_select">Selezionare i brani da copiare.</Text>
	<Text name="msg_del_track_protected_ask">Questo brano è protetto.
Si intende davvero eliminare il brano?</Text>
	<Text name="msg_del_folder_track_protected_ask">La cartella e tutti i brani al suo interno, inclusi quelli protetti, saranno eliminati.
Si intende davvero continuare?</Text>
	<Text name="msg_cannot_copy_protected_truck">I brani con tutela del copyright non saranno copiati.</Text>
	<Text name="msg_copied_except_copyright_protected_track">Copia completata.
I brani con tutela del copyright non sono stati copiati.</Text>
	<Text name="msg_del_track_select">Selezionare i brani da eliminare.</Text>
	<Text name="msg_del_track_ask">Si intende davvero eliminare il brano?</Text>
	<Text name="msg_del_tracks_ask">Si intende davvero eliminare i brani selezionati?</Text>
	<Text name="msg_del_trackfolder_ask">La cartella e tutti i brani al suo interno saranno eliminati.
Si intende davvero continuare?</Text>
	<Text name="msg_error_del_trackfolder_different">Impossibile eliminare la cartella.
Contiene dati di tipo diverso da quelli musicali.</Text>
	<Text name="msg_importing">Importazione in corso...
Attendere.</Text>
	<Text name="msg_import_cancel_ask">Annullare l'operazione di importazione?</Text>
	<Text name="msg_imported">Installazione completata.</Text>
	<Text name="msg_error_import">Si è verificato un errore durante l'operazione di importazione.</Text>
	<Text name="msg_error_track_over">È stato raggiunto il numero massimo di brani che è possibile salvare.
L'operazione di importazione è stata interrotta.</Text>
	<Text name="msg_error_no_trackfolder_copy">Non ci sono brani da copiare.</Text>
	<Text name="msg_error_copyright_track">Le informazioni di tutela del copyright non sono valide.</Text>
	<Text name="msg_changedinfo_save_music_ask">Salvare le informazioni revisionate?
I dati revisionati saranno applicati a tutti i brani nella cartella.</Text>
	<Text name="msg_error_no_track">Nessun brano.</Text>
	<Text name="msg_error_no_nexttrack">Nessun brano disponibile.</Text>
	<Text name="msg_error_no_prevtrack">Nessun brano disponibile.</Text>
	<Text name="msg_track_number_value">Brano %1</Text>
	<Text name="msg_digitalcamera_video">Filmati fotocamera digitale</Text>
	<Text name="msg_psstore_video_offline_explanation_sd">PlayStation®Store è l'unico posto che consente di noleggiare o acquistare gli ultimissimi film per i sistemi PS3™, PS Vita e PSP™.
Visitate al più presto PlayStation®Store.</Text>
	<Text name="msg_psstore_video_offline_explanation_hd">PlayStation®Store è l'unico posto che consente di noleggiare o acquistare gli ultimissimi film per i sistemi PS3™, PS Vita e PSP™.
Visitate al più presto PlayStation®Store.</Text>
	<Text name="msg_error_no_title">Nessun titolo.</Text>
	<Text name="msg_error_title_over">È stato raggiunto il numero massimo di titoli che possono essere salvati.</Text>
	<Text name="msg_copy_title_select">Selezionare i titoli da copiare.</Text>
	<Text name="msg_copy_titlefolder2">I titoli con tutela del copyright non saranno copiati.</Text>
	<Text name="msg_error_no_title_copy">Nessun titolo da copiare.</Text>
	<Text name="msg_error_magicgate_device_required">Per eseguire questa operazione occorre un dispositivo USB compatibile con le funzionalità di tutela del copyright.</Text>
	<Text name="msg_copied_except_copyright_protected_title">Copia completata.
I titoli con tutela del copyright non sono stati copiati.</Text>
	<Text name="msg_title_number_value">Titolo %1</Text>
	<Text name="msg_smove_destination_select">Selezionare una destinazione.</Text>
	<Text name="msg_smoving">Spostamento in corso...
Attendere.</Text>
	<Text name="msg_smove_cancel_ask">Annullare l'operazione di spostamento?</Text>
	<Text name="msg_smoved">Spostamento completato.</Text>
	<Text name="msg_error_smove">Si è verificato un errore durante l'operazione di spostamento.</Text>
	<Text name="msg_error_move_mspro">Impossibile completare l'operazione di spostamento.
Per spostare il titolo, occorre usare un Memory Stick PRO™.</Text>
	<Text name="msg_del_title_select">Selezionare il titolo da eliminare.</Text>
	<Text name="msg_del_title_ask">Il titolo sarà eliminato.
Si intende davvero continuare?</Text>
	<Text name="msg_del_titles_ask">I titoli selezionati saranno eliminati.
Si intende davvero continuare?</Text>
	<Text name="msg_del_titlefolder_ask">La cartella e tutti i titoli al suo interno saranno eliminati.
Si intende davvero continuare?</Text>
	<Text name="msg_del_camerafolder_video_ask">La cartella e tutti i titoli al suo interno, inclusi quelli protetti, saranno eliminati.
Si intende davvero continuare?</Text>
	<Text name="msg_del_title_protected_ask">Il titolo è protetto.
Si intende davvero eliminare il titolo?</Text>
	<Text name="msg_error_del_movie_folder">Impossibile eliminare la cartella.
La cartella contiene dati di tipo diverso da video.</Text>
	<Text name="msg_error_smove_prohibit">Impossibile spostare il titolo.</Text>
	<Text name="msg_corrupted_copyright">Le informazioni sulla tutela del copyright sono danneggiate e saranno ripristinate.</Text>
	<Text name="msg_error_corrupted_copyright">Si è verificato un errore durante il ripristino delle informazioni sulla tutela del copyright.</Text>
	<Text name="msg_error_no_execute">Operazione non disponibile.</Text>
	<Text name="msg_video_editor_and_upload">Editor e caricatore di video</Text>
	<Text name="msg_video_editor_explanation">È possibile modificare un video, caricarlo su un sito Web per la condivisione di video e quindi invitare i propri amici a vederlo.</Text>
	<Text name="msg_create_new_video">Crea nuovo video</Text>
	<Text name="msg_del_content_ask">Il contenuto verrà eliminato.
Si intende davvero continuare?</Text>
	<Text name="msg_error_create_content_number_over">È stato raggiunto il numero massimo di elementi di contenuto che è possibile creare.</Text>
	<Text name="msg_backup_data_utility">Utilità di backup dei dati</Text>
	<Text name="msg_bd_data_utility">Utilità dei dati dei BD</Text>
	<Text name="msg_common_cache_data">Dati della cache condivisa</Text>
	<Text name="msg_bd_data_delete_ask">I dati del BD saranno eliminati.
Si intende davvero continuare?</Text>
	<Text name="msg_service_coming_soon">Questo servizio sarà disponibile a breve.</Text>
	<Text name="msg_service_app_install_folder">I miei canali</Text>
	<Text name="msg_vita_application_utility">Utilità per le applicazioni del sistema PS Vita</Text>
	<Text name="msg_applications_vita">Applicazioni (PS Vita)</Text>
	<Text name="msg_applications_psp_other">Applicazioni (PSP™/altro)</Text>
	<Text name="msg_applications_ps1">Applicazioni (PS)</Text>
	<Text name="msg_applications_psm">Applicazioni (PlayStation®Mobile)</Text>
	<Text name="msg_gamedata_utility">Utilità dei dati di gioco</Text>
	<Text name="msg_savedata_utility_ps3">Utilità dei dati salvati (PS3™)</Text>
	<Text name="msg_savedata_utility_ps2">Utilità dei dati salvati (PS2)</Text>
	<Text name="msg_savedata_utility_minis_psp">Utilità dei dati salvati (minis/PSP™)</Text>
	<Text name="msg_savedata_utility_psp_emu_psp">Utilità dei dati salvati (PSP™ Remaster/PSP™)</Text>
	<Text name="msg_savedata_utility_minis_psp_emu_psp">Utilità dei dati salvati (minis/PSP™ Remaster/PSP™)</Text>
	<Text name="msg_memory_card_utility">Utilità della Memory Card</Text>
	<Text name="msg_content_pc">Contenuto vincolato dal filtro contenuti</Text>
	<Text name="msg_ps1_gamedisc">Disco per PlayStation®</Text>
	<Text name="msg_ps2_gamedisc">Disco per PlayStation®2</Text>
	<Text name="msg_ps2_format_software">Software per PlayStation®2</Text>
	<Text name="msg_playstation">PlayStation®</Text>
	<Text name="msg_playstation2">PlayStation®2</Text>
	<Text name="msg_playstation3">PlayStation®3</Text>
	<Text name="msg_minis">minis</Text>
	<Text name="msg_psp_emu">PSP™ Remaster</Text>
	<Text name="msg_pc_engine">PCEngine</Text>
	<Text name="msg_neogeo">NEOGEO</Text>
	<Text name="msg_cannot_start_unless_install_install_ask">Il gioco può essere avviato solo se è stato installato sullo spazio di archiviazione del sistema.
Cominciare l'installazione?</Text>
	<Text name="msg_psstore_game_offline_explanation_sd">PlayStation®Store ti offre giochi esclusivi da scaricare, demo GRATUITE per il sistema PS3™, espansioni e video.

Visitalo oggi!</Text>
	<Text name="msg_psstore_game_offline_explanation_hd">Ad accesso gratuito*, solo su PlayStation®Store puoi scaricare nuovi ed esclusivi giochi per PS3™, demo giocabili gratuite*, espansioni e video ad alta definizione.

Potenzia il tuo sistema PS3™, visita oggi PlayStation®Store.

* È necessaria una connessione Internet a banda larga.</Text>
	<Text name="msg_disc_benefit">Vantaggi del disco</Text>
	<Text name="msg_select_receive_disc_benefit">Selezionare questa opzione per godere dei vantaggi del disco.</Text>
	<Text name="msg_only_for_psp_need_copy_ask">È possibile usare il contenuto su un sistema PSP™.
Copiarlo su un sistema PSP™?</Text>
	<Text name="msg_error_cannot_use_content_download_again_copy_can_use"><![CDATA[Questo contenuto non è disponibile per l'uso.
Accedere mediante l'account usato per acquistare questo contenuto, quindi selezionare [Visualizza contenuto scaricabile] sotto [PSN] > [PlayStation®Store] per scaricare di nuovo il contenuto.
Per usare questo contenuto, occorre scaricarlo e quindi copiarlo su un dispositivo che ne supporta l'uso.]]></Text>
	<Text name="msg_error_cannot_play_ps2_format">Questo modello del sistema PS3™ non è compatibile con il software per PlayStation®2.</Text>
	<Text name="msg_error_game_wrong_region">Impossibile avviare questo software a causa di limitazioni sulla regione.</Text>
	<Text name="msg_error_gamedisc_cannot_start">Impossibile avviare il disco.</Text>
	<Text name="msg_error_game_start_failure">Si è verificato un errore durante l'operazione di avvio.</Text>
	<Text name="msg_current_systemsoftware_update_ask">La versione del software del sistema PS3™ è %1.
Per avviare il software, occorre aggiornarlo alla versione %2 o successiva.
Aggiornare ora?</Text>
	<Text name="msg_systemsoftware_update_ask">Occorre aggiornare il software di sistema prima del prossimo uso.</Text>
	<Text name="msg_game_start">Avvia</Text>
	<Text name="msg_about_game">Informazioni sul gioco</Text>
	<Text name="msg_about_game_ps3_content">Library programs ©Sony Computer Entertainment Inc. Licensed for play on the PlayStation®3 Computer Entertainment System or authorized PlayStation®3 format systems. For full terms and conditions see the user's manual. This product is authorized and produced under license from Sony Computer Entertainment Inc. Use is subject to the copyright laws and the terms and conditions of the user's license.</Text>
	<Text name="msg_game_update_history">Cronologia degli aggiornamenti</Text>
	<Text name="msg_purchase">Acquista</Text>
	<Text name="msg_savedata_auto_upload">Autocaricamento dati salvati</Text>
	<Text name="msg_installgame_delete_ask">Il gioco installato sarà eliminato.
Si intende davvero continuare?</Text>
	<Text name="msg_error_no_savedata">Non ci sono dati salvati.</Text>
	<Text name="msg_info_detail">Dettagli</Text>
	<Text name="msg_protection">Blocco</Text>
	<Text name="msg_copy_prohibited">Copia non consentita</Text>
	<Text name="msg_error_history_auto_upload">Cronologia errori (Autocaricamento)</Text>
	<Text name="msg_online_storage">Archiviazione online</Text>
	<Text name="msg_online_storage_explanation">Consente di archiviare i dati salvati online.
È possibile espandere i propri orizzonti di gioco scaricando i propri dati salvati sul sistema PS3™ di un amico per continuare a giocare o eseguire il backup dei dati online.</Text>
	<Text name="msg_to_save_data_select_copy_option">Per salvare i dati nell'area di archiviazione online, selezionare i dati che si desidera salvare e quindi selezionare [Copia] dal menu delle opzioni.</Text>
	<Text name="msg_save_data_copy_prohibited_upload_explanation">Esistono delle limitazioni relative alla frequenza con cui si possono scaricare dall'area di archiviazione online questi dati salvati.
Prima di potere effettuare nuovamente il download devono essere trascorse almeno %1 ore dall'ultimo caricamento o download dall'area di archiviazione online.
È possibile caricare dati nell'area di archiviazione online in qualsiasi momento.</Text>
	<Text name="msg_error_online_storage_full">Spazio libero insufficiente nell'area di memorizzazione online.
Per la copia sono necessari almeno %1 di spazio aggiuntivo.</Text>
	<Text name="msg_error_save_data_copy_prohibited_download">Non è consentito scaricare questi dati salvati in questo momento.
È possibile effettuare il download solo una volta ogni %1 ore.

Prossimo download disponibile:
%2</Text>
	<Text name="msg_vmc_ps1">Memory Card (PS) interna</Text>
	<Text name="msg_vmc_ps2">Memory Card (PS2) interna</Text>
	<Text name="msg_free_space_vmc_ps1">%1 / 120 KB</Text>
	<Text name="msg_free_space_vmc_ps2">%1 / 7998 KB</Text>
	<Text name="msg_category">Tipo</Text>
	<Text name="msg_savedata">Dati salvati</Text>
	<Text name="msg_savedata_ps1">Dati salvati (PlayStation®)</Text>
	<Text name="msg_savedata_ps2">Dati salvati (PlayStation®2)</Text>
	<Text name="msg_application_ps2">Software (PlayStation®2)</Text>
	<Text name="msg_application_pocketstation">Software (PocketStation™)</Text>
	<Text name="msg_setting_file_ps2">File delle impostazioni (PlayStation®2)</Text>
	<Text name="msg_system_driver_ps2">Driver di sistema (PlayStation®2)</Text>
	<Text name="msg_unknown_data">Sconosciuto</Text>
	<Text name="msg_vmc">Memory Card interna</Text>
	<Text name="msg_error_no_vmc">Nessuna Memory Card interna.</Text>
	<Text name="msg_free_space_vmc_ps1_w_title">Spazio libero: %1 / 120 KB</Text>
	<Text name="msg_free_space_vmc_ps2_w_title">Spazio libero: %1 / 7998 KB</Text>
	<Text name="msg_pocketstation">PocketStation™</Text>
	<Text name="msg_created_date_time">Creato</Text>
	<Text name="msg_error_mc_no_access">Impossibile accedere alla Memory Card.</Text>
	<Text name="msg_error_savedata_cannot_copy">Non è consentito copiare questi dati salvati.</Text>
	<Text name="msg_error_no_gamedata">Non ci sono dati di gioco.</Text>
	<Text name="msg_update_quit_software_update">Sono stati trovati i dati di aggiornamento più recenti.
Il sistema chiuderà questo software e comincerà l'installazione.</Text>
	<Text name="msg_wait_donot_turn_off">Attendere...
Non spegnere il sistema.</Text>
	<Text name="msg_playmode">Modalità di riproduzione</Text>
	<Text name="msg_play_track_select">Selezionare il brano da riprodurre.</Text>
	<Text name="msg_no_data">Nessun dato disponibile.</Text>
	<Text name="msg_error_service_stop">Il servizio è stato terminato.</Text>
	<Text name="msg_error_account_service">L'uso del servizio è stato sospeso per questo account.</Text>
	<Text name="msg_browser">Browser per Internet</Text>
	<Text name="msg_ps3_portal">PlayStation®Store</Text>
	<Text name="msg_psp_connection">Riproduzione remota</Text>
	<Text name="msg_remoteplay_explanation"><![CDATA[Aziona un sistema a distanza tramite un dispositivo in rete che supporta la riproduzione remota (ad esempio, un sistema PS Vita o PSP™). Selezionare [Impostazioni] > [Impostazioni di riproduzione remota] > [Registra dispositivo] e registrare il dispositivo per la riproduzione remota.]]></Text>
	<Text name="msg_onlinemanual">Manuale di istruzioni online</Text>
	<Text name="msg_file">File</Text>
	<Text name="msg_open">Apri</Text>
	<Text name="msg_internet_search">Ricerca Internet</Text>
	<Text name="msg_download_cancel_ask">Annullare l'operazione di download?</Text>
	<Text name="msg_error_server_transaction_failure">Si è verificato un errore durante la comunicazione con il server.</Text>
	<Text name="msg_no_file">Non ci sono file.</Text>
	<Text name="msg_content_not_support_remoteplay">Questo contenuto non è compatibile con la riproduzione remota.</Text>
	<Text name="msg_error_cannot_operate_remoteplay">Impossibile eseguire l'operazione durante la riproduzione remota.</Text>
	<Text name="msg_error_cannot_start_can_play_follow_device">Impossibile eseguire l'avvio.
Durante la riproduzione remota è possibile avviare questo contenuto solo dai seguenti dispositivi:</Text>
	<Text name="msg_error_need_update_psp">Occorre eseguire un aggiornamento del software del sistema PSP™.
Per informazioni sui metodi di aggiornamento, consultare le istruzioni per il sistema PSP™.</Text>
	<Text name="msg_error_no_signup_ask">Occorre iscriversi a Sony Entertainment Network.
Iscriversi ora?</Text>
	<Text name="msg_download_control">Gestione download</Text>
	<Text name="msg_no_download_content">Non sono presenti contenuti scaricati.</Text>
	<Text name="msg_variable_downloading">%1%% Download in corso...</Text>
	<Text name="msg_variable_download_error">%1%% Errore di download</Text>
	<Text name="msg_variable_download_waiting">%1%% In attesa</Text>
	<Text name="msg_variable_download_pausing">%1%% In pausa</Text>
	<Text name="msg_pause_all">Tutto in pausa</Text>
	<Text name="msg_resume_all">Riprendi tutto</Text>
	<Text name="msg_progress">Stato</Text>
	<Text name="msg_resume">Riprendi</Text>
	<Text name="msg_download_restart">Riprendi download</Text>
	<Text name="msg_download_cancel">Annulla download</Text>
	<Text name="msg_install">Installa</Text>
	<Text name="msg_download_content_was_deleted">Il contenuto è stato eliminato dal server.</Text>
	<Text name="msg_need_app_software_download_ask">Per poter usare questa funzione, occorre scaricare un software.
Scaricarlo ora?</Text>
	<Text name="msg_cellbrowser_foldingathome">Folding@home™</Text>
	<Text name="msg_auto_start">Avvio automatico</Text>
	<Text name="msg_title_lwp">Life with PlayStation®</Text>
	<Text name="msg_psstore_explanation_sd">PlayStation®Store ti offre giochi esclusivi da scaricare, demo GRATUITE per il sistema PS3™, espansioni e video.

Visitalo oggi!</Text>
	<Text name="msg_psstore_explanation_hd">Ad accesso gratuito*, solo su PlayStation®Store puoi scaricare nuovi ed esclusivi giochi per PS3™, demo giocabili gratuite*, espansioni e video ad alta definizione.

Potenzia il tuo sistema PS3™, visita oggi PlayStation®Store.

* È necessaria una connessione Internet a banda larga.</Text>
	<Text name="msg_reg_explanation_sd">Gioca GRATUITAMENTE* online, scarica giochi, espansioni e contenuti esclusivi, chatta con gli amici e confronta i trofei.
Iscriviti ora e che il divertimento abbia inizio!
* È necessaria una connessione Internet a banda larga.</Text>
	<Text name="msg_reg_explanation_hd">PSN è puro divertimento e interazione.
Gioca GRATUITAMENTE* online, scarica fantastici nuovi giochi, espansioni per tanti nuovi titoli, guarda i filmati e ottieni contenuti esclusivi, chatta con gli amici e confronta i trofei.

Iscriviti oggi: è facile ed è GRATIS!

* È necessaria una connessione Internet a banda larga.</Text>
	<Text name="msg_account_manage">Gestione account</Text>
	<Text name="msg_can_change_psn_account_psstore_setteing">Consente di regolare le impostazioni per l'account o per gli acquisti effettuati tramite PlayStation®Store.</Text>
	<Text name="msg_your_channel">Novità</Text>
	<Text name="msg_your_channel_offline_explanation_hd">Benvenuto su PlayStation®3.
Nella sezione "Novità" trovi tutte le ultime notizie relative a PlayStation®, aggiornamenti, nonché l'accesso facilitato ai tuoi ultimi giochi preferiti.
Per accedere alla sezione "Novità", connettiti a PSN*. È gratuito ed è la tua via di accesso a un mondo di divertimento. Iscriviti subito!

* È necessaria una connessione Internet a banda larga.</Text>
	<Text name="msg_your_channel_offline_explanation_sd">Nella sezione "Novità" trovi le ultime notizie di PlayStation® e l'accesso ai tuoi ultimi giochi preferiti. Connettiti a PSN*. Il divertimento ti aspetta!
* È necessaria una connessione Internet a banda larga.</Text>
	<Text name="msg_your_channel_caution_launching_website">Stai aprendo una pagina Web.</Text>
	<Text name="msg_trophy_collection">Bacheca dei trofei</Text>
	<Text name="msg_trophy_count">Trofei</Text>
	<Text name="msg_gain_date">Guadagnati</Text>
	<Text name="msg_no_trophy_explanation">Non ci sono trofei.
Se si utilizza un gioco che supporta la funzione dei trofei e si accumulano trofei, verranno visualizzati qui.</Text>
	<Text name="msg_compare_trophy">Confronta trofei</Text>
	<Text name="msg_trophy_grade">Grado</Text>
	<Text name="msg_trophy_platinum">Platino</Text>
	<Text name="msg_trophy_gold">Oro</Text>
	<Text name="msg_trophy_silver">Argento</Text>
	<Text name="msg_trophy_bronze">Bronzo</Text>
	<Text name="msg_sync_with_server">Sincronizzazione con il server</Text>
	<Text name="msg_switch_mode">Cambia modalità</Text>
	<Text name="msg_online_mode">Modalità online</Text>
	<Text name="msg_online_mode_trophy_explanation">Modalità online
Visualizza le informazioni sui trofei salvate sul server.</Text>
	<Text name="msg_offline_mode">Modalità offline</Text>
	<Text name="msg_offline_mode_trophy_explanation">Modalità offline
Visualizza le informazioni sui trofei salvate su questo sistema.</Text>
	<Text name="msg_trophy_base_addon">Gioco originale/Contenuto aggiuntivo</Text>
	<Text name="msg_hidden_trophy_name">Trofeo nascosto</Text>
	<Text name="msg_original_f">Ordine originale</Text>
	<Text name="msg_trophy_grade_f">Grado</Text>
	<Text name="msg_trophy_earned_f">Data vincita ▲</Text>
	<Text name="msg_trophy_earned_r">Data vincita ▼</Text>
	<Text name="msg_privacy_settings">Impostazioni privacy</Text>
	<Text name="msg_ps_plus_psn">PlayStation®Plus</Text>
	<Text name="msg_health_warning_psn">Avvertenze per la salute</Text>
	<Text name="msg_psp_exclusive_install_ask">Questo contenuto può essere usato esclusivamente con il sistema PSP™.
Installarlo sul sistema PSP™ ora?</Text>
	<Text name="msg_bonus_digital_copy">Digital Copy</Text>
	<Text name="msg_bonus_digital_copy_explanation">Per potere usare questo contenuto, occorre accedere a PSN e copiare il contenuto sullo spazio di archiviazione di questo sistema.</Text>
	<Text name="msg_error_service_not_available_region">Servizio non disponibile in questo paese o in questa regione.</Text>
	<Text name="msg_sigining_in2">Accesso in corso...</Text>
	<Text name="msg_auto_signin_off">Accesso automatico disattivato</Text>
	<Text name="msg_auto_signin">Accesso automatico</Text>
	<Text name="msg_signout">Esci</Text>
	<Text name="msg_error_no_execute_psn_maintenance_partially">Impossibile eseguire l'operazione.
Al momento alcune funzioni di Sony Entertainment Network sono in fase di manutenzione.</Text>
	<Text name="msg_error_no_player">Nessun giocatore trovato.</Text>
	<Text name="msg_signin">Accedi</Text>
	<Text name="msg_ignore_list">Elenco di blocco</Text>
	<Text name="msg_friend_register">Aggiungi un amico</Text>
	<Text name="msg_play_with">Giocatori incontrati</Text>
	<Text name="msg_av_chatroom">Stanza chat vocale/video</Text>
	<Text name="msg_game_chatroom">Chat room del gioco</Text>
	<Text name="msg_msg_box">Casella dei messaggi</Text>
	<Text name="msg_last_signin_minute_ago">Ultimo accesso: %1 minuti fa</Text>
	<Text name="msg_last_signin_hour_ago">Ultimo accesso: %1 ore fa</Text>
	<Text name="msg_last_signin_day_ago">Ultimo accesso: %1 giorni fa</Text>
	<Text name="msg_last_signin_month_ago">Ultimo accesso: %1 mesi fa</Text>
	<Text name="msg_last_signin_more_than_2year_ago">Ultimo accesso: 2 o più anni fa</Text>
	<Text name="msg_to">A</Text>
	<Text name="msg_sent">Invio completato.</Text>
	<Text name="msg_registered">Aggiunta completata.</Text>
	<Text name="msg_error_registered_number_over">È stato raggiunto il numero massimo di persone aggiungibili.</Text>
	<Text name="msg_error_cannot_register_myself">Non è consentito aggiungere se stessi.</Text>
	<Text name="msg_accept_friend_register_ask">Aggiungere la persona come amico?</Text>
	<Text name="msg_register_request">Richiesta aggiunta amico</Text>
	<Text name="msg_asking_to_add">In attesa di risposta alla richiesta amico.</Text>
	<Text name="msg_asked_to_add">È stata ricevuta una richiesta amico.</Text>
	<Text name="msg_msg_list">Elenco dei messaggi</Text>
	<Text name="msg_start_new_chat">Avvia nuova chat</Text>
	<Text name="msg_new_msg">Crea messaggio</Text>
	<Text name="msg_error_no_msg">Non ci sono messaggi.</Text>
	<Text name="msg_status_f">Stato</Text>
	<Text name="msg_name_f">Nome</Text>
	<Text name="msg_online_id">ID online</Text>
	<Text name="msg_online_name">Nome online</Text>
	<Text name="msg_about_me">Informazioni personali</Text>
	<Text name="msg_my_lang">Lingue conosciute</Text>
	<Text name="msg_received_msg_count">Messaggi ricevuti</Text>
	<Text name="msg_unread_msg_count">Messaggi non letti</Text>
	<Text name="msg_protect_msg_count">Messaggi protetti</Text>
	<Text name="msg_sent_msg_count">Messaggi inviati</Text>
	<Text name="msg_received_msg_count_with_variable">Messaggi ricevuti %1</Text>
	<Text name="msg_sent_msg_count_with_variable">Messaggi inviati %1</Text>
	<Text name="msg_from">Da</Text>
	<Text name="msg_received_datetime">Ricevuto</Text>
	<Text name="msg_sent_datetime">Inviato</Text>
	<Text name="msg_reply_to_friend_register">Rispondi alla richiesta amico</Text>
	<Text name="msg_del_addingfriend_ask">Un amico in attesa di essere aggiunto sarà eliminato.
Se lo si elimina, si sarà eliminati dal suo elenco di amici.
Si intende davvero continuare?</Text>
	<Text name="msg_del_friend_ask">Questo amico sarà eliminato.
Se lo si elimina, si sarà eliminati dal suo elenco di amici.
Si intende davvero continuare?</Text>
	<Text name="msg_status">Stato</Text>
	<Text name="msg_profile">Profilo</Text>
	<Text name="msg_online">Online</Text>
	<Text name="msg_afk">Non disponibile</Text>
	<Text name="msg_add_ignore_list">Aggiungi a elenco di blocco</Text>
	<Text name="msg_game_title">Titolo del gioco</Text>
	<Text name="msg_information">Informazioni</Text>
	<Text name="msg_played_date_hour">Giocato</Text>
	<Text name="msg_add_ignore_list_ask">Se si aggiunge una persona all'elenco di blocco, non sarà più possibile ricevere i suoi messaggi.
Continuare?</Text>
	<Text name="msg_adding">Aggiunta in corso...
Attendere.</Text>
	<Text name="msg_del_from_ignore_list">Elimina da elenco di blocco</Text>
	<Text name="msg_del_ignore_list_ask">Si intende davvero eliminare la persona dall'elenco di blocco?</Text>
	<Text name="msg_error_not_registered">Non è stata aggiunta alcuna persona.</Text>
	<Text name="msg_error_try_again_later">Si è verificato un errore.
Riprovare più tardi.</Text>
	<Text name="msg_send_grief_report">Segnalazione di lamentele</Text>
	<Text name="msg_received_box">Ricevuti</Text>
	<Text name="msg_sent_box">Inviati</Text>
	<Text name="msg_list">Elenca</Text>
	<Text name="msg_protect">Proteggi</Text>
	<Text name="msg_unprotected">Rimuovi protezione</Text>
	<Text name="msg_edit">Modifica</Text>
	<Text name="msg_attach_image_select">Selezionare l'immagine da allegare.</Text>
	<Text name="msg_attach_cancel_ask">Annullare l'operazione di aggiunta dell'allegato?</Text>
	<Text name="msg_dell_msg_all_ask">Eliminare tutti i messaggi?
I messaggi protetti non saranno eliminati.</Text>
	<Text name="msg_del_msgl_ask">Si intende davvero eliminare il messaggio?</Text>
	<Text name="msg_dell_msg_all_ask2">Eliminare tutti i messaggi?</Text>
	<Text name="msg_voice_text_chatroom">Chat room di testo/vocale</Text>
	<Text name="msg_text_chatroom">Chat room (solo testo)</Text>
	<Text name="msg_mic_on">Microfono on</Text>
	<Text name="msg_mic_off">Microfono off</Text>
	<Text name="msg_chat_volume">Volume della chat</Text>
	<Text name="msg_camera_on">Fotocamera on</Text>
	<Text name="msg_camera_off">Fotocamera off</Text>
	<Text name="msg_chat_screen_on">Visualizza immagine chat</Text>
	<Text name="msg_chat_screen_off">Nascondi immagine chat</Text>
	<Text name="msg_invite_friend">Invita un amico</Text>
	<Text name="msg_new_msg_all">Crea un messaggio per tutti</Text>
	<Text name="msg_quit">Abbandona</Text>
	<Text name="msg_cancel2">Annulla</Text>
	<Text name="msg_invite_chat">Invito alla chat</Text>
	<Text name="msg_participants_list">Elenco dei partecipanti</Text>
	<Text name="msg_invite_game">Invito al gioco</Text>
	<Text name="msg_error_add">Si è verificato un errore durante l'operazione di aggiunta.</Text>
	<Text name="msg_error_attach_size_over">È stata raggiunta la dimensione massima dei file che è possibile allegare.</Text>
	<Text name="msg_error_attach_deleted">Il file allegato è stato eliminato.</Text>
	<Text name="msg_error_player_added">Questo giocatore è stato già aggiunto.</Text>
	<Text name="msg_protect_msg_over">È stato raggiunto il numero massimo di messaggi che possono essere protetti.
È possibile proteggere un massimo di 50 messaggi.</Text>
	<Text name="msg_error_cannot_operate_signin_pls">Impossibile eseguire l'operazione.
Non è stato eseguito l'accesso.</Text>
	<Text name="msg_error_cannot_creat_message">Al momento è impossibile creare un messaggio.</Text>
	<Text name="msg_error_ignore_list_friend">Impossibile aggiungere un Amico all'elenco di blocco.
Prima di aggiungere una persona all'elenco di blocco, occorre eliminarla dall'elenco di amici.</Text>
	<Text name="msg_version">Versione</Text>
	<Text name="msg_new_user_create">Crea nuovo utente</Text>
	<Text name="msg_logout_ask">Effettuare il logout?</Text>
	<Text name="msg_login_ask">Effettuare il login con il nome dell'utente selezionato?
L'utente connesso sarà disconnesso.</Text>
	<Text name="msg_username_create">Inserire un nome utente.</Text>
	<Text name="msg_error_max_num_users_reached">Impossibile creare altri utenti.
È possibile creare un numero massimo di 16 utenti.</Text>
	<Text name="msg_error_other_username_create_pls">Il nome inserito è già stato usato.
Inserire un nome utente diverso.</Text>
	<Text name="msg_error_new_user_create">Si è verificato un errore durante la creazione dell'utente.</Text>
	<Text name="msg_user_del_2nd_ask">Si intende davvero eliminare l'utente?</Text>
	<Text name="msg_auto_login_set">A partire da questo momento, quando si avvia il sistema PS3™, l'accesso sarà effettuato automaticamente con il nome utente "%1" .</Text>
	<Text name="msg_username">Utente</Text>
	<Text name="msg_username_num">Utente %1</Text>
	<Text name="msg_auto_login">Login automatico</Text>
	<Text name="msg_logout">Effettua il logout</Text>
	<Text name="msg_user_del_ask">Se si elimina l'utente, si eliminano anche i dati salvati del software per PlayStation®3, i messaggi, i trofei e altre informazioni.
Si intende davvero continuare?</Text>
	<Text name="msg_error_character">Non è possibile inserire i seguenti caratteri:
%1</Text>
	<Text name="msg_health_warning_detail_scee_1">Attacchi epilettici indotti da sollecitazioni luminose (Epilessia fotosensibile)

</Text>
	<Text name="msg_health_warning_detail_scee_2">Se si soffre di epilessia o se si sono verificati attacchi epilettici, consultare il medico prima di utilizzare i videogiochi. Alcuni individui se esposti a luci, a fonti luminose lampeggianti o ad altre sollecitazioni luminose provenienti da uno schermo TV o mentre utilizzano videogiochi, potrebbero manifestare irritazioni agli occhi, disturbi visivi, emicrania, contrazioni muscolari, convulsioni, svenimenti, perdita di conoscenza o stati confusionali. Se si manifestano i sintomi sopra indicati durante il gioco, sospendere immediatamente l'uso del videogioco e consultare il medico.

</Text>
	<Text name="msg_health_warning_detail_scee_3">Interrompere immediatamente l'uso del videogioco se si manifestano i seguenti sintomi:
</Text>
	<Text name="msg_health_warning_detail_scee_4">Oltre ai sintomi sopra indicati, sospendere immediatamente l'uso del videogioco in caso di mal di testa, capogiri, nausea, stanchezza o sensazioni simili alla chinetosi o se si prova malessere o dolore in una parte qualsiasi del corpo, come occhi, orecchie, mani, braccia o piedi durante l'uso del videogioco. Se il sintomo persiste, richiedere un consulto medico.



</Text>
	<Text name="msg_health_warning_detail_scee_5">Immagini in 3D

</Text>
	<Text name="msg_health_warning_detail_scee_6">Utilizzando un televisore 3D per la visione di immagini e/o l'uso di giochi stereoscopici in 3D, alcuni individui potrebbero manifestare diversi disturbi (come affaticamento e irritazione degli occhi, o nausea). Al manifestarsi di tali sintomi, si prega di sospenderne l'utilizzo fino allo scomparire dei disturbi.
</Text>
	<Text name="msg_health_warning_detail_scee_7">In genere consigliamo di evitare l'uso prolungato del sistema PlayStation®3 e di fare 15 minuti di pausa per ogni ora di gioco. Tuttavia per la visione di video 3D e l'uso di giochi stereoscopici in 3D la durata e la frequenza di queste interruzioni varia da persona a persona. Si consiglia di fare delle pause abbastanza lunghe in modo da far scomparire ogni fastidio. Se il sintomo persiste, consultare un medico.
</Text>
	<Text name="msg_health_warning_detail_scee_8">La visione da parte di bambini piccoli (soprattutto se sotto i sei anni) non è ancora sicura. Consultare il pediatra o l'oculista prima di consentire ai bambini piccoli la visione di immagini 3D o l'uso di giochi stereoscopici in 3D. Durante tali attività inoltre un adulto deve sempre essere presente e assicurare che le raccomandazioni di cui sopra siano seguite dai più giovani.



</Text>
	<Text name="msg_health_warning_detail_scee_9">Note sulla sicurezza per l'uso del controller wireless DUALSHOCK™3

</Text>
	<Text name="msg_health_warning_detail_scee_10">Non utilizzare la funzione di vibrazione se si hanno problemi o indisposizioni alle ossa, alle giunture o ai muscoli delle mani o delle braccia. In caso di malesseri o ferite, non utilizzare il controller wireless DUALSHOCK™3 per giocare a meno che la funzione di vibrazione non sia stata disattivata.



</Text>
	<Text name="msg_health_warning_detail_scee_11">・Utilizzare l'apparecchio in un'area ben illuminata, tenendosi a distanza di sicurezza dallo schermo del televisore.
・Evitare l'uso prolungato del sistema PS3™. Fare una pausa di 15 minuti ogni ora di gioco.
・Evitare di giocare in caso di stanchezza o se si risente della mancanza di sonno.
</Text>
	<Text name="msg_health_warning_detail_scee_12">・Smettere immediatamente l'uso del sistema non appena si inizia a sentirsi stanchi oppure se si prova malessere o dolore alle mani o alle braccia durante l'uso del controller wireless. Se i sintomi persistono, consultare un medico.
</Text>
	<Text name="msg_health_warning_detail_scee_13">・Se si rilevano problemi di salute, ad esempio quelli riportati di seguito, interrompere immediatamente l'uso del sistema. Se i sintomi persistono, consultare il medico.
- Capogiri, nausea, stanchezza o sensazioni simili alla chinetosi
- Malessere o dolore a una parte del corpo, ad esempio occhi, orecchie, mani o braccia</Text>
	<Text name="msg_health_warning_detail_scea_1">Photosensitivity/Epilepsy/Seizures

</Text>
	<Text name="msg_health_warning_detail_scea_2">A very small percentage of individuals may experience epileptic seizures or blackouts when exposed to certain light patterns or flashing lights. Exposure to certain patterns or backgrounds on a television screen or when playing video games may trigger epileptic seizures or blackouts in these individuals. These conditions may trigger previously undetected epileptic symptoms or seizures in persons who have no history of prior seizures or epilepsy. If you, or anyone in your family, has an epileptic condition or has had seizures of any kind, consult your doctor before playing.

</Text>
	<Text name="msg_health_warning_detail_scea_3">IMMEDIATELY DISCONTINUE use and consult your doctor before resuming gameplay if you or your child experience any of the following health problems or symptoms:
・dizziness,
・altered vision,
・eye or muscle twitches,
・loss of awareness,
・disorientation,
・seizures, or
・any involuntary movement or convulsion.
RESUME GAMEPLAY ONLY ON APPROVAL OF YOUR DOCTOR.

</Text>
	<Text name="msg_health_warning_detail_scea_4">Use and handling of video games to reduce the likelihood of a seizure
・Use in a well-lit area and keep as far away as possible from the television screen.
・Avoid large screen televisions. Use the smallest television screen available.
・Avoid prolonged use of the PS3™ system. Take a 15-minute break during each hour of play.
・Avoid playing when you are tired or need sleep.



</Text>
	<Text name="msg_health_warning_detail_scea_5">3D images

</Text>
	<Text name="msg_health_warning_detail_scea_6">Some people may experience discomfort (such as eye strain, eye fatigue, or nausea) while watching 3D video images or playing stereoscopic 3D games on 3D televisions. If you experience such discomfort you should immediately discontinue use of your television until the discomfort subsides.
</Text>
	<Text name="msg_health_warning_detail_scea_7">SCE recommends that all viewers take regular breaks while watching 3D video, or playing stereoscopic 3D games. The length and frequency of necessary breaks may vary from person to person - please take breaks that are long enough to allow any feelings of discomfort to subside. If symptoms persist, consult your doctor.
</Text>
	<Text name="msg_health_warning_detail_scea_8">The vision of young children (especially those under six years old) is still under development. SCE recommends that you consult with a doctor (such as a pediatrician or eye doctor) before allowing a young child to watch 3D video images or play stereoscopic 3D games. Adults should supervise young children to ensure they follow the recommendations listed above. When using any 3D enabled device with your PlayStation®3 system you should read the instruction manual for that device and check www.us.playstation.com/support/3D for updated information.



</Text>
	<Text name="msg_health_warning_detail_scea_9">Notes on safety when using the DUALSHOCK™3 Wireless Controller

</Text>
	<Text name="msg_health_warning_detail_scea_10">・Stop using the system immediately if you begin to feel tired or if you experience discomfort or pain in your hands or arms while operating the DUALSHOCK™3 Wireless Controller. If the condition persists, consult a doctor.
・The vibration function of the DUALSHOCK™3 Wireless Controller can aggravate injuries. Do not use the vibration function if you have any ailment or injury to the bones, joints or muscles of your hands or arms. If you have an ailment or an injury, do not play software titles that contain the vibration function using the DUALSHOCK™3 Wireless Controller unless you have set the vibration function to [Off].
</Text>
	<Text name="msg_health_warning_detail_scea_11">・Avoid prolonged use of the DUALSHOCK™3 Wireless Controller. Take a break at about 30-minute intervals.
・Note that some software titles set the vibration function to [On] by default. To disable the vibration function, press the PS button of the controller, and then select [Controller Settings]→ [Vibration Function]→[Off].



</Text>
	<Text name="msg_health_warning_detail_scea_12">・Use in a well-lit area and keep as far away as possible from the television screen.
・Avoid prolonged use of the PS3™ system and wireless controller.
</Text>
	<Text name="msg_health_warning_detail_scea_13">・Stop using the system immediately if you begin to feel tired or if you experience discomfort or pain in your hands or arms while operating the wireless controller. If the condition persists, consult a doctor.
</Text>
	<Text name="msg_health_warning_detail_scea_14">・If you experience any of the following health problems, discontinue use of the system immediately. If symptoms persist, consult with your doctor.
- Dizziness, nausea, fatigue or symptoms similar to motion sickness
- Discomfort or pain in a part of the body, such as eyes, ears, hands or arms</Text>
	<Text name="msg_health_warning_detail_scej_1">光の刺激によって引き起こされる発作について

</Text>
	<Text name="msg_health_warning_detail_scej_2">点滅を繰り返す画面や、その他の光の刺激によって、まれに、目の痛み、視覚異常、偏頭痛、けいれんや意識障害（失神など）などの症状（光感受性発作）が起きることがあります。こうした症状のある方は、事前に必ず医師に相談してください。

</Text>
	<Text name="msg_health_warning_detail_scej_3">こんなときはすぐに使用を中止する
</Text>
	<Text name="msg_health_warning_detail_scej_4"><![CDATA[上記の症状に加え、頭痛、めまい、吐き気、疲労感、乗り物酔いに似た症状などを感じたときや、目、耳、手、腕、足など、身体の一部に不快感や痛みを感じたときは、すぐに使用を中止してください。使用を中止しても治らないときは、医師の診察を受けてください。



]]></Text>
	<Text name="msg_health_warning_detail_scej_5">3D映像、3D立体視ゲームについて

</Text>
	<Text name="msg_health_warning_detail_scej_6">3D映像の視聴中や3D対応テレビでの3D立体視ゲームのプレイ中に、目の疲労、気分が悪くなるなどの不快な症状が出ることがあります。不快な症状が出たときは、直ちにテレビのご利用を中止し、回復するまでご利用をお控えください。
3D映像を視聴したり、3D立体視ゲームをプレイしたりするときは、定期的に休憩をとることをおすすめします。必要な休憩の長さや頻度は個人によって異なりますので、ご自身でご判断ください。不快な症状が回復するまで、十分に休憩をとってください。もし症状が続く場合は、医師にご相談ください。
</Text>
	<Text name="msg_health_warning_detail_scej_7"><![CDATA[なお、お子さま(特に6歳未満の子)の視覚は発達段階にあります。お子さまが3D映像を視聴したり、3D立体視ゲームをプレイしたりする前に、小児科や眼科などの医師にご相談いただくことをおすすめします。大人のかたは、お子さまが上記注意点を守るよう監督してください。
最新情報については、ホームページ(http://www.jp.playstation.com/support/)をご覧ください。



]]></Text>
	<Text name="msg_health_warning_detail_scej_8">コントローラの振動機能に対応したソフトウェアについて

</Text>
	<Text name="msg_health_warning_detail_scej_9">振動障害のある方は、バイブレーション（振動）機能を使用しないでください。



</Text>
	<Text name="msg_health_warning_detail_scej_10">・使用するときは部屋を明るくし、できるだけ画面から離れてください。
・疲れているときや睡眠不足のときは、使用を避けてください。
</Text>
	<Text name="msg_health_warning_detail_scej_11">・使用するときは健康のため、1時間ごとに15分程度の休憩を取ってください。
・使用中に体調が悪くなったら、すぐに使用をやめてください。</Text>
	<Text name="msg_health_warning_detail_sceasia_1">Photosensitivity/Epilepsy/Seizures

</Text>
	<Text name="msg_health_warning_detail_sceasia_2">A very small percentage of individuals may experience epileptic seizures or blackouts when exposed to certain light patterns or flashing lights. Exposure to certain patterns or backgrounds on a television screen or when playing video games may trigger epileptic seizures or blackouts in these individuals. These conditions may trigger previously undetected epileptic symptoms or seizures in persons who have no history of prior seizures or epilepsy. If you, or anyone in your family, has an epileptic condition or has had seizures of any kind, consult your physician before playing.

</Text>
	<Text name="msg_health_warning_detail_sceasia_3">IMMEDIATELY DISCONTINUE use and consult your physician before resuming gameplay if you or your child experience any of the following health problems or symptoms:
・dizziness,
・altered vision,
・eye or muscle twitches,
・loss of awareness,
・disorientation,
・seizures, or
・any involuntary movement or convulsion.
RESUME GAMEPLAY ONLY ON APPROVAL OF YOUR PHYSICIAN.

</Text>
	<Text name="msg_health_warning_detail_sceasia_4">Use and handling of video games to reduce the likelihood of a seizure
・Use in a well-lit area and keep as far away as possible from the television screen.
・Avoid large screen televisions. Use the smallest television screen available.
・Avoid prolonged use of the PS3™ system. Take a 15-minute break during each hour of play.
・Avoid playing when you are tired or need sleep.



</Text>
	<Text name="msg_health_warning_detail_sceasia_5">3D images

</Text>
	<Text name="msg_health_warning_detail_sceasia_6">Some people may experience discomfort (such as eye strain, eye fatigue, or nausea) while watching 3D video images or playing stereoscopic 3D games on 3D televisions. If you experience such discomfort you should immediately discontinue use of your television until the discomfort subsides.
</Text>
	<Text name="msg_health_warning_detail_sceasia_7">SCE recommends that all viewers take regular breaks while watching 3D video, or playing stereoscopic 3D games. The length and frequency of necessary breaks may vary from person to person - please take breaks that are long enough to allow any feelings of discomfort to subside. If symptoms persist, consult your physician.
</Text>
	<Text name="msg_health_warning_detail_sceasia_8">The vision of young children (especially those under six years old) is still under development. SCE recommends that you consult with physician (such as a pediatrician or eye doctor) before allowing a young child to watch 3D video images or play stereoscopic 3D games. When using any 3D enabled device with your PlayStation®3 system you should read the instruction manual for that device.



</Text>
	<Text name="msg_health_warning_detail_sceasia_9">Notes on safety when using the DUALSHOCK™3 Wireless Controller

</Text>
	<Text name="msg_health_warning_detail_sceasia_10">・Stop using the system immediately if you begin to feel tired or if you experience discomfort or pain in your hands or arms while operating the DUALSHOCK™3 wireless controller. If the condition persists, consult a doctor.
・The vibration function of the DUALSHOCK™3 wireless controller can aggravate injuries. Do not use the vibration function if you have any ailment or injury to the bones, joints or muscles of your hands or arms. If you have an ailment or an injury, do not play such titles using the DUALSHOCK™3 wireless controller unless you have set the vibration function to [Off].
</Text>
	<Text name="msg_health_warning_detail_sceasia_11">・Avoid prolonged use of the DUALSHOCK™3 wireless controller. Take a break at about 30-minute intervals.
・Note that some software titles set the vibration function to [On] by default. To disable the vibration function, press the PS button of the controller, and then select [Controller Settings]→[Vibration Function]→[Off].



</Text>
	<Text name="msg_health_warning_detail_sceasia_12">・Use in a well-lit area and keep a safe distance from the TV screen.
・Avoid prolonged use of the PS3™ system. Take a 15-minute break during each hour of play.
・Avoid playing when you are tired or need sleep.
</Text>
	<Text name="msg_health_warning_detail_sceasia_13">・Stop using the system immediately if you begin to feel tired or if you experience discomfort or pain in your hands or arms while operating the wireless controller If the condition persists, consult a doctor.
</Text>
	<Text name="msg_health_warning_detail_sceasia_14">・If you experience any of the following health problems, discontinue use of the system immediately. If symptoms persist, consult with your physician.
- Dizziness, nausea, fatigue or symptoms similar to motion sickness
- Discomfort or pain in a part of the body, such as eyes, ears, hands or arms</Text>
</TextLang>
