﻿<?xml version="1.0" encoding="utf-8"?>
<!-- This XML was generated by Rcomage v1.1.1 -->
<TextLang>
	<Text name="msg_psmove_notice">Sikkerhetsinformasjon om PlayStation®Move</Text>
	<Text name="msg_when_use_content_on_vita_hint">Hvis du bruker innholdet på et PS Vita-system, starter du [Innholdsadministrator] på PS Vita-systemet og kopierer deretter innholdet til PS Vita-systemet.</Text>
	<Text name="msg_size">Størrelse</Text>
	<Text name="msg_setting">Innstillinger</Text>
	<Text name="msg_photo">Foto</Text>
	<Text name="msg_music">Musikk</Text>
	<Text name="msg_video">Video</Text>
	<Text name="msg_game">Spill</Text>
	<Text name="msg_net">Nettverk</Text>
	<Text name="msg_friend">Venner</Text>
	<Text name="msg_user">Brukere</Text>
	<Text name="msg_login">Logg inn</Text>
	<Text name="msg_tv">TV</Text>
	<Text name="msg_tv_video_service">TV-/video-tjenester</Text>
	<Text name="msg_psn">PSN</Text>
	<Text name="msg_power_off_console2">Slå av systemet</Text>
	<Text name="msg_photo_gallery">Photo Gallery</Text>
	<Text name="msg_untitled">Ukjent</Text>
	<Text name="msg_new_vmc">Lag nytt internt Memory Card</Text>
	<Text name="msg_signup">Opprett en konto</Text>
	<Text name="msg_playstation_home">PlayStation®Home</Text>
	<Text name="msg_start_new_chat2">Begynn en ny chat</Text>
	<Text name="msg_ms">Memory Stick™</Text>
	<Text name="msg_sd">SD Memory Card</Text>
	<Text name="msg_cf">CompactFlash®</Text>
	<Text name="msg_bd_rom">BD-ROM</Text>
	<Text name="msg_bd_r">BD-R</Text>
	<Text name="msg_bd_re">BD-RE</Text>
	<Text name="msg_dvdr">DVD-R</Text>
	<Text name="msg_dvdplusr">DVD+R</Text>
	<Text name="msg_dvdrw">DVD-RW</Text>
	<Text name="msg_dvdplusrw">DVD+RW</Text>
	<Text name="msg_dvdrom">DVD-ROM</Text>
	<Text name="msg_dvdvideo">DVD Video</Text>
	<Text name="msg_dvdvr">DVD-VR</Text>
	<Text name="msg_dvdplusvr">DVD+VR</Text>
	<Text name="msg_avchd">AVCHD</Text>
	<Text name="msg_avcrec">AVCREC</Text>
	<Text name="msg_bdmv">BDMV</Text>
	<Text name="msg_bdav">BDAV</Text>
	<Text name="msg_cdaudio">Audio CD</Text>
	<Text name="msg_cddata">Datadisk</Text>
	<Text name="msg_sacd">Super Audio CD</Text>
	<Text name="msg_mc_ps1">Memory Card (PS)</Text>
	<Text name="msg_mc_ps2">Memory Card (PS2)</Text>
	<Text name="msg_disc">Disk</Text>
	<Text name="msg_dsd_disc">DSD disk</Text>
	<Text name="msg_psp">PSP™ (PlayStation®Portable)</Text>
	<Text name="msg_psp_bracket">PSP™ (PlayStation®Portable) %1</Text>
	<Text name="msg_vita_abbreviated">PS Vita-system</Text>
	<Text name="msg_psp_name">Kallenavn</Text>
	<Text name="msg_usb">USB enhet</Text>
	<Text name="msg_usb_id">USB enhet (%1)</Text>
	<Text name="msg_digitalcamera">Digitalkamera</Text>
	<Text name="msg_digitalcamera_id">Digitalkamera (%1)</Text>
	<Text name="msg_walkman">ATRAC Audio Device</Text>
	<Text name="msg_walkman_id">ATRAC Audio Device (%1)</Text>
	<Text name="msg_cancel">Avbryt</Text>
	<Text name="msg_ok">OK</Text>
	<Text name="msg_fix">OK</Text>
	<Text name="msg_yes">Ja</Text>
	<Text name="msg_no">Nei</Text>
	<Text name="msg_on">På</Text>
	<Text name="msg_off">Av</Text>
	<Text name="msg_nrml">Normal</Text>
	<Text name="msg_normal">Normal</Text>
	<Text name="msg_plus1">+1</Text>
	<Text name="msg_plus2">+2</Text>
	<Text name="msg_plus3">+3</Text>
	<Text name="msg_plus4">+4</Text>
	<Text name="msg_minus1">-1</Text>
	<Text name="msg_minus2">-2</Text>
	<Text name="msg_minus3">-3</Text>
	<Text name="msg_minus4">-4</Text>
	<Text name="msg_1">1</Text>
	<Text name="msg_2">2</Text>
	<Text name="msg_3">3</Text>
	<Text name="msg_4">4</Text>
	<Text name="msg_5">5</Text>
	<Text name="msg_percent">%1%%</Text>
	<Text name="msg_image_count_value">%1 bilde</Text>
	<Text name="msg_images_count_value">%1 bilder</Text>
	<Text name="msg_track_count_value">%1 Spor</Text>
	<Text name="msg_tracks_count_value">%1 Spor</Text>
	<Text name="msg_title_count_value">%1 Tittel</Text>
	<Text name="msg_titles_count_value">%1 Titler</Text>
	<Text name="msg_savedata_count_value">%1 Lagre</Text>
	<Text name="msg_savedatas_count_value">%1 Lagres</Text>
	<Text name="msg_time_num1">%1:%2:%3</Text>
	<Text name="msg_time_num2">%1:%2'%3''</Text>
	<Text name="msg_time_num3">%1'%2''</Text>
	<Text name="msg_datetime_num1">%1/%2/%3  %4:%5</Text>
	<Text name="msg_am">AM</Text>
	<Text name="msg_pm">PM</Text>
	<Text name="msg_time_hour_num2">%1:%2'</Text>
	<Text name="msg_day_plural">%1 dager</Text>
	<Text name="msg_sort">Sorter etter</Text>
	<Text name="msg_importeddate_f">Importdato ▲</Text>
	<Text name="msg_importeddate_r">Importdato ▼</Text>
	<Text name="msg_shootdate_f">Filmdato ▲</Text>
	<Text name="msg_shootdate_r">Filmdato ▼</Text>
	<Text name="msg_sale_year_f">Utgivelsesår ▲</Text>
	<Text name="msg_sale_year_r">Utgivelsesår ▼</Text>
	<Text name="msg_created_date_time_f">Opprettet Dato ▲</Text>
	<Text name="msg_created_date_time_r">Opprettet Dato ▼</Text>
	<Text name="msg_updated_date_f">Oppdatert Dato ▲</Text>
	<Text name="msg_updated_date_r">Oppdatert Dato ▼</Text>
	<Text name="msg_format_f">Formater</Text>
	<Text name="msg_imagename_f">Bildenavn</Text>
	<Text name="msg_albumname_f">Albumnavn</Text>
	<Text name="msg_genre_f">Genrenavn</Text>
	<Text name="msg_artist_f">Artistnavn</Text>
	<Text name="msg_track_f">Spornavn</Text>
	<Text name="msg_title_f">Tittelnavn</Text>
	<Text name="msg_subtitle_f">Undertittel</Text>
	<Text name="msg_start_date_f">Nylig spilte</Text>
	<Text name="msg_folder_class">Grupper innhold</Text>
	<Text name="msg_all">Alle</Text>
	<Text name="msg_year_folder">Etter år</Text>
	<Text name="msg_month_folder">Etter måned</Text>
	<Text name="msg_album_folder">Etter album</Text>
	<Text name="msg_genre_folder">Etter genre</Text>
	<Text name="msg_artist_folder">Etter artist</Text>
	<Text name="msg_sale_year_folder">Etter utgivelsesår</Text>
	<Text name="msg_track_folder">Etter spor</Text>
	<Text name="msg_title_folder">Etter tittel</Text>
	<Text name="msg_format_folder">Etter format</Text>
	<Text name="msg_copy">Kopi</Text>
	<Text name="msg_copy_plural">Kopier flere</Text>
	<Text name="msg_del">Slett</Text>
	<Text name="msg_del_plural">Slett flere</Text>
	<Text name="msg_slideshow">Slideshow</Text>
	<Text name="msg_display_all">Vis alle</Text>
	<Text name="msg_cddbdata_get">Finn CD informasjon</Text>
	<Text name="msg_import">Import</Text>
	<Text name="msg_titlelist">Tittelliste</Text>
	<Text name="msg_play">Spill</Text>
	<Text name="msg_play_begin">Spill fra begynnelsen</Text>
	<Text name="msg_smove">Flytt</Text>
	<Text name="msg_disc_eject">Ta ut disk</Text>
	<Text name="msg_info">Informasjon</Text>
	<Text name="msg_repeat">Gjenta</Text>
	<Text name="msg_shuffle">Blande</Text>
	<Text name="msg_pause">Pause</Text>
	<Text name="msg_display">Vis</Text>
	<Text name="msg_volume_control">Volumkontroll</Text>
	<Text name="msg_plus">+</Text>
	<Text name="msg_minus">-</Text>
	<Text name="msg_slideshow_with_icon">Slideshow </Text>
	<Text name="msg_fix_with_icon">OK </Text>
	<Text name="msg_folder_class_with_icon">Grupper innhold </Text>
	<Text name="msg_option_with_icon">: Valg</Text>
	<Text name="msg_help_start">: Start</Text>
	<Text name="msg_copy_psplus_with_icon">Kopi </Text>
	<Text name="msg_copy_plural_psplus_with_icon">Kopier flere </Text>
	<Text name="msg_savedata_auto_upload_psplus_with_icon">Lagret data auto-opplasting </Text>
	<Text name="msg_icon_start"></Text>
	<Text name="msg_info_none">-</Text>
	<Text name="msg_format">Format</Text>
	<Text name="msg_space">Ledig plass</Text>
	<Text name="msg_shoot_date">Filmet</Text>
	<Text name="msg_updated_date">Oppdatert</Text>
	<Text name="msg_corrupted_data">Defekt data</Text>
	<Text name="msg_unsupported_data">Inkompatibel data</Text>
	<Text name="msg_folder">Mappe</Text>
	<Text name="msg_resolution">Oppløsning</Text>
	<Text name="msg_multiply">%1 x %2</Text>
	<Text name="msg_image">Bilde</Text>
	<Text name="msg_image_count">Bilder</Text>
	<Text name="msg_camera">Filmenhet</Text>
	<Text name="msg_album">Album</Text>
	<Text name="msg_genre">Genre</Text>
	<Text name="msg_artist">Artist</Text>
	<Text name="msg_imported_size">Størrelse etter import</Text>
	<Text name="msg_size_counting">Teller...</Text>
	<Text name="msg_sale_year">Offentliggjort</Text>
	<Text name="msg_play_time">Lengde</Text>
	<Text name="msg_comment">Kommentar</Text>
	<Text name="msg_samplingfrequency">Samplingrate</Text>
	<Text name="msg_disc_number">Disknummer</Text>
	<Text name="msg_track_count">Spor</Text>
	<Text name="msg_track_number">Spornummer</Text>
	<Text name="msg_track">Spor</Text>
	<Text name="msg_bpm">BPM</Text>
	<Text name="msg_codec">Codec</Text>
	<Text name="msg_lastplay_datetime">Sist spilt</Text>
	<Text name="msg_ch">Kanal</Text>
	<Text name="msg_various_artists">Forskjellige artister</Text>
	<Text name="msg_imported_date">Importert</Text>
	<Text name="msg_created_date">Filmet</Text>
	<Text name="msg_start_date">Begynner</Text>
	<Text name="msg_expiration_date">Utløper</Text>
	<Text name="msg_remaining_time">Timer igjen</Text>
	<Text name="msg_play_count">Ganger spilt</Text>
	<Text name="msg_file_number">Filnummer</Text>
	<Text name="msg_title">Tittel</Text>
	<Text name="msg_subtitle">Undertittel</Text>
	<Text name="msg_disc_type">Disktype</Text>
	<Text name="msg_disc_protect">Passordlås</Text>
	<Text name="msg_title_count">Titler</Text>
	<Text name="msg_video_codec">Video Codec</Text>
	<Text name="msg_audio_codec">Audio Codec</Text>
	<Text name="msg_file_type">Fil type</Text>
	<Text name="msg_mediaserver">Media Server</Text>
	<Text name="msg_dlna_date_time">Dato og Klokkeslett</Text>
	<Text name="msg_produced_date">Produsert</Text>
	<Text name="msg_info_valid_from">Begynner</Text>
	<Text name="msg_info_valid_to">Utløper</Text>
	<Text name="msg_magicgate">MagicGate™</Text>
	<Text name="msg_mg_supported">Støttet</Text>
	<Text name="msg_mg_not_supported">Ikke støttet</Text>
	<Text name="msg_info_unknown">Ukjent</Text>
	<Text name="msg_savedata_count">Lagres</Text>
	<Text name="msg_model">Modell</Text>
	<Text name="msg_can_play_only_for_variable_hours">(Merk at innholdet kan bare avspilles igjen innen %1 timer etter første avspilling).</Text>
	<Text name="msg_can_play_only_for_variable_hours_game">(Merk at innholdet kan bare avspilles igjen innen %1 minutter etter første oppstart.)</Text>
	<Text name="msg_video_description">Beskrivelse</Text>
	<Text name="msg_copyright">Informasjon om Opphavsrett</Text>
	<Text name="msg_owner">Kjøper</Text>
	<Text name="msg_all_use_content_delete_cannot_use">Dette innholdet kan brukes av andre brukere enn kjøperen av innholdet. Hvis imidlertid alle kjøpere blir slettet, vil du ikke kunne bruke innholdet lenger.</Text>
	<Text name="msg_need_save_psn_pw_other_owner_use_content">Dette innholdet kan brukes av andre brukere enn kjøperen av innholdet. Kjøperens Sony Entertainment Network-passord må imidlertid være lagret på systemet for at andre brukere skal kunne bruke innholdet.</Text>
	<Text name="msg_jpeg">JPEG</Text>
	<Text name="msg_gif">GIF</Text>
	<Text name="msg_png">PNG</Text>
	<Text name="msg_tiff">TIFF</Text>
	<Text name="msg_bmp">BMP</Text>
	<Text name="msg_mpo">MPO (MP Format)</Text>
	<Text name="msg_aac_kbps">AAC %1 kbps</Text>
	<Text name="msg_mp3_kpbs">MP3 %1 kbps</Text>
	<Text name="msg_atrac_kbps">ATRAC %1 kbps</Text>
	<Text name="msg_wma_kbps">WMA %1 kbps</Text>
	<Text name="msg_lpcm_bit_ch">Linjær PCM  %1 Bit  %2 kan.</Text>
	<Text name="msg_non_lpcm">Non-linear PCM %1 kbps</Text>
	<Text name="msg_dsd_ch">DSD %1 kan.</Text>
	<Text name="msg_dolby">Dolby Digital</Text>
	<Text name="msg_mpeg1">MPEG-1</Text>
	<Text name="msg_mpeg2">MPEG-2</Text>
	<Text name="msg_mpeg2_ts">MPEG-2 TS</Text>
	<Text name="msg_mpeg4">MPEG-4</Text>
	<Text name="msg_mpeg_layer1">MPEG Layer 1</Text>
	<Text name="msg_mpeg_layer2">MPEG Layer 2</Text>
	<Text name="msg_mpeg_layer3">MPEG Layer 3</Text>
	<Text name="msg_avc">AVC</Text>
	<Text name="msg_motion_jpeg">Motion JPEG</Text>
	<Text name="msg_divx">DivX®</Text>
	<Text name="msg_wmv">VC-1 (WMV)</Text>
	<Text name="msg_mpeg1_mbps">MPEG-1 %1 Mbps</Text>
	<Text name="msg_mpeg2_mbps">MPEG-2 %1 Mbps</Text>
	<Text name="msg_mpeg2_ts_mbps">MPEG-2 TS %1 Mbps</Text>
	<Text name="msg_mpeg4_mbps">MPEG-4 %1 Mbps</Text>
	<Text name="msg_avc_kbps">AVC %1 kbps</Text>
	<Text name="msg_khz">%1 kHz</Text>
	<Text name="msg_kbps">%1 kbps</Text>
	<Text name="msg_mbps">%1 Mbps</Text>
	<Text name="msg_ch_2">2 kan.</Text>
	<Text name="msg_multi_ch">Multi-kanal</Text>
	<Text name="msg_power_off_console">Slå av systemet</Text>
	<Text name="msg_turnoff_system_ask">Vil du slå av systemet?</Text>
	<Text name="msg_after_background_download_auto_turn_off">Slå av systemet automatisk etter bakgrunnsnedlasting</Text>
	<Text name="msg_slot_assign">Tildel spor</Text>
	<Text name="msg_slot1">Spor 1</Text>
	<Text name="msg_slot2">Spor 2</Text>
	<Text name="msg_eject">Fjern</Text>
	<Text name="msg_user_name">Brukernavn</Text>
	<Text name="msg_need_quit_to_operate_ask">For å utføre denne funksjonen må du lukke [%1].
Vil du lukke programvaren nå?</Text>
	<Text name="msg_error_hdd_full_perform_operation">Det er ikke nok ledig plass i systemminnet.
For å utføre denne operasjonen trenger du minst %1 mer fri plass.</Text>
	<Text name="msg_content_already_copied">Dette innholdet kan allerede ha blitt kopiert.</Text>
	<Text name="msg_save_newly">Lagre Ny</Text>
	<Text name="msg_original_content">Eksisterende Innhold</Text>
	<Text name="msg_new_content">Nytt Innhold</Text>
	<Text name="msg_save_destination_select">Velg mål.</Text>
	<Text name="msg_error_no_storagemedia">Koble til lagringsmedium i lagringsplassen.</Text>
	<Text name="msg_ps3_photo">Systemminne (Foto)</Text>
	<Text name="msg_ps3_video">Systemminne (Video)</Text>
	<Text name="msg_ps3_music">Systemminne (Musikk)</Text>
	<Text name="msg_folder_name">Mappenavn</Text>
	<Text name="msg_same_name_file">Der er en fil med det samme navn i lagringspunktet.</Text>
	<Text name="msg_different_name_save">Bytt navn og lagre</Text>
	<Text name="msg_overwrite_save">Skriv over og lagre</Text>
	<Text name="msg_save_no">Ikke lagre</Text>
	<Text name="msg_save_yes">Lagre</Text>
	<Text name="msg_apply_all">Gjelder for alle</Text>
	<Text name="msg_select_all">Velg alle</Text>
	<Text name="msg_deselect_all">Slett alle</Text>
	<Text name="msg_copying">Kopierer...
Vennligst vent.</Text>
	<Text name="msg_copied">Kopiering gjennomført.</Text>
	<Text name="msg_copy_incomplete_ms_ask">Det er ikke nok ledig plass på Memory Stick™. Kopieringen vil kanskje ikke fullføres.
Vil du fortsette?</Text>
	<Text name="msg_copy_incomplete_sd_ask">Der er ikke nok ledig plass på SD Memory Card. Kopieringen vil kanskje ikke fullføres.
Vil du fortsette?</Text>
	<Text name="msg_copy_incomplete_cf_ask">Der er ikke nok ledig plass på CompactFlash®. Kopieringen vil kanskje ikke fullføres.
Vil du fortsette?</Text>
	<Text name="msg_copy_incomplete_usb_ask">Det er ikke nok ledig plass på USB-enheten. Kopieringen vil kanskje ikke fullføres.
Vil du fortsette?</Text>
	<Text name="msg_copy_incomplete_hdd_ask">Der er ikke nok ledig plass i systemminnet. Kopieringen kan muligens ikke fullføres.
Vil du fortsette?</Text>
	<Text name="msg_copy_incomplete">Der er ikke nok ledig plass. Kopieringen ble ikke fullført.</Text>
	<Text name="msg_completed_count">Fullført</Text>
	<Text name="msg_copy_cancel_ask">Vil du avbryte kopieringen?</Text>
	<Text name="msg_error_content_over_copy">Det maksimale antall innholdsenheter som kan lagres er oppnådd. Kopieringen ble ikke fullført.</Text>
	<Text name="msg_copied_delete_content_saved_ps3_ask">Kopi fullført.
Vil du slette det eksisterende innhold som er lagret på PS3™ systemet?</Text>
	<Text name="msg_sure_to_delete_ask">Er du sikker på at du vil slette dette?</Text>
	<Text name="msg_deleting">Sletter...
Vennligst vent.</Text>
	<Text name="msg_deleted">Slettingen fullført.</Text>
	<Text name="msg_cannot_delete_folder_on_this_system">Denne mappen kan ikke slettes av dette systemet.</Text>
	<Text name="msg_change_upfolder">Flytt til mappen over</Text>
	<Text name="msg_create_newfolder">Lag ny mappe</Text>
	<Text name="msg_folder_name_new">Ny mappe %1</Text>
	<Text name="msg_error_no_folder">Det finnes ingen mappe.</Text>
	<Text name="msg_wait">Vennligst vent...</Text>
	<Text name="msg_error">Det har oppstått en feil.</Text>
	<Text name="msg_error_corrupted_data">Dataen er korrupt.</Text>
	<Text name="msg_error_unsupported_data">Datatypen er ikke understøttet.</Text>
	<Text name="msg_error_copy">Det har oppstått en feil under kopieringen.</Text>
	<Text name="msg_error_del">Det har oppstått en feil under slettingen.</Text>
	<Text name="msg_error_no_name">Ingen navn er blitt tastet inn.
Tast inn et navn med minst 1 tegn.</Text>
	<Text name="msg_error_ms_full">Det er ikke nok ledig plass på Memory Stick™.</Text>
	<Text name="msg_error_ms_locked">Memory Stick™ er låst.</Text>
	<Text name="msg_error_ms_no_access">Adgang til Memory Stick™ er ikke mulig.</Text>
	<Text name="msg_error_ms_no_read">Memory Stick™ kan ikke leses.</Text>
	<Text name="msg_error_no_ms">Ingen Memory Stick™ er satt inn.</Text>
	<Text name="msg_error_sd_full">Der er ikke nok ledig plass på SD Memory Card.</Text>
	<Text name="msg_error_sd_locked">SD Memory Card er låst.</Text>
	<Text name="msg_error_sd_no_access">Adgang til SD Memory Card er ikke mulig.</Text>
	<Text name="msg_error_sd_no_read">SD Memory Card kan ikke leses.</Text>
	<Text name="msg_error_no_sd">Ingen SD Memory Card er satt inn.</Text>
	<Text name="msg_error_cf_full">Der er ikke nok ledig plass på CompactFlash®.</Text>
	<Text name="msg_error_cf_locked">CompactFlash® er låst.</Text>
	<Text name="msg_error_cf_no_access">Adgang til CompactFlash® er ikke mulig.</Text>
	<Text name="msg_error_cf_no_read">CompactFlash® kan ikke leses.</Text>
	<Text name="msg_error_no_cf">Ingen CompactFlash® er satt inn.</Text>
	<Text name="msg_error_usb_full">Det er ikke nok ledig plass på USB-enheten.</Text>
	<Text name="msg_error_usb_locked">USB enheten er låst.</Text>
	<Text name="msg_error_usb_no_access">Adgang til USB enheten er ikke mulig.</Text>
	<Text name="msg_error_usb_no_read">USB enheten kan ikke leses.</Text>
	<Text name="msg_error_no_usb">Ingen USB enhet er satt inn.</Text>
	<Text name="msg_error_hdd_full">Det er ikke nok ledig plass i systemminnet.</Text>
	<Text name="msg_error_hdd_no_access">Adgang til systemminnet er ikke mulig.</Text>
	<Text name="msg_error_no_signin">Du må logge på PSN.</Text>
	<Text name="msg_error_no_signup">Du må opprette en Sony Entertainment Network-konto.</Text>
	<Text name="msg_icon_image_select">Velg et bilde til bruk som et ikon.</Text>
	<Text name="msg_icon_change_albumtrack_ask1">Ikoner til alle spor i albumet vil bli forandret.
Vil du fortsette?</Text>
	<Text name="msg_cannot_display_all_mediaserver">Det er for mange media servere.
Noen media servere vil ikke vises.</Text>
	<Text name="msg_scan_mediaserver">Let etter Media Servere</Text>
	<Text name="msg_not_allowed_access_confirm_pls">Tilgang til media server er ikke tillatt. Det er mulig at systemnavnet til dette PS3™ systemet, “%1”, ikke har blitt registrert.
Sjekk innstillingene for media serveren.</Text>
	<Text name="msg_playlists">Spilleliste</Text>
	<Text name="msg_playlist_pane">Spilleliste</Text>
	<Text name="msg_create_new_playlist">Lag Ny Spilleliste</Text>
	<Text name="msg_to_add_content_playlist_select_edit">For å legge innhold til denne spillelisten velg [Rediger] fra valgmenyen.</Text>
	<Text name="msg_error_cannot_edit_playlist_no_track">Det er ingen spor i systemminnet. Spillelisten kan ikke redigeres.</Text>
	<Text name="msg_error_cannot_edit_playlist_no_image">Det er ingen bilder i systemminnet. Spillelisten kan ikke redigeres.</Text>
	<Text name="msg_error_same_name_cannot_use">Navnet er allerede i bruk.
Tast inn et annet navn.</Text>
	<Text name="msg_error_no_content">Det er ingen innholdselement.</Text>
	<Text name="msg_add_to_playlist">Legg til Spilleliste</Text>
	<Text name="msg_add_playlist">Legg til</Text>
	<Text name="msg_add_all_playlist">Legg til alle</Text>
	<Text name="msg_delete_playlist_ask">Denne spillelisten vil bli slettet.
Er du sikker på at du vil fortsette?</Text>
	<Text name="msg_error_startdate_video">Innholdet er ikke tilgjengelig før start datoen.</Text>
	<Text name="msg_error_expired_video">Innholdet er utgått og er ikke lenger tilgjengelig.</Text>
	<Text name="msg_info_no_time_limit">Ingen tidsgrense</Text>
	<Text name="msg_info__expired">Utgått</Text>
	<Text name="msg_expires_on_variable">Utløper %1</Text>
	<Text name="msg_error_timelimited_video"><![CDATA[Innholdet har en tidsbegrensing.
For å utføre denne funksjonen, gå til [Innstillinger] > [Dato- og tidsinnstilling] > [Dato og klokkeslett], og velg [Innstilling over internett] for å sette tid og dato.]]></Text>
	<Text name="msg_can_play_variable_first_play_now_ask">Dette innholdet kan kun spilles i %1 timer etter første avspilling.
Vil du spille det nå?</Text>
	<Text name="msg_del_content_cannot_dl_again_conf_psn">Innholdet vil bli slettet og kan ikke lastes ned på nytt.
Er du sikker på at du vil fortsette?</Text>
	<Text name="msg_to_enable_setting_enable_auto_login">De endringene du gjorde har deaktivert de følgende innstillingene.
%1

For å aktivere disse innstillingene må du sette opp en bruker for automatisk logg inn under [Brukere]. For informasjon om å sette opp den automatiske logg inn funksjonen, referer til online manualen.</Text>
	<Text name="msg_to_enable_setting_enable_auto_signin">De endringene du gjorde har deaktivert de følgende innstillinger.
%1

For å aktivere disse innstillinger må du sette til automatisk pålogging til PSN. For informasjon om å sette opp den automatiske påloggings funksjonen, referer til online manualen.</Text>
	<Text name="msg_remoteplay_remote_start"><![CDATA[[Innstillinger] > [Innstillinger for avstandsspilling] > [Fjernstart]]]></Text>
	<Text name="msg_console_setting_auto_download"><![CDATA[[Innstillinger] > [Systeminnstillinger] > [Automatisk oppdatering]]]></Text>
	<Text name="msg_lang_japan">Japansk</Text>
	<Text name="msg_lang_english">Engelsk</Text>
	<Text name="msg_lang_french">Fransk</Text>
	<Text name="msg_lang_spanish">Spansk</Text>
	<Text name="msg_lang_german">Tysk</Text>
	<Text name="msg_lang_italian">Italiensk</Text>
	<Text name="msg_lang_dutch">Hollandsk</Text>
	<Text name="msg_lang_portuguese">Portugisisk</Text>
	<Text name="msg_lang_russian">Russisk</Text>
	<Text name="msg_lang_polish">Polsk</Text>
	<Text name="msg_lang_finnish">Finsk</Text>
	<Text name="msg_lang_danish">Dansk</Text>
	<Text name="msg_lang_norwegian">Norsk</Text>
	<Text name="msg_lang_swedish">Svensk</Text>
	<Text name="msg_lang_turkish">Tyrkisk</Text>
	<Text name="msg_lang_korean">Koreansk</Text>
	<Text name="msg_lang_chinese_t">Kinesisk (tradisjonell)</Text>
	<Text name="msg_lang_chinese_s">Kinesisk (forenklet)</Text>
	<Text name="msg_lpcm">Lineær PCM</Text>
	<Text name="msg_display_on">Vis</Text>
	<Text name="msg_display_off">Ikke Vis</Text>
	<Text name="msg_macaddress">MAC-adresse</Text>
	<Text name="msg_ipaddress">IP-adresse</Text>
	<Text name="msg_atrac_not_activated_set_pls"><![CDATA[ATRAC har ikke blitt muliggjort.
Gå til [Innstillinger] > [Systeminnstillinger] og muliggjør ATRAC.]]></Text>
	<Text name="msg_backup">Ta sikkerhetskopi</Text>
	<Text name="msg_restore">Gjenopprette</Text>
	<Text name="msg_audio_device_setting">Innstilling audioenhet</Text>
	<Text name="msg_print">Skriv ut</Text>
	<Text name="msg_manufacturer">Produsent</Text>
	<Text name="msg_10min">Etter 10 minutter</Text>
	<Text name="msg_20min">Etter 20 minutter</Text>
	<Text name="msg_30min">Etter 30 minutter</Text>
	<Text name="msg_remain_time">Resterende tid</Text>
	<Text name="msg_others">Andre</Text>
	<Text name="msg_level_1">Nivå 1</Text>
	<Text name="msg_level_2">Nivå 2</Text>
	<Text name="msg_level_3">Nivå 3</Text>
	<Text name="msg_level_4">Nivå 4</Text>
	<Text name="msg_level_5">Nivå 5</Text>
	<Text name="msg_level_6">Nivå 6</Text>
	<Text name="msg_level_7">Nivå 7</Text>
	<Text name="msg_level_8">Nivå 8</Text>
	<Text name="msg_level_9">Nivå 9</Text>
	<Text name="msg_level_10">Nivå 10</Text>
	<Text name="msg_level_11">Nivå 11</Text>
	<Text name="msg_gameetc_pc">Foreldrekontroll</Text>
	<Text name="msg_netservice">PSN</Text>
	<Text name="msg_error_server_connect_timeout">Forbindelsen til serveren har utløpt.</Text>
	<Text name="msg_cannot_operate_in_demonstration_mode">Denne funksjonen kan ikke brukes і demonstrasjonsmodus.</Text>
	<Text name="msg_tool_install_file"><![CDATA[★ Install Package Files]]></Text>
	<Text name="msg_tool_app_home_ps3_game"><![CDATA[★ /app_home/PS3_GAME/]]></Text>
	<Text name="msg_tool_title_store_preview">Title Store Preview</Text>
	<Text name="msg_tool_title_store_preview_ingame"><![CDATA[★ Title Store Preview (inGame)]]></Text>
	<Text name="msg_tool_title_store_preview_store"><![CDATA[★ Title Store Preview (Store)]]></Text>
	<Text name="msg_tool_lock"><![CDATA[★ Lock]]></Text>
	<Text name="msg_tool_unlock"><![CDATA[★ Unlock]]></Text>
	<Text name="msg_tool_check"><![CDATA[★ Check]]></Text>
	<Text name="msg_tool_cancel_purchase"><![CDATA[★ Cancel Purchase]]></Text>
	<Text name="msg_tool_del"><![CDATA[★ Delete]]></Text>
	<Text name="msg_tool_import"><![CDATA[★ Import]]></Text>
	<Text name="msg_tool_export"><![CDATA[★ Export]]></Text>
	<Text name="msg_tool_quick_sign_up"><![CDATA[★ Quick Sign Up]]></Text>
	<Text name="msg_tool_performance_bar"><![CDATA[★ Performance Bar]]></Text>
	<Text name="msg_tool_no_memory_limit"><![CDATA[★ No Memory Limit]]></Text>
	<Text name="msg_tool_quick_preview"><![CDATA[★ Quick Preview]]></Text>
	<Text name="msg_tool_owner_info"><![CDATA[★ Owner Information]]></Text>
	<Text name="msg_no_trophy">There are no trophies.</Text>
	<Text name="msg_bdu_software">Software</Text>
	<Text name="msg_digitalcamera_image">Digitalkamera bilder</Text>
	<Text name="msg_del_image_ask">Bildet vil bli slettet.
Er du sikker på at du vil fortsette?</Text>
	<Text name="msg_del_images_ask">Bildene du har valgt vil bli slettet.
Er du sikker på at du vil fortsette?</Text>
	<Text name="msg_del_camerafolder_ask">Mappen og alle bildene i mappen, inkludert beskyttede bilder, vil bli slettet.
Er du sikker på at du vil fortsette?</Text>
	<Text name="msg_del_image_protected_ask">Dette bildet er beskyttet.
Er du sikker på at du vil slette bildet?</Text>
	<Text name="msg_del_imagefolder_ask">Mappen og alle bildene i mappen vil bli slettet.
Er du sikker på at du vil fortsette?</Text>
	<Text name="msg_error_del_imagefolder">Slettingen mislyktes.
Mappen inneholder andre typer data enn bilder.</Text>
	<Text name="msg_del_image_select">Velg bilder som skal slettes.</Text>
	<Text name="msg_copy_image_select">Velg bilder som skal kopieres.</Text>
	<Text name="msg_error_no_image_copy">Det er ingen bilder som kan kopieres.</Text>
	<Text name="msg_error_no_image">Det er ingen bilder.</Text>
	<Text name="msg_mmyyyy_jan">Jan %1</Text>
	<Text name="msg_mmyyyy_feb">Feb %1</Text>
	<Text name="msg_mmyyyy_mar">Mar %1</Text>
	<Text name="msg_mmyyyy_apr">Apr %1</Text>
	<Text name="msg_mmyyyy_may">Mai %1</Text>
	<Text name="msg_mmyyyy_jun">Jun %1</Text>
	<Text name="msg_mmyyyy_jul">Jul %1</Text>
	<Text name="msg_mmyyyy_aug">Aug %1</Text>
	<Text name="msg_mmyyyy_sep">Sep %1</Text>
	<Text name="msg_mmyyyy_oct">Okt %1</Text>
	<Text name="msg_mmyyyy_nov">Nov %1</Text>
	<Text name="msg_mmyyyy_dec">Des %1</Text>
	<Text name="msg_yyyy">%1</Text>
	<Text name="msg_slideshow_type1">Lysbilde</Text>
	<Text name="msg_slideshow_type2">Portrett</Text>
	<Text name="msg_slideshow_type3">Fotoalbum</Text>
	<Text name="msg_slideshow_type4">Fotoalbum 2</Text>
	<Text name="msg_piccto_explanation">Lag et rom der du kan glede deg over og forbedre fotoene dine.
Lag fine album av bildene på PS3™-systemet på få minutter.
Du kan sortere bildene etter tema, legge til musikk for å forbedre et slideshow eller legge til brukerdefinerte rammer rundt bildene dine. Jo flere bilder du legger til, jo mer gøy kan du ha - mulighetene er uendelige!</Text>
	<Text name="msg_piccto_explanation_sd">Lag et rom der du kan glede deg over og forbedre fotoene dine.
Lag fine album av bildene på PS3™-systemet på få minutter.</Text>
	<Text name="msg_cddbdata_getting">Skaffer CD informasjon...
Vennligst vent.</Text>
	<Text name="msg_cddbdata_pluralfound_select">Flere CD informasjonssaker ble funnet.
Velg relevant CD informasjon.</Text>
	<Text name="msg_cddbdata_send">Send CD informasjon</Text>
	<Text name="msg_cddbdata_sending">Sender CD informasjon...
Vennligst vent.</Text>
	<Text name="msg_select_import">Importer flere</Text>
	<Text name="msg_select_import_pls">Velg sanger som skal importeres.</Text>
	<Text name="msg_copy_track_select">Velg sanger til å kopiere.</Text>
	<Text name="msg_del_track_protected_ask">Dette spor er beskyttet.
Er du sikker på at du vil slette sporet?</Text>
	<Text name="msg_del_folder_track_protected_ask">Mappen og alle spor i mappen, inkludert beskyttede spor, vil bli slettet.
Er du sikker på at du vil fortsette?</Text>
	<Text name="msg_cannot_copy_protected_truck">Opphavsrettsbeskyttede sanger vil ikke bli kopiert.</Text>
	<Text name="msg_copied_except_copyright_protected_track">Kopieringen fullført.
Opphavsrettsbeskyttede sanger ble ikke kopiert.</Text>
	<Text name="msg_del_track_select">Velg sanger du vil slette.</Text>
	<Text name="msg_del_track_ask">Er du sikker på at du vil slette sangen?</Text>
	<Text name="msg_del_tracks_ask">Er du sikker på at du vil slette de utvalgte sangene?</Text>
	<Text name="msg_del_trackfolder_ask">Mappen og alle sangene i mappen vil bli slettet.
Er du sikker på at du vil fortsette?</Text>
	<Text name="msg_error_del_trackfolder_different">Mappen kunne ikke slettes.
Mappen inneholder data som ikke er musikk data.</Text>
	<Text name="msg_importing">Importerer...
Vennligst vent.</Text>
	<Text name="msg_import_cancel_ask">Vil du avbryte importeringen?</Text>
	<Text name="msg_imported">Importeringen er fullført.</Text>
	<Text name="msg_error_import">En feil oppsto under importeringen.</Text>
	<Text name="msg_error_track_over">Maksimum antall sanger som kan lagres er nådd.
Importeringen stoppet.</Text>
	<Text name="msg_error_no_trackfolder_copy">Det er ingen sanger som kan kopieres.</Text>
	<Text name="msg_error_copyright_track">Innformasjonen om opphavsrettsbeskyttelse er ugyldig.</Text>
	<Text name="msg_changedinfo_save_music_ask">Vil du lagre revidert informasjon?
Revidert innhold vil bli påført alle sangene i mappen.</Text>
	<Text name="msg_error_no_track">Det er ingen sanger.</Text>
	<Text name="msg_error_no_nexttrack">Det er ingen sanger tilgjengelig.</Text>
	<Text name="msg_error_no_prevtrack">Det er ingen sanger tilgjengelig.</Text>
	<Text name="msg_track_number_value">Spor %1</Text>
	<Text name="msg_digitalcamera_video">Filmer fra digitalt-kamera</Text>
	<Text name="msg_psstore_video_offline_explanation_sd">PlayStation®Store er det eneste stedet til å leie eller eie de siste filmene til PS3™- og PSP™- og PS Vita-systemet ditt.
Besøk PlayStation®Store i dag.</Text>
	<Text name="msg_psstore_video_offline_explanation_hd">PlayStation®Store er det eneste stedet til å leie eller eie de siste filmene til PS3™- og PSP™- og PS Vita-systemet ditt.
Besøk PlayStation®Store i dag.</Text>
	<Text name="msg_error_no_title">Det er ingen titler.</Text>
	<Text name="msg_error_title_over">Maksimalt antall titler som kan lagres, er nådd.</Text>
	<Text name="msg_copy_title_select">Velg titlene som skal kopieres.</Text>
	<Text name="msg_copy_titlefolder2">Opphavsrettsbeskyttede titler vil ikke bli kopiert.</Text>
	<Text name="msg_error_no_title_copy">Det er ingen titler som kan kopieres.</Text>
	<Text name="msg_error_magicgate_device_required">For å utføre denne funksjonen, trenger du en USB enhet som er kompatibel med opphavsrettsbeskyttelse element.</Text>
	<Text name="msg_copied_except_copyright_protected_title">Kopieringen er fullført.
Opphavsrettsbeskyttede titler ble ikke kopiert.</Text>
	<Text name="msg_title_number_value">Tittel %1</Text>
	<Text name="msg_smove_destination_select">Velg bestemmelsessted.</Text>
	<Text name="msg_smoving">Flytter...
Vennligst vent.</Text>
	<Text name="msg_smove_cancel_ask">Vil du avbryte flyttingen?</Text>
	<Text name="msg_smoved">Flyttingen er fullført.</Text>
	<Text name="msg_error_smove">Det oppsto en feil under flyttingen.</Text>
	<Text name="msg_error_move_mspro">Flyttingen kan ikke fullføres.
For å flytte denne tittelen, må du bruke en Memory Stick PRO™.</Text>
	<Text name="msg_del_title_select">Velg tittelen som skal slettes.</Text>
	<Text name="msg_del_title_ask">Tittelen vil bli slettet.
Er du sikker på at du vil fortsette?</Text>
	<Text name="msg_del_titles_ask">De utvalgte titlene vil bli slettet.
Er du sikker på at du vil fortsette?</Text>
	<Text name="msg_del_titlefolder_ask">Mappen og alle titlene i mappen vil bli slettet.
Er du sikker på at du vil fortsette?</Text>
	<Text name="msg_del_camerafolder_video_ask">Mappen og alle titlene i mappen, inkludert beskyttede titler vil bli slettet.
Er du sikker på at du vil fortsette?</Text>
	<Text name="msg_del_title_protected_ask">Denne tittelen er beskyttet.
Er du sikker på at du vil slette tittelen?</Text>
	<Text name="msg_error_del_movie_folder">Denne mappen kunne ikke slettes.
Mappen inneholder data som ikke er video data.</Text>
	<Text name="msg_error_smove_prohibit">Denne tittelen kan ikke flyttes.</Text>
	<Text name="msg_corrupted_copyright">Informasjonen om opphavsrettsbeskyttelse er korrupt og vil bli gjenopprettet.</Text>
	<Text name="msg_error_corrupted_copyright">Det oppsto en feil under gjenopprettingen av opphavsrettsbeskyttet informasjon.</Text>
	<Text name="msg_error_no_execute">Denne funksjonen er ikke tilgjengelig.</Text>
	<Text name="msg_video_editor_and_upload"><![CDATA[Videoredigering & -opplasting]]></Text>
	<Text name="msg_video_editor_explanation">Du kan redigere en video du liker, laste den opp til et nettsted for videodeling, og deretter invitere vennene dine til å se videoen.</Text>
	<Text name="msg_create_new_video">Lag en ny video</Text>
	<Text name="msg_del_content_ask">Innholdet vil bli slettet.
Er du sikker på at du vil fortsette?</Text>
	<Text name="msg_error_create_content_number_over">Maksimalt antall innholdselementer som kan lages er nådd.</Text>
	<Text name="msg_backup_data_utility">Sikkerhetskopierte data-tjeneste</Text>
	<Text name="msg_bd_data_utility">BD datatjeneste</Text>
	<Text name="msg_common_cache_data">Delt hurtigminnedata</Text>
	<Text name="msg_bd_data_delete_ask">BD data vil bli slettet.
Er du sikker på at du vil fortsette?</Text>
	<Text name="msg_service_coming_soon">Denne tjenesten kommer snart.</Text>
	<Text name="msg_service_app_install_folder">Mine kanaler</Text>
	<Text name="msg_vita_application_utility">PS Vita-systemprogramverktøy</Text>
	<Text name="msg_applications_vita">Programmer (PS Vita)</Text>
	<Text name="msg_applications_psp_other">Programmer (PSP™/annet)</Text>
	<Text name="msg_applications_ps1">Programmer (PS)</Text>
	<Text name="msg_applications_psm">Programmer (PlayStation®Mobile)</Text>
	<Text name="msg_gamedata_utility">Spille datatjeneste</Text>
	<Text name="msg_savedata_utility_ps3">Lagret datatjeneste (PS3™)</Text>
	<Text name="msg_savedata_utility_ps2">Lagret datatjeneste (PS2)</Text>
	<Text name="msg_savedata_utility_minis_psp">Lagret datatjeneste (minis/PSP™)</Text>
	<Text name="msg_savedata_utility_psp_emu_psp">Lagret datatjeneste (PSP™ Remaster/PSP™)</Text>
	<Text name="msg_savedata_utility_minis_psp_emu_psp">Lagret datatjeneste (minis/PSP™ Remaster/PSP™)</Text>
	<Text name="msg_memory_card_utility">Memory Card tjeneste</Text>
	<Text name="msg_content_pc">Begrenset innhold på grunn av foreldrekontroll</Text>
	<Text name="msg_ps1_gamedisc">PlayStation® format disk</Text>
	<Text name="msg_ps2_gamedisc">PlayStation®2 format disk</Text>
	<Text name="msg_ps2_format_software">PlayStation®2 programvareformat</Text>
	<Text name="msg_playstation">PlayStation®</Text>
	<Text name="msg_playstation2">PlayStation®2</Text>
	<Text name="msg_playstation3">PlayStation®3</Text>
	<Text name="msg_minis">minis</Text>
	<Text name="msg_psp_emu">PSP™ Remaster</Text>
	<Text name="msg_pc_engine">PCEngine</Text>
	<Text name="msg_neogeo">NEOGEO</Text>
	<Text name="msg_cannot_start_unless_install_install_ask">Spillet kan ikke startes med mindre det er installert i systemminnet.
Vil du begynne installeringen?</Text>
	<Text name="msg_psstore_game_offline_explanation_sd">PlayStation®Store er fullpakket med eksklusive nedlastbare spill, GRATIS PS3™-demoer, tilleggspakker og videoer.

Besøk oss i dag!</Text>
	<Text name="msg_psstore_game_offline_explanation_hd">Det er GRATIS* å få tilgang til PlayStation®Store, og det er det eneste stedet å laste ned nye og eksklusive PS3™-spill, gratis* spillbare demoer, tilleggspakker og HD-videoer.

Få mer ut av PS3™ og besøk PlayStation®Store i dag.

* Krever bredbåndstilkobling til Internett.</Text>
	<Text name="msg_disc_benefit">Diskfordeler</Text>
	<Text name="msg_select_receive_disc_benefit">Velg dette alternativet for å motta diskfordelene.</Text>
	<Text name="msg_only_for_psp_need_copy_ask">Du kan bruke dette innholdet på et PSP™-system.
Ønsker du å kopiere det til et PSP™-system?</Text>
	<Text name="msg_error_cannot_use_content_download_again_copy_can_use"><![CDATA[Dette innholdet er ikke tilgjengelig for bruk.
Logg på med den kontoen som ble brukt til å kjøpe dette innholdet, og velg deretter [Vis nedlastinger] under [PSN] > [PlayStation®Store] for å laste ned innholdet på nytt.
For å bruke dette innholdet må du laste det ned og deretter kopiere det til en enhet som støtter dets bruk.]]></Text>
	<Text name="msg_error_cannot_play_ps2_format">Denne modellen av PS3™ systemet er ikke kompatibel med PlayStation®2 programvareformat.</Text>
	<Text name="msg_error_game_wrong_region">Denne programvaren kan ikke startes på grunn av regionale restriksjoner.</Text>
	<Text name="msg_error_gamedisc_cannot_start">Denne disken kan ikke startes.</Text>
	<Text name="msg_error_game_start_failure">En feil oppsto under oppstarten.</Text>
	<Text name="msg_current_systemsoftware_update_ask">Programvaren fra PS3™ systemet er versjon %1.
For å starte, må du oppdatere til versjon %2 eller senere.
Vil du oppdatere nå?</Text>
	<Text name="msg_systemsoftware_update_ask">Du må oppdatere systemets programvare før det brukes på nytt.</Text>
	<Text name="msg_game_start">Start</Text>
	<Text name="msg_about_game">Om dette spillet</Text>
	<Text name="msg_about_game_ps3_content">Library programs ©Sony Computer Entertainment Inc. Licensed for play on the PlayStation®3 Computer Entertainment System or authorized PlayStation®3 format systems. For full terms and conditions see the user's manual. This product is authorized and produced under license from Sony Computer Entertainment Inc. Use is subject to the copyright laws and the terms and conditions of the user's license.</Text>
	<Text name="msg_game_update_history">Oppdatering Historikk</Text>
	<Text name="msg_purchase">Kjøp</Text>
	<Text name="msg_savedata_auto_upload">Lagret data auto-opplasting</Text>
	<Text name="msg_installgame_delete_ask">Det installerte spillet vil bli slettet.
Er du sikker på at du vil fortsette?</Text>
	<Text name="msg_error_no_savedata">Det finnes ikke lagret data.</Text>
	<Text name="msg_info_detail">Detaljer</Text>
	<Text name="msg_protection">Lås</Text>
	<Text name="msg_copy_prohibited">Kopiering forbudt</Text>
	<Text name="msg_error_history_auto_upload">Feilhistorikk (Auto-opplasting)</Text>
	<Text name="msg_online_storage">Online lagring</Text>
	<Text name="msg_online_storage_explanation">Lagrer lagret data online.
Utvid spillhorisonten din ved å laste ned din lagrede data til en venns PS3™-system for å fortsette spillet ditt, eller ved å sikkerhetskopiere dataen din online.</Text>
	<Text name="msg_to_save_data_select_copy_option">For å lagre dataen din i online lagring, velger du dataen du ønsker å lagre og velger deretter [Kopi] fra valgmenyen.</Text>
	<Text name="msg_save_data_copy_prohibited_upload_explanation">Det er begrensninger på hvor ofte du kan laste ned denne lagrede dataen fra online lagring.
Du kan kun laste ned etter at det har gått %1 timer siden du sist lastet opp til eller ned fra online lagring.
Du kan opplaste til online lagring når som helst.</Text>
	<Text name="msg_error_online_storage_full">Det er ikke nok ledig plass på lagringsplassen på nettet.
 For å kopiere, trenger du %1 mer plass.</Text>
	<Text name="msg_error_save_data_copy_prohibited_download">Du kan ikke laste ned denne lagrede dataen nå.
Du kan kun laste ned en time per %1 timer.

Neste tilgjengelige nedlasting:
%2</Text>
	<Text name="msg_vmc_ps1">Internt Memory Card (PS)</Text>
	<Text name="msg_vmc_ps2">Internt Memory Card (PS2)</Text>
	<Text name="msg_free_space_vmc_ps1">%1 / 120 KB</Text>
	<Text name="msg_free_space_vmc_ps2">%1 / 7998 KB</Text>
	<Text name="msg_category">Type</Text>
	<Text name="msg_savedata">Lagret data</Text>
	<Text name="msg_savedata_ps1">Saved Data (PlayStation®)</Text>
	<Text name="msg_savedata_ps2">Lagret Data (PlayStation®2)</Text>
	<Text name="msg_application_ps2">Programvare (PlayStation®2)</Text>
	<Text name="msg_application_pocketstation">Programvare (PocketStation™)</Text>
	<Text name="msg_setting_file_ps2">Oppsettingsfil (PlayStation®2)</Text>
	<Text name="msg_system_driver_ps2">System Driver (PlayStation®2)</Text>
	<Text name="msg_unknown_data">Ukjent</Text>
	<Text name="msg_vmc">Internt Memory Card</Text>
	<Text name="msg_error_no_vmc">Det er ingen interne memory cards.</Text>
	<Text name="msg_free_space_vmc_ps1_w_title">Ledig plass: %1 / 120 KB</Text>
	<Text name="msg_free_space_vmc_ps2_w_title">Ledig plass: %1 / 7998 KB</Text>
	<Text name="msg_pocketstation">PocketStation™</Text>
	<Text name="msg_created_date_time">Laget</Text>
	<Text name="msg_error_mc_no_access">Adgang til memory card ikke mulig.</Text>
	<Text name="msg_error_savedata_cannot_copy">Kopiering av denne lagrede dataen er ikke tillatt.</Text>
	<Text name="msg_error_no_gamedata">Det er ingen spilldata.</Text>
	<Text name="msg_update_quit_software_update">De siste oppdateringsdata ble funnet.
Systemet vil avslutte denne programvaren og starte installering.</Text>
	<Text name="msg_wait_donot_turn_off">Vennligst vent...
Slå ikke av systemet.</Text>
	<Text name="msg_playmode">Avspillingsmodus</Text>
	<Text name="msg_play_track_select">Velg sporet du vil spille av.</Text>
	<Text name="msg_no_data">Ingen data.</Text>
	<Text name="msg_error_service_stop">Tjenesten er avsluttet.</Text>
	<Text name="msg_error_account_service">Bruk av denne tjenesten er blitt suspendert for denne kontoen.</Text>
	<Text name="msg_browser">Nettleser</Text>
	<Text name="msg_ps3_portal">PlayStation®Store</Text>
	<Text name="msg_psp_connection">Avstandsspill</Text>
	<Text name="msg_remoteplay_explanation"><![CDATA[Bruk en enhet som støtter avstandsspill (f.eks. et PS Vita- eller et PSP™-system) til å styre dette systemet på et nettverk. Gå til [Innstillinger] > [Innstillinger for avstandsspilling] > [Registrer enhet] og registrer avstandspillenheten.]]></Text>
	<Text name="msg_onlinemanual">Online bruksanvisning</Text>
	<Text name="msg_file">Fil</Text>
	<Text name="msg_open">Åpne</Text>
	<Text name="msg_internet_search">Internett Søk</Text>
	<Text name="msg_download_cancel_ask">Vil du avbryte nedlastingen?</Text>
	<Text name="msg_error_server_transaction_failure">Det oppsto en feil under kommunikasjonen med serveren.</Text>
	<Text name="msg_no_file">Det er ingen fil.</Text>
	<Text name="msg_content_not_support_remoteplay">Dette innholdet kan ikke brukes under avstandspilling.</Text>
	<Text name="msg_error_cannot_operate_remoteplay">Denne funksjonen kan ikke utføres under avstandspilling.</Text>
	<Text name="msg_error_cannot_start_can_play_follow_device">Kan ikke starte.
Du kan kun starte dette innholdet fra følgende enheter under avstandspilling:</Text>
	<Text name="msg_error_need_update_psp">Du må utføre en oppdatering av  PSP™ systemets programvare.
For informasjon om oppdateringsmetoder, se bruksanvisningen for PSP™ systemet.</Text>
	<Text name="msg_error_no_signup_ask">Du må opprette en Sony Entertainment Network-konto.
Vil du opprette en nå?</Text>
	<Text name="msg_download_control">Nedlastingsadministrator</Text>
	<Text name="msg_no_download_content">Det er ingen nedlastinger.</Text>
	<Text name="msg_variable_downloading">%1%% Nedlasting...</Text>
	<Text name="msg_variable_download_error">%1%% Nedlastings feil</Text>
	<Text name="msg_variable_download_waiting">%1%% Nedlasting venter</Text>
	<Text name="msg_variable_download_pausing">%1%% Pause</Text>
	<Text name="msg_pause_all">Pause Alt</Text>
	<Text name="msg_resume_all">Gjenoppta Alt</Text>
	<Text name="msg_progress">Status</Text>
	<Text name="msg_resume">Gjenoppta</Text>
	<Text name="msg_download_restart">Fortsett nedlasting</Text>
	<Text name="msg_download_cancel">Avbryt nedlastingen</Text>
	<Text name="msg_install">Installer</Text>
	<Text name="msg_download_content_was_deleted">Innholdet ble slettet fra serveren.</Text>
	<Text name="msg_need_app_software_download_ask">For å bruke denne funksjonen, må du først laste ned programvaren.
Ønsker du å laste ned nå?</Text>
	<Text name="msg_cellbrowser_foldingathome">Folding@home™</Text>
	<Text name="msg_auto_start">Auto-start</Text>
	<Text name="msg_title_lwp">Life with PlayStation®</Text>
	<Text name="msg_psstore_explanation_sd">PlayStation®Store er fullpakket med eksklusive nedlastbare spill, GRATIS PS3™-demoer, tilleggspakker og videoer.

Besøk oss i dag!</Text>
	<Text name="msg_psstore_explanation_hd">Det er GRATIS* å få tilgang til PlayStation®Store, og det er det eneste stedet å laste ned nye og eksklusive PS3™-spill, gratis* spillbare demoer, tilleggspakker og HD-videoer.

Få mer ut av PS3™ og besøk PlayStation®Store i dag.

* Krever bredbåndstilkobling til Internett.</Text>
	<Text name="msg_reg_explanation_sd">Få tilgang til GRATIS* spilling online, last ned spill, utvidelsespakker og eksklusivt innhold, chat med venner, og sammenlign trofeer.
Opprett en konto nå, og la moroa begynne!
* Krever bredbåndstilkobling til Internett.</Text>
	<Text name="msg_reg_explanation_hd">PSN handler om underholdning og interaksjon.
Få tilgang til GRATIS* spilling online, last ned fantastiske nye spill og utvidelsespakker til en rekke topptitler, se trailere og få tilgang til eksklusivt innhold, chat med venner, og sammenlign trofeer.

Opprett en konto i dag – det er enkelt, og det er GRATIS!

* Krever bredbåndstilkobling til Internett.</Text>
	<Text name="msg_account_manage">Konto Administrasjon</Text>
	<Text name="msg_can_change_psn_account_psstore_setteing">Juster innstillingene for kontoen din eller for innkjøp gjort i PlayStation®Store.</Text>
	<Text name="msg_your_channel">What's New</Text>
	<Text name="msg_your_channel_offline_explanation_hd">Velkommen til PlayStation®3.
På “What's New”-skjermen finner du siste nytt fra PlayStation®, oppdateringer og får enkel tilgang til spillene du har spilt nylig.
For å få tilgang til “What's New”-skjermen, koble til PSN* – det er gratis å registrere seg, og du får en portal til en hel verden av underholdning, så opprett en konto i dag!

* Du må ha bredbåndstilkobling til Internett.</Text>
	<Text name="msg_your_channel_offline_explanation_sd">På ”What's New”-skjermen finner du siste nytt om PlayStation® og får tilgang til spillene du har spilt nylig. Det er bare å koble seg gratis til PSN* – en portal til en hel verden av moro!
* Du må ha bredbåndstilkobling til Internett.</Text>
	<Text name="msg_your_channel_caution_launching_website">Du åpner et nettsted på Internett.</Text>
	<Text name="msg_trophy_collection">Trophy-samling</Text>
	<Text name="msg_trophy_count">Trophies</Text>
	<Text name="msg_gain_date">Oppnådd</Text>
	<Text name="msg_no_trophy_explanation">Det finnes ingen trophies.
Hvis du spiller et spill som støtter trophy-funksjonen, og samler trophies, vises de her.</Text>
	<Text name="msg_compare_trophy">Sammenlign Trophies</Text>
	<Text name="msg_trophy_grade">Karakter</Text>
	<Text name="msg_trophy_platinum">Platina</Text>
	<Text name="msg_trophy_gold">Gull</Text>
	<Text name="msg_trophy_silver">Sølv</Text>
	<Text name="msg_trophy_bronze">Bronse</Text>
	<Text name="msg_sync_with_server">Synkroniser med server</Text>
	<Text name="msg_switch_mode">Skift modus</Text>
	<Text name="msg_online_mode">Onlinemodus</Text>
	<Text name="msg_online_mode_trophy_explanation">Onlinemodus
Vis trophy-informasjonen som er lagret på serveren.</Text>
	<Text name="msg_offline_mode">Offlinemodus</Text>
	<Text name="msg_offline_mode_trophy_explanation">Offlinemodus
Vis trophy-informasjonen som er lagret på dette systemet.</Text>
	<Text name="msg_trophy_base_addon">Kjernespill/Tillegg</Text>
	<Text name="msg_hidden_trophy_name">Skjult trophy</Text>
	<Text name="msg_original_f">Opprinnelig rekkefølge</Text>
	<Text name="msg_trophy_grade_f">Karakter</Text>
	<Text name="msg_trophy_earned_f">Oppnådd dato ▲</Text>
	<Text name="msg_trophy_earned_r">Oppnådd dato ▼</Text>
	<Text name="msg_privacy_settings">Personverninnstillinger</Text>
	<Text name="msg_ps_plus_psn">PlayStation®Plus</Text>
	<Text name="msg_health_warning_psn">Helseadvarsler</Text>
	<Text name="msg_psp_exclusive_install_ask">Dette innholdet kan kun brukes med PSP™-systemet.
Vil du installere det på PSP™-systemet nå?</Text>
	<Text name="msg_bonus_digital_copy">Digital Copy</Text>
	<Text name="msg_bonus_digital_copy_explanation">Dette innholdet kan brukes når du har logget på PSN og kopiert innholdet til systemminnet på dette systemet.</Text>
	<Text name="msg_error_service_not_available_region">Denne tjenesten er ikke tilgjengelig i ditt land/region.</Text>
	<Text name="msg_sigining_in2">Logger på...</Text>
	<Text name="msg_auto_signin_off">Automatisk logg-på Av</Text>
	<Text name="msg_auto_signin">Automatisk logg-på</Text>
	<Text name="msg_signout">Logg av</Text>
	<Text name="msg_error_no_execute_psn_maintenance_partially">Denne handlingen kan ikke utføres.
Vedlikehold pågår på noen av Sony Entertainment Networks funksjoner.</Text>
	<Text name="msg_error_no_player">Ingen spillere ble funnet.</Text>
	<Text name="msg_signin">Logg på</Text>
	<Text name="msg_ignore_list">Blokkeringsliste</Text>
	<Text name="msg_friend_register">Legg til en venn</Text>
	<Text name="msg_play_with">Spillere møtt</Text>
	<Text name="msg_av_chatroom">Stemme-/video chatrom</Text>
	<Text name="msg_game_chatroom">Chatrom for spill</Text>
	<Text name="msg_msg_box">Meldinger</Text>
	<Text name="msg_last_signin_minute_ago">Siste logg-på: %1 Minutter siden</Text>
	<Text name="msg_last_signin_hour_ago">Siste logg-på: %1 Timer siden</Text>
	<Text name="msg_last_signin_day_ago">Siste logg-på: %1 Dager siden</Text>
	<Text name="msg_last_signin_month_ago">Siste logg-på: %1 måneder siden</Text>
	<Text name="msg_last_signin_more_than_2year_ago">Siste logg-på: 2 eller flere år siden</Text>
	<Text name="msg_to">Til</Text>
	<Text name="msg_sent">Sendingen fullført.</Text>
	<Text name="msg_registered">Tillegget fullført.</Text>
	<Text name="msg_error_registered_number_over">Maksimalt antall personer som kan legges til er nådd.</Text>
	<Text name="msg_error_cannot_register_myself">Du kan ikke legge deg selv til.</Text>
	<Text name="msg_accept_friend_register_ask">Vil du legge til denne personen som en venn?</Text>
	<Text name="msg_register_request">Venneforespørsel</Text>
	<Text name="msg_asking_to_add">Venter på svar på din venneforespørsel.</Text>
	<Text name="msg_asked_to_add">Du har mottatt en venneforespørsel.</Text>
	<Text name="msg_msg_list">Meldingsliste</Text>
	<Text name="msg_start_new_chat">Begynn en ny chat</Text>
	<Text name="msg_new_msg">Lag en melding</Text>
	<Text name="msg_error_no_msg">Du har ingen meldinger.</Text>
	<Text name="msg_status_f">Status</Text>
	<Text name="msg_name_f">Navn</Text>
	<Text name="msg_online_id">Online-ID</Text>
	<Text name="msg_online_name">Online navn</Text>
	<Text name="msg_about_me">Om meg</Text>
	<Text name="msg_my_lang">Mine språk</Text>
	<Text name="msg_received_msg_count">Mottatte meldinger</Text>
	<Text name="msg_unread_msg_count">Uleste meldinger</Text>
	<Text name="msg_protect_msg_count">Beskyttede meldinger</Text>
	<Text name="msg_sent_msg_count">Sendte meldinger</Text>
	<Text name="msg_received_msg_count_with_variable">Mottatte meldinger %1</Text>
	<Text name="msg_sent_msg_count_with_variable">Sendte meldinger %1</Text>
	<Text name="msg_from">Fra</Text>
	<Text name="msg_received_datetime">Mottatt</Text>
	<Text name="msg_sent_datetime">Sendt</Text>
	<Text name="msg_reply_to_friend_register">Svar på venneforespørsel</Text>
	<Text name="msg_del_addingfriend_ask">En venn som venter på å bli lagt til vil bli slettet.
Hvis du sletter, vil du bli slettet fra den andre personens Venneliste.
Er du sikker på at du vil fortsette?</Text>
	<Text name="msg_del_friend_ask">Denne vennen vil bli slettet.
Hvis du sletter denne vennen, vil du bli slettet fra den andre personens Venneliste.
Er du sikker på at du vil fortsette?</Text>
	<Text name="msg_status">Status</Text>
	<Text name="msg_profile">Profil</Text>
	<Text name="msg_online">Online</Text>
	<Text name="msg_afk">Ikke tilgjengelig</Text>
	<Text name="msg_add_ignore_list">Legg til blokkeringslisten</Text>
	<Text name="msg_game_title">Spill tittel</Text>
	<Text name="msg_information">Informasjon</Text>
	<Text name="msg_played_date_hour">Spilt</Text>
	<Text name="msg_add_ignore_list_ask">Hvis du legger til blokkeringslisten, vil du ikke motta meldinger fra denne personen.
Vil du fortsette?</Text>
	<Text name="msg_adding">Legger til...
Vennligst vent.</Text>
	<Text name="msg_del_from_ignore_list">Slett fra blokkeringslisten</Text>
	<Text name="msg_del_ignore_list_ask">Er du sikker på at du vil stryke det av blokkeringslisten?</Text>
	<Text name="msg_error_not_registered">Ingen personer har blitt lagt til.</Text>
	<Text name="msg_error_try_again_later">Det har oppstått en feil.
Prøv igjen senere.</Text>
	<Text name="msg_send_grief_report">Klagerapport</Text>
	<Text name="msg_received_box">Mottatt</Text>
	<Text name="msg_sent_box">Sendt</Text>
	<Text name="msg_list">Liste</Text>
	<Text name="msg_protect">Beskytt</Text>
	<Text name="msg_unprotected">Slett beskyttelsen</Text>
	<Text name="msg_edit">Rediger</Text>
	<Text name="msg_attach_image_select">Velg et bilde til å legge ved.</Text>
	<Text name="msg_attach_cancel_ask">Vil du avbryte legge til funksjonen?</Text>
	<Text name="msg_dell_msg_all_ask">Vil du slette alle meldingene?
Beskyttede meldinger vil ikke bli slettet.</Text>
	<Text name="msg_del_msgl_ask">Er du sikker på at du vil slette meldingen?</Text>
	<Text name="msg_dell_msg_all_ask2">Vil du slette all meldingene?</Text>
	<Text name="msg_voice_text_chatroom">Stemme-/Tekst chatrom</Text>
	<Text name="msg_text_chatroom">Chatrom (kun tekst)</Text>
	<Text name="msg_mic_on">Mikrofonen på</Text>
	<Text name="msg_mic_off">Mikrofonen av</Text>
	<Text name="msg_chat_volume">Chat volume</Text>
	<Text name="msg_camera_on">Kamera på</Text>
	<Text name="msg_camera_off">Kamera av</Text>
	<Text name="msg_chat_screen_on">Vis chatbilde</Text>
	<Text name="msg_chat_screen_off">Gjem chatbilde</Text>
	<Text name="msg_invite_friend">Inviter en venn</Text>
	<Text name="msg_new_msg_all">Lag en melding til alle</Text>
	<Text name="msg_quit">Forlate</Text>
	<Text name="msg_cancel2">Avbryt</Text>
	<Text name="msg_invite_chat">Chatinvitasjon</Text>
	<Text name="msg_participants_list">Deltakerliste</Text>
	<Text name="msg_invite_game">Spillinvitasjon</Text>
	<Text name="msg_error_add">Det oppsto en feil når noe ble lagt til.</Text>
	<Text name="msg_error_attach_size_over">Den maksimale størrelsen på en fil som kan vedlegges er nådd.</Text>
	<Text name="msg_error_attach_deleted">Den vedlagte filen har blitt slettet.</Text>
	<Text name="msg_error_player_added">Denne spilleren har allerede blitt lagt til.</Text>
	<Text name="msg_protect_msg_over">Maksimalt antall meldinger som kan beskyttes er nådd.
Du kan beskytte opp til 50 meldinger.</Text>
	<Text name="msg_error_cannot_operate_signin_pls">Denne funksjonen kan ikke utføres.
Du er ikke logget på.</Text>
	<Text name="msg_error_cannot_creat_message">Du kan ikke skrive en melding nå.</Text>
	<Text name="msg_error_ignore_list_friend">Du kan ikke legge til en venn til blokkeringslisten din.
Du må slette personen fra vennelisten din før du legger dem til blokkeringslisten.</Text>
	<Text name="msg_version">Versjon</Text>
	<Text name="msg_new_user_create">Opprett en ny bruker</Text>
	<Text name="msg_logout_ask">Vil du logge ut?</Text>
	<Text name="msg_login_ask">Vil du logge inn som den utvalgte brukeren?
Den brukeren som allerede er logget inn, vil bli logget ut.</Text>
	<Text name="msg_username_create">Tast inn brukernavn.</Text>
	<Text name="msg_error_max_num_users_reached">Flere brukere kan ikke bli lagt til.
Maksimalt antall brukere som kan legges til er 16.</Text>
	<Text name="msg_error_other_username_create_pls">Navnet du tastet inn er allerede i bruk.
Tast inn et annet brukernavn.</Text>
	<Text name="msg_error_new_user_create">En feil oppsto under opprettelsen av en ny bruker.</Text>
	<Text name="msg_user_del_2nd_ask">Er du sikker på at du vil slette denne brukeren?</Text>
	<Text name="msg_auto_login_set">Fra nå av, vil “%1” bli logget inn automatisk når PS3™ systemet startes.</Text>
	<Text name="msg_username">Bruker</Text>
	<Text name="msg_username_num">Bruker %1</Text>
	<Text name="msg_auto_login">Automatisk pålogging</Text>
	<Text name="msg_logout">Logg ut</Text>
	<Text name="msg_user_del_ask">Hvis du sletter brukeren, blir lagret data for PlayStation®3 format software, meldinger, trophies og annen informasjon også slettet.
Er du sikker du vil fortsette?</Text>
	<Text name="msg_error_character">Følgende tegn kan ikke benyttes:
%1</Text>
	<Text name="msg_health_warning_detail_scee_1">Anfall forårsaket av lysimpulser (fotosensitiv epilepsi)

</Text>
	<Text name="msg_health_warning_detail_scee_2">Hvis du lider av epilepsi eller har hatt anfall, bør du kontakte legen din før du spiller. Enkelte personer kan oppleve såre øyne, endret syn, migrene, muskelspasmer, krampetrekninger, bevissthetstap eller desorientering når de blir utsatt for blinkende eller flimrende lys eller andre stimuli fra TV-skjermen når de spiller dataspill. Hvis du opplever noen av disse symptomene mens du spiller, må du slutte å spille umiddelbart og kontakte legen din.

</Text>
	<Text name="msg_health_warning_detail_scee_3">Stans spillet umiddelbart når du opplever noen av disse symptomene:
</Text>
	<Text name="msg_health_warning_detail_scee_4">I tillegg til symptomene som er nevnt over, hvis du opplever hodepine, svimmelhet, kvalme, tretthet, reisesykelignende symptomer eller du føler ubehag eller smerte i en eller flere deler av kroppen, for eksempel øyne, ører, hender,armer og føtter, må du slutte å spille umiddelbart. Hvis tilstanden vedvarer, må du oppsøke legehjelp.



</Text>
	<Text name="msg_health_warning_detail_scee_5">3D-bilder

</Text>
	<Text name="msg_health_warning_detail_scee_6">Noen mennesker kan oppleve ubehag (som såre og slitne øyne eller kvalme) mens de ser på 3D-bilder eller spiller 3D-spill på 3D-TV-er. Hvis du opplever ubehag, bør du umiddelbart slutte å bruke TV-apparatet og ikke bruke det igjen før ubehaget har gitt seg.
</Text>
	<Text name="msg_health_warning_detail_scee_7">Generelt sett, anbefaler vi at du unngår langvarig uavbrutt bruk av PlayStation®3-systemet, og at du tar 15 minutter pause for hver time du spiller. Hvor ofte man bør ta pauser og hvor lenge pausene bør vare når man spiller spill i 3D eller ser på 3D-filmer varierer fra person til person - husk å ta pauser som er lange nok til at alle følelser av ubehag gir seg. Hvis symptomene vedvarer, må du snakke med lege.
</Text>
	<Text name="msg_health_warning_detail_scee_8">Synet til barn (spesielt barn som er yngre enn seks år gamle) er fremdeles under utvikling. Snakk med en barnelege eller en optometriker før du lar små barn se 3D-video eller spille 3D-spill. Voksne bør ha tilsyn med små barn for å sørge for at de følger anbefalingene over.



</Text>
	<Text name="msg_health_warning_detail_scee_9">Sikkerhetsmerknader ved bruk av DUALSHOCK™3 trådløs håndkontroll

</Text>
	<Text name="msg_health_warning_detail_scee_10">Ikk e bruk vibrasjonsfunksjonen hvis du har sykdom eller skader i ben, ledd eller muskler i hender eller armer. Hvis du har en sykdom eller skade, bør du ikke spille slike spill med DUALSHOCK™3 trådløs håndkontroll uten å ha stilt vibrasjonsfunksjonen til [Av].



</Text>
	<Text name="msg_health_warning_detail_scee_11">・Sørg for god belysning, og hold sikker avstand til TV-skjermen.
・Unngå å bruke PS3™-systemet for lenge av gangen. Ta 15 minutters pause for hver time du spiller.
・Unngå å spille når du er trett eller trenger søvn.
</Text>
	<Text name="msg_health_warning_detail_scee_12">・Slutt å bruke systemet øyeblikkelig hvis du begynner å føle deg trett eller hvis du opplever ubehag eller smerter i hender eller armer når du bruker den trådløse håndkontrollen. Hvis tilstanden vedvarer, må du kontakte lege.
</Text>
	<Text name="msg_health_warning_detail_scee_13">・Hvis du opplever noen av følgende helseproblemer, må du slutte å bruke systemet øyeblikkelig. Hvis symptomene vedvarer, må du kontakte lege.
- Svimmelhet, kvalme, tretthet eller reisesykelignende symptomer
- Ubehag eller smerter i noen deler av kroppen, for eksempel øyne, ører, hender eller armer</Text>
	<Text name="msg_health_warning_detail_scea_1">Photosensitivity/Epilepsy/Seizures

</Text>
	<Text name="msg_health_warning_detail_scea_2">A very small percentage of individuals may experience epileptic seizures or blackouts when exposed to certain light patterns or flashing lights. Exposure to certain patterns or backgrounds on a television screen or when playing video games may trigger epileptic seizures or blackouts in these individuals. These conditions may trigger previously undetected epileptic symptoms or seizures in persons who have no history of prior seizures or epilepsy. If you, or anyone in your family, has an epileptic condition or has had seizures of any kind, consult your doctor before playing.

</Text>
	<Text name="msg_health_warning_detail_scea_3">IMMEDIATELY DISCONTINUE use and consult your doctor before resuming gameplay if you or your child experience any of the following health problems or symptoms:
・dizziness,
・altered vision,
・eye or muscle twitches,
・loss of awareness,
・disorientation,
・seizures, or
・any involuntary movement or convulsion.
RESUME GAMEPLAY ONLY ON APPROVAL OF YOUR DOCTOR.

</Text>
	<Text name="msg_health_warning_detail_scea_4">Use and handling of video games to reduce the likelihood of a seizure
・Use in a well-lit area and keep as far away as possible from the television screen.
・Avoid large screen televisions. Use the smallest television screen available.
・Avoid prolonged use of the PS3™ system. Take a 15-minute break during each hour of play.
・Avoid playing when you are tired or need sleep.



</Text>
	<Text name="msg_health_warning_detail_scea_5">3D images

</Text>
	<Text name="msg_health_warning_detail_scea_6">Some people may experience discomfort (such as eye strain, eye fatigue, or nausea) while watching 3D video images or playing stereoscopic 3D games on 3D televisions. If you experience such discomfort you should immediately discontinue use of your television until the discomfort subsides.
</Text>
	<Text name="msg_health_warning_detail_scea_7">SCE recommends that all viewers take regular breaks while watching 3D video, or playing stereoscopic 3D games. The length and frequency of necessary breaks may vary from person to person - please take breaks that are long enough to allow any feelings of discomfort to subside. If symptoms persist, consult your doctor.
</Text>
	<Text name="msg_health_warning_detail_scea_8">The vision of young children (especially those under six years old) is still under development. SCE recommends that you consult with a doctor (such as a pediatrician or eye doctor) before allowing a young child to watch 3D video images or play stereoscopic 3D games. Adults should supervise young children to ensure they follow the recommendations listed above. When using any 3D enabled device with your PlayStation®3 system you should read the instruction manual for that device and check www.us.playstation.com/support/3D for updated information.



</Text>
	<Text name="msg_health_warning_detail_scea_9">Notes on safety when using the DUALSHOCK™3 Wireless Controller

</Text>
	<Text name="msg_health_warning_detail_scea_10">・Stop using the system immediately if you begin to feel tired or if you experience discomfort or pain in your hands or arms while operating the DUALSHOCK™3 Wireless Controller. If the condition persists, consult a doctor.
・The vibration function of the DUALSHOCK™3 Wireless Controller can aggravate injuries. Do not use the vibration function if you have any ailment or injury to the bones, joints or muscles of your hands or arms. If you have an ailment or an injury, do not play software titles that contain the vibration function using the DUALSHOCK™3 Wireless Controller unless you have set the vibration function to [Off].
</Text>
	<Text name="msg_health_warning_detail_scea_11">・Avoid prolonged use of the DUALSHOCK™3 Wireless Controller. Take a break at about 30-minute intervals.
・Note that some software titles set the vibration function to [On] by default. To disable the vibration function, press the PS button of the controller, and then select [Controller Settings]→ [Vibration Function]→[Off].



</Text>
	<Text name="msg_health_warning_detail_scea_12">・Use in a well-lit area and keep as far away as possible from the television screen.
・Avoid prolonged use of the PS3™ system and wireless controller.
</Text>
	<Text name="msg_health_warning_detail_scea_13">・Stop using the system immediately if you begin to feel tired or if you experience discomfort or pain in your hands or arms while operating the wireless controller. If the condition persists, consult a doctor.
</Text>
	<Text name="msg_health_warning_detail_scea_14">・If you experience any of the following health problems, discontinue use of the system immediately. If symptoms persist, consult with your doctor.
- Dizziness, nausea, fatigue or symptoms similar to motion sickness
- Discomfort or pain in a part of the body, such as eyes, ears, hands or arms</Text>
	<Text name="msg_health_warning_detail_scej_1">光の刺激によって引き起こされる発作について

</Text>
	<Text name="msg_health_warning_detail_scej_2">点滅を繰り返す画面や、その他の光の刺激によって、まれに、目の痛み、視覚異常、偏頭痛、けいれんや意識障害（失神など）などの症状（光感受性発作）が起きることがあります。こうした症状のある方は、事前に必ず医師に相談してください。

</Text>
	<Text name="msg_health_warning_detail_scej_3">こんなときはすぐに使用を中止する
</Text>
	<Text name="msg_health_warning_detail_scej_4"><![CDATA[上記の症状に加え、頭痛、めまい、吐き気、疲労感、乗り物酔いに似た症状などを感じたときや、目、耳、手、腕、足など、身体の一部に不快感や痛みを感じたときは、すぐに使用を中止してください。使用を中止しても治らないときは、医師の診察を受けてください。



]]></Text>
	<Text name="msg_health_warning_detail_scej_5">3D映像、3D立体視ゲームについて

</Text>
	<Text name="msg_health_warning_detail_scej_6">3D映像の視聴中や3D対応テレビでの3D立体視ゲームのプレイ中に、目の疲労、気分が悪くなるなどの不快な症状が出ることがあります。不快な症状が出たときは、直ちにテレビのご利用を中止し、回復するまでご利用をお控えください。
3D映像を視聴したり、3D立体視ゲームをプレイしたりするときは、定期的に休憩をとることをおすすめします。必要な休憩の長さや頻度は個人によって異なりますので、ご自身でご判断ください。不快な症状が回復するまで、十分に休憩をとってください。もし症状が続く場合は、医師にご相談ください。
</Text>
	<Text name="msg_health_warning_detail_scej_7"><![CDATA[なお、お子さま(特に6歳未満の子)の視覚は発達段階にあります。お子さまが3D映像を視聴したり、3D立体視ゲームをプレイしたりする前に、小児科や眼科などの医師にご相談いただくことをおすすめします。大人のかたは、お子さまが上記注意点を守るよう監督してください。
最新情報については、ホームページ(http://www.jp.playstation.com/support/)をご覧ください。



]]></Text>
	<Text name="msg_health_warning_detail_scej_8">コントローラの振動機能に対応したソフトウェアについて

</Text>
	<Text name="msg_health_warning_detail_scej_9">振動障害のある方は、バイブレーション（振動）機能を使用しないでください。



</Text>
	<Text name="msg_health_warning_detail_scej_10">・使用するときは部屋を明るくし、できるだけ画面から離れてください。
・疲れているときや睡眠不足のときは、使用を避けてください。
</Text>
	<Text name="msg_health_warning_detail_scej_11">・使用するときは健康のため、1時間ごとに15分程度の休憩を取ってください。
・使用中に体調が悪くなったら、すぐに使用をやめてください。</Text>
	<Text name="msg_health_warning_detail_sceasia_1">Photosensitivity/Epilepsy/Seizures

</Text>
	<Text name="msg_health_warning_detail_sceasia_2">A very small percentage of individuals may experience epileptic seizures or blackouts when exposed to certain light patterns or flashing lights. Exposure to certain patterns or backgrounds on a television screen or when playing video games may trigger epileptic seizures or blackouts in these individuals. These conditions may trigger previously undetected epileptic symptoms or seizures in persons who have no history of prior seizures or epilepsy. If you, or anyone in your family, has an epileptic condition or has had seizures of any kind, consult your physician before playing.

</Text>
	<Text name="msg_health_warning_detail_sceasia_3">IMMEDIATELY DISCONTINUE use and consult your physician before resuming gameplay if you or your child experience any of the following health problems or symptoms:
・dizziness,
・altered vision,
・eye or muscle twitches,
・loss of awareness,
・disorientation,
・seizures, or
・any involuntary movement or convulsion.
RESUME GAMEPLAY ONLY ON APPROVAL OF YOUR PHYSICIAN.

</Text>
	<Text name="msg_health_warning_detail_sceasia_4">Use and handling of video games to reduce the likelihood of a seizure
・Use in a well-lit area and keep as far away as possible from the television screen.
・Avoid large screen televisions. Use the smallest television screen available.
・Avoid prolonged use of the PS3™ system. Take a 15-minute break during each hour of play.
・Avoid playing when you are tired or need sleep.



</Text>
	<Text name="msg_health_warning_detail_sceasia_5">3D images

</Text>
	<Text name="msg_health_warning_detail_sceasia_6">Some people may experience discomfort (such as eye strain, eye fatigue, or nausea) while watching 3D video images or playing stereoscopic 3D games on 3D televisions. If you experience such discomfort you should immediately discontinue use of your television until the discomfort subsides.
</Text>
	<Text name="msg_health_warning_detail_sceasia_7">SCE recommends that all viewers take regular breaks while watching 3D video, or playing stereoscopic 3D games. The length and frequency of necessary breaks may vary from person to person - please take breaks that are long enough to allow any feelings of discomfort to subside. If symptoms persist, consult your physician.
</Text>
	<Text name="msg_health_warning_detail_sceasia_8">The vision of young children (especially those under six years old) is still under development. SCE recommends that you consult with physician (such as a pediatrician or eye doctor) before allowing a young child to watch 3D video images or play stereoscopic 3D games. When using any 3D enabled device with your PlayStation®3 system you should read the instruction manual for that device.



</Text>
	<Text name="msg_health_warning_detail_sceasia_9">Notes on safety when using the DUALSHOCK™3 Wireless Controller

</Text>
	<Text name="msg_health_warning_detail_sceasia_10">・Stop using the system immediately if you begin to feel tired or if you experience discomfort or pain in your hands or arms while operating the DUALSHOCK™3 wireless controller. If the condition persists, consult a doctor.
・The vibration function of the DUALSHOCK™3 wireless controller can aggravate injuries. Do not use the vibration function if you have any ailment or injury to the bones, joints or muscles of your hands or arms. If you have an ailment or an injury, do not play such titles using the DUALSHOCK™3 wireless controller unless you have set the vibration function to [Off].
</Text>
	<Text name="msg_health_warning_detail_sceasia_11">・Avoid prolonged use of the DUALSHOCK™3 wireless controller. Take a break at about 30-minute intervals.
・Note that some software titles set the vibration function to [On] by default. To disable the vibration function, press the PS button of the controller, and then select [Controller Settings]→[Vibration Function]→[Off].



</Text>
	<Text name="msg_health_warning_detail_sceasia_12">・Use in a well-lit area and keep a safe distance from the TV screen.
・Avoid prolonged use of the PS3™ system. Take a 15-minute break during each hour of play.
・Avoid playing when you are tired or need sleep.
</Text>
	<Text name="msg_health_warning_detail_sceasia_13">・Stop using the system immediately if you begin to feel tired or if you experience discomfort or pain in your hands or arms while operating the wireless controller If the condition persists, consult a doctor.
</Text>
	<Text name="msg_health_warning_detail_sceasia_14">・If you experience any of the following health problems, discontinue use of the system immediately. If symptoms persist, consult with your physician.
- Dizziness, nausea, fatigue or symptoms similar to motion sickness
- Discomfort or pain in a part of the body, such as eyes, ears, hands or arms</Text>
</TextLang>
