﻿<?xml version="1.0" encoding="utf-8"?>
<!-- This XML was generated by Rcomage v1.1.1 -->
<TextLang>
	<Text name="msg_psmove_notice">Aviso de segurança do PlayStation®Move</Text>
	<Text name="msg_when_use_content_on_vita_hint">Se for usar esse conteúdo em um sistema PS Vita, inicie o [Gerenciador de conteúdo] no sistema PS Vita e, em seguida, copie o conteúdo para o sistema PS Vita.</Text>
	<Text name="msg_size">Tamanho</Text>
	<Text name="msg_setting">Configurações</Text>
	<Text name="msg_photo">Foto</Text>
	<Text name="msg_music">Música</Text>
	<Text name="msg_video">Vídeo</Text>
	<Text name="msg_game">Jogo</Text>
	<Text name="msg_net">Rede</Text>
	<Text name="msg_friend">Amigos</Text>
	<Text name="msg_user">Usuários</Text>
	<Text name="msg_login">Fazer login</Text>
	<Text name="msg_tv">TV</Text>
	<Text name="msg_tv_video_service">Serviços de TV/Vídeo</Text>
	<Text name="msg_psn">PSN</Text>
	<Text name="msg_power_off_console2">Desativar sistema</Text>
	<Text name="msg_photo_gallery">Photo Gallery</Text>
	<Text name="msg_untitled">Desconhecido</Text>
	<Text name="msg_new_vmc">Criar novo Memory Card interno</Text>
	<Text name="msg_signup">Inscreva-se</Text>
	<Text name="msg_playstation_home">PlayStation®Home</Text>
	<Text name="msg_start_new_chat2">Iniciar novo bate-papo</Text>
	<Text name="msg_ms">Memory Stick™</Text>
	<Text name="msg_sd">Cartão SD</Text>
	<Text name="msg_cf">CompactFlash®</Text>
	<Text name="msg_bd_rom">BD-ROM</Text>
	<Text name="msg_bd_r">BD-R</Text>
	<Text name="msg_bd_re">BD-RE</Text>
	<Text name="msg_dvdr">DVD-R</Text>
	<Text name="msg_dvdplusr">DVD+R</Text>
	<Text name="msg_dvdrw">DVD-RW</Text>
	<Text name="msg_dvdplusrw">DVD+RW</Text>
	<Text name="msg_dvdrom">DVD-ROM</Text>
	<Text name="msg_dvdvideo">DVD Video</Text>
	<Text name="msg_dvdvr">DVD-VR</Text>
	<Text name="msg_dvdplusvr">DVD+VR</Text>
	<Text name="msg_avchd">AVCHD</Text>
	<Text name="msg_avcrec">AVCREC</Text>
	<Text name="msg_bdmv">BDMV</Text>
	<Text name="msg_bdav">BDAV</Text>
	<Text name="msg_cdaudio">CD de áudio</Text>
	<Text name="msg_cddata">Disco de dados</Text>
	<Text name="msg_sacd">Super Audio CD</Text>
	<Text name="msg_mc_ps1">Memory Card (PS)</Text>
	<Text name="msg_mc_ps2">Memory Card (PS2)</Text>
	<Text name="msg_disc">Disco</Text>
	<Text name="msg_dsd_disc">Disco DSD</Text>
	<Text name="msg_psp">PSP™ (PlayStation®Portable)</Text>
	<Text name="msg_psp_bracket">PSP™ (PlayStation®Portable) %1</Text>
	<Text name="msg_vita_abbreviated">Sistema PS Vita</Text>
	<Text name="msg_psp_name">Apelido</Text>
	<Text name="msg_usb">Dispositivo USB</Text>
	<Text name="msg_usb_id">Dispositivo USB (%1)</Text>
	<Text name="msg_digitalcamera">Câmera digital</Text>
	<Text name="msg_digitalcamera_id">Câmera digital (%1)</Text>
	<Text name="msg_walkman">ATRAC Audio Device</Text>
	<Text name="msg_walkman_id">ATRAC Audio Device (%1)</Text>
	<Text name="msg_cancel">Cancelar</Text>
	<Text name="msg_ok">OK</Text>
	<Text name="msg_fix">OK</Text>
	<Text name="msg_yes">Sim</Text>
	<Text name="msg_no">Não</Text>
	<Text name="msg_on">Ativado</Text>
	<Text name="msg_off">Desativado</Text>
	<Text name="msg_nrml">Normal</Text>
	<Text name="msg_normal">Normal</Text>
	<Text name="msg_plus1">+1</Text>
	<Text name="msg_plus2">+2</Text>
	<Text name="msg_plus3">+3</Text>
	<Text name="msg_plus4">+4</Text>
	<Text name="msg_minus1">-1</Text>
	<Text name="msg_minus2">-2</Text>
	<Text name="msg_minus3">-3</Text>
	<Text name="msg_minus4">-4</Text>
	<Text name="msg_1">1</Text>
	<Text name="msg_2">2</Text>
	<Text name="msg_3">3</Text>
	<Text name="msg_4">4</Text>
	<Text name="msg_5">5</Text>
	<Text name="msg_percent">%1%%</Text>
	<Text name="msg_image_count_value">%1 imagem</Text>
	<Text name="msg_images_count_value">%1 imagens</Text>
	<Text name="msg_track_count_value">%1 faixa</Text>
	<Text name="msg_tracks_count_value">%1 faixas</Text>
	<Text name="msg_title_count_value">%1 título</Text>
	<Text name="msg_titles_count_value">%1 títulos</Text>
	<Text name="msg_savedata_count_value">%1 gravação</Text>
	<Text name="msg_savedatas_count_value">%1 gravações</Text>
	<Text name="msg_time_num1">%1:%2:%3</Text>
	<Text name="msg_time_num2">%1:%2'%3''</Text>
	<Text name="msg_time_num3">%1'%2''</Text>
	<Text name="msg_datetime_num1">%1/%2/%3  %4:%5</Text>
	<Text name="msg_am">AM</Text>
	<Text name="msg_pm">PM</Text>
	<Text name="msg_time_hour_num2">%1:%2'</Text>
	<Text name="msg_day_plural">%1 dias</Text>
	<Text name="msg_sort">Classificar por</Text>
	<Text name="msg_importeddate_f">Data da importação ▲</Text>
	<Text name="msg_importeddate_r">Data da importação ▼</Text>
	<Text name="msg_shootdate_f">Data da filmagem ▲</Text>
	<Text name="msg_shootdate_r">Data da filmagem ▼</Text>
	<Text name="msg_sale_year_f">Ano de lançamento ▲</Text>
	<Text name="msg_sale_year_r">Ano de lançamento ▼</Text>
	<Text name="msg_created_date_time_f">Data de criação ▲</Text>
	<Text name="msg_created_date_time_r">Data de criação ▼</Text>
	<Text name="msg_updated_date_f">Data da atualização ▲</Text>
	<Text name="msg_updated_date_r">Data da atualização ▼</Text>
	<Text name="msg_format_f">Formato</Text>
	<Text name="msg_imagename_f">Nome da imagem</Text>
	<Text name="msg_albumname_f">Nome do álbum</Text>
	<Text name="msg_genre_f">Nome do gênero</Text>
	<Text name="msg_artist_f">Nome do artista</Text>
	<Text name="msg_track_f">Nome da faixa</Text>
	<Text name="msg_title_f">Nome do título</Text>
	<Text name="msg_subtitle_f">Subtítulo</Text>
	<Text name="msg_start_date_f">Jogados recentemente</Text>
	<Text name="msg_folder_class">Conteúdo de grupo</Text>
	<Text name="msg_all">Tudo</Text>
	<Text name="msg_year_folder">Por ano</Text>
	<Text name="msg_month_folder">Por mês</Text>
	<Text name="msg_album_folder">Por álbum</Text>
	<Text name="msg_genre_folder">Por gênero</Text>
	<Text name="msg_artist_folder">Por artista</Text>
	<Text name="msg_sale_year_folder">Por ano de lançamento</Text>
	<Text name="msg_track_folder">Por faixa</Text>
	<Text name="msg_title_folder">Por título</Text>
	<Text name="msg_format_folder">Por formato</Text>
	<Text name="msg_copy">Copiar</Text>
	<Text name="msg_copy_plural">Copiar vários</Text>
	<Text name="msg_del">Excluir</Text>
	<Text name="msg_del_plural">Excluir vários</Text>
	<Text name="msg_slideshow">Apresentação de slides</Text>
	<Text name="msg_display_all">Mostrar tudo</Text>
	<Text name="msg_cddbdata_get">Obter informações do CD</Text>
	<Text name="msg_import">Importar</Text>
	<Text name="msg_titlelist">Lista de títulos</Text>
	<Text name="msg_play">Reproduzir</Text>
	<Text name="msg_play_begin">Reproduzir do início</Text>
	<Text name="msg_smove">Mover</Text>
	<Text name="msg_disc_eject">Remover disco</Text>
	<Text name="msg_info">Informações</Text>
	<Text name="msg_repeat">Repetir</Text>
	<Text name="msg_shuffle">Aleatório</Text>
	<Text name="msg_pause">Pausar</Text>
	<Text name="msg_display">Exibir</Text>
	<Text name="msg_volume_control">Controle de volume</Text>
	<Text name="msg_plus">+</Text>
	<Text name="msg_minus">-</Text>
	<Text name="msg_slideshow_with_icon">Apresentação de slides </Text>
	<Text name="msg_fix_with_icon">OK </Text>
	<Text name="msg_folder_class_with_icon">Conteúdo de grupo </Text>
	<Text name="msg_option_with_icon">: Opções</Text>
	<Text name="msg_help_start">: Iniciar</Text>
	<Text name="msg_copy_psplus_with_icon">Copiar </Text>
	<Text name="msg_copy_plural_psplus_with_icon">Copiar vários </Text>
	<Text name="msg_savedata_auto_upload_psplus_with_icon">Upload automático de dados salvos </Text>
	<Text name="msg_icon_start"></Text>
	<Text name="msg_info_none">-</Text>
	<Text name="msg_format">Formato</Text>
	<Text name="msg_space">Espaço livre</Text>
	<Text name="msg_shoot_date">Filmado</Text>
	<Text name="msg_updated_date">Atualizado</Text>
	<Text name="msg_corrupted_data">Dados corrompidos</Text>
	<Text name="msg_unsupported_data">Dados incompatíveis</Text>
	<Text name="msg_folder">Pasta</Text>
	<Text name="msg_resolution">Resolução</Text>
	<Text name="msg_multiply">%1 x %2</Text>
	<Text name="msg_image">Imagem</Text>
	<Text name="msg_image_count">Imagens</Text>
	<Text name="msg_camera">Dispositivo de filmagem</Text>
	<Text name="msg_album">Álbum</Text>
	<Text name="msg_genre">Gênero</Text>
	<Text name="msg_artist">Artista</Text>
	<Text name="msg_imported_size">Tamanho após a importação</Text>
	<Text name="msg_size_counting">Contando...</Text>
	<Text name="msg_sale_year">Lançamento</Text>
	<Text name="msg_play_time">Duração</Text>
	<Text name="msg_comment">Comentário</Text>
	<Text name="msg_samplingfrequency">Frequência de amostra</Text>
	<Text name="msg_disc_number">Número do disco</Text>
	<Text name="msg_track_count">Faixas</Text>
	<Text name="msg_track_number">Número da faixa</Text>
	<Text name="msg_track">Faixa</Text>
	<Text name="msg_bpm">BPM</Text>
	<Text name="msg_codec">Codec</Text>
	<Text name="msg_lastplay_datetime">Última reprodução</Text>
	<Text name="msg_ch">Canal</Text>
	<Text name="msg_various_artists">Vários artistas</Text>
	<Text name="msg_imported_date">Importado</Text>
	<Text name="msg_created_date">Filmado</Text>
	<Text name="msg_start_date">Inicia</Text>
	<Text name="msg_expiration_date">Expira</Text>
	<Text name="msg_remaining_time">Horas restantes</Text>
	<Text name="msg_play_count">Quantidade de reproduções</Text>
	<Text name="msg_file_number">Número do arquivo</Text>
	<Text name="msg_title">Título</Text>
	<Text name="msg_subtitle">Subtítulo</Text>
	<Text name="msg_disc_type">Tipo de disco</Text>
	<Text name="msg_disc_protect">Bloqueio por senha</Text>
	<Text name="msg_title_count">Títulos</Text>
	<Text name="msg_video_codec">Codec de vídeo</Text>
	<Text name="msg_audio_codec">Codec de áudio</Text>
	<Text name="msg_file_type">Tipo de arquivo</Text>
	<Text name="msg_mediaserver">Servidor de multimídia</Text>
	<Text name="msg_dlna_date_time">Data e hora</Text>
	<Text name="msg_produced_date">Produzido</Text>
	<Text name="msg_info_valid_from">Inicia</Text>
	<Text name="msg_info_valid_to">Expira</Text>
	<Text name="msg_magicgate">MagicGate™</Text>
	<Text name="msg_mg_supported">Compatível</Text>
	<Text name="msg_mg_not_supported">Não compatível</Text>
	<Text name="msg_info_unknown">Desconhecido</Text>
	<Text name="msg_savedata_count">Gravações</Text>
	<Text name="msg_model">Modelo</Text>
	<Text name="msg_can_play_only_for_variable_hours">(Observe que o conteúdo só pode ser usado dentro de %1 horas após a primeira reprodução.)</Text>
	<Text name="msg_can_play_only_for_variable_hours_game">(Observe que o conteúdo só pode ser usado dentro de %1 minutos após a primeira inicialização.)</Text>
	<Text name="msg_video_description">Descrição</Text>
	<Text name="msg_copyright">Direitos autorais Informações</Text>
	<Text name="msg_owner">Comprador</Text>
	<Text name="msg_all_use_content_delete_cannot_use">Esse conteúdo pode ser usado por outros usuários, não só os compradores do conteúdo. Entretanto, se todos os compradores forem excluídos, você não poderá mais usar o conteúdo.</Text>
	<Text name="msg_need_save_psn_pw_other_owner_use_content">Esse conteúdo pode ser usado por outros usuários, não só os compradores do conteúdo. Entretanto, a senha da Sony Entertainment Network do comprador deve estar salva no sistema para que outros usuários usem o conteúdo.</Text>
	<Text name="msg_jpeg">JPEG</Text>
	<Text name="msg_gif">GIF</Text>
	<Text name="msg_png">PNG</Text>
	<Text name="msg_tiff">TIFF</Text>
	<Text name="msg_bmp">BMP</Text>
	<Text name="msg_mpo">MPO (MP Format)</Text>
	<Text name="msg_aac_kbps">AAC %1 kbps</Text>
	<Text name="msg_mp3_kpbs">MP3 %1 kbps</Text>
	<Text name="msg_atrac_kbps">ATRAC %1 kbps</Text>
	<Text name="msg_wma_kbps">WMA %1 kbps</Text>
	<Text name="msg_lpcm_bit_ch">PCM linear  %1 Bit  %2 canais</Text>
	<Text name="msg_non_lpcm">PCM não-linear %1 kbps</Text>
	<Text name="msg_dsd_ch">DSD %1 canais</Text>
	<Text name="msg_dolby">Dolby Digital</Text>
	<Text name="msg_mpeg1">MPEG-1</Text>
	<Text name="msg_mpeg2">MPEG-2</Text>
	<Text name="msg_mpeg2_ts">MPEG-2 TS</Text>
	<Text name="msg_mpeg4">MPEG-4</Text>
	<Text name="msg_mpeg_layer1">MPEG Layer 1</Text>
	<Text name="msg_mpeg_layer2">MPEG Layer 2</Text>
	<Text name="msg_mpeg_layer3">MPEG Layer 3</Text>
	<Text name="msg_avc">AVC</Text>
	<Text name="msg_motion_jpeg">Motion JPEG</Text>
	<Text name="msg_divx">DivX®</Text>
	<Text name="msg_wmv">VC-1 (WMV)</Text>
	<Text name="msg_mpeg1_mbps">MPEG-1 %1 Mbps</Text>
	<Text name="msg_mpeg2_mbps">MPEG-2 %1 Mbps</Text>
	<Text name="msg_mpeg2_ts_mbps">MPEG-2 TS %1 Mbps</Text>
	<Text name="msg_mpeg4_mbps">MPEG-4 %1 Mbps</Text>
	<Text name="msg_avc_kbps">AVC %1 kbps</Text>
	<Text name="msg_khz">%1 kHz</Text>
	<Text name="msg_kbps">%1 kbps</Text>
	<Text name="msg_mbps">%1 Mbps</Text>
	<Text name="msg_ch_2">2 canais</Text>
	<Text name="msg_multi_ch">Multicanal</Text>
	<Text name="msg_power_off_console">Desligar o sistema</Text>
	<Text name="msg_turnoff_system_ask">Deseja desligar o sistema?</Text>
	<Text name="msg_after_background_download_auto_turn_off">Desligar o sistema automaticamente após o download em segundo plano terminar</Text>
	<Text name="msg_slot_assign">Atribuir compartimentos</Text>
	<Text name="msg_slot1">Compartimento 1</Text>
	<Text name="msg_slot2">Compartimento 2</Text>
	<Text name="msg_eject">Remover</Text>
	<Text name="msg_user_name">Nome de usuário</Text>
	<Text name="msg_need_quit_to_operate_ask">Para realizar essa operação, você deve sair de [%1].
Deseja sair desse software agora?</Text>
	<Text name="msg_error_hdd_full_perform_operation">Não há espaço livre suficiente no armazenamento do sistema.
Para realizar essa operação, é necessário ter pelo menos mais %1 de espaço livre.</Text>
	<Text name="msg_content_already_copied">Esse conteúdo pode já ter sido copiado.</Text>
	<Text name="msg_save_newly">Salvar novo</Text>
	<Text name="msg_original_content">Conteúdo existente</Text>
	<Text name="msg_new_content">Novo conteúdo</Text>
	<Text name="msg_save_destination_select">Selecione o destino.</Text>
	<Text name="msg_error_no_storagemedia">Conecte uma mídia de armazenamento no destino de gravação.</Text>
	<Text name="msg_ps3_photo">Armazenamento do sistema (foto)</Text>
	<Text name="msg_ps3_video">Armazenamento do sistema (vídeo)</Text>
	<Text name="msg_ps3_music">Armazenamento do sistema (música)</Text>
	<Text name="msg_folder_name">Nome da pasta</Text>
	<Text name="msg_same_name_file">Já há um arquivo salvo com o mesmo nome no destino de gravação.</Text>
	<Text name="msg_different_name_save">Renomear e salvar</Text>
	<Text name="msg_overwrite_save">Substituir e salvar</Text>
	<Text name="msg_save_no">Não salvar</Text>
	<Text name="msg_save_yes">Salvar</Text>
	<Text name="msg_apply_all">Aplicar a todos</Text>
	<Text name="msg_select_all">Selecionar tudo</Text>
	<Text name="msg_deselect_all">Limpar tudo</Text>
	<Text name="msg_copying">Copiando...
Aguarde.</Text>
	<Text name="msg_copied">Cópia concluída.</Text>
	<Text name="msg_copy_incomplete_ms_ask">Não há espaço livre suficiente no Memory Stick™. A operação de cópia pode não ser concluída com êxito.
Deseja continuar?</Text>
	<Text name="msg_copy_incomplete_sd_ask">Não há espaço livre suficiente no cartão SD. A operação de cópia pode não ser concluída com êxito.
Deseja continuar?</Text>
	<Text name="msg_copy_incomplete_cf_ask">Não há espaço livre suficiente no CompactFlash®. A operação de cópia pode não ser concluída com êxito.
Deseja continuar?</Text>
	<Text name="msg_copy_incomplete_usb_ask">Não há espaço livre suficiente no dispositivo USB. A operação de cópia pode não ser concluída com êxito.
Deseja continuar?</Text>
	<Text name="msg_copy_incomplete_hdd_ask">Não há espaço livre suficiente no armazenamento do sistema. A operação de cópia pode não ser concluída com êxito.
Deseja continuar?</Text>
	<Text name="msg_copy_incomplete">Não há espaço livre suficiente. A operação de cópia não foi concluída.</Text>
	<Text name="msg_completed_count">Concluído</Text>
	<Text name="msg_copy_cancel_ask">Deseja cancelar a operação de cópia?</Text>
	<Text name="msg_error_content_over_copy">O número máximo de itens de conteúdo que podem ser salvos foi atingido. A operação de cópia não foi concluída.</Text>
	<Text name="msg_copied_delete_content_saved_ps3_ask">Cópia concluída.
Deseja excluir o conteúdo existente que está salvo no sistema PS3™?</Text>
	<Text name="msg_sure_to_delete_ask">Tem certeza de que deseja excluir?</Text>
	<Text name="msg_deleting">Excluindo...
Aguarde.</Text>
	<Text name="msg_deleted">Exclusão concluída.</Text>
	<Text name="msg_cannot_delete_folder_on_this_system">Não é possível excluir a pasta usando esse sistema.</Text>
	<Text name="msg_change_upfolder">Mover para a pasta acima</Text>
	<Text name="msg_create_newfolder">Criar nova pasta</Text>
	<Text name="msg_folder_name_new">Nova pasta %1</Text>
	<Text name="msg_error_no_folder">Não há nenhuma pasta.</Text>
	<Text name="msg_wait">Aguarde...</Text>
	<Text name="msg_error">Ocorreu um erro.</Text>
	<Text name="msg_error_corrupted_data">Os dados estão corrompidos.</Text>
	<Text name="msg_error_unsupported_data">O tipo dos dados não é aceito.</Text>
	<Text name="msg_error_copy">Ocorreu um erro durante a operação de cópia.</Text>
	<Text name="msg_error_del">Ocorreu um erro durante a operação de exclusão.</Text>
	<Text name="msg_error_no_name">Nenhum nome foi inserido.
Insira um nome com pelo menos 1 caractere.</Text>
	<Text name="msg_error_ms_full">Não há espaço livre suficiente no Memory Stick™.</Text>
	<Text name="msg_error_ms_locked">O Memory Stick™ está bloqueado.</Text>
	<Text name="msg_error_ms_no_access">Não é possível acessar o Memory Stick™.</Text>
	<Text name="msg_error_ms_no_read">Não é possível ler o Memory Stick™.</Text>
	<Text name="msg_error_no_ms">Não há Memory Stick™ inserido.</Text>
	<Text name="msg_error_sd_full">Não há espaço livre suficiente no cartão SD.</Text>
	<Text name="msg_error_sd_locked">O cartão SD está bloqueado.</Text>
	<Text name="msg_error_sd_no_access">Não é possível acessar o cartão SD.</Text>
	<Text name="msg_error_sd_no_read">Não é possível ler o cartão SD.</Text>
	<Text name="msg_error_no_sd">Não há nenhum cartão SD inserido.</Text>
	<Text name="msg_error_cf_full">Não há espaço livre suficiente no CompactFlash®.</Text>
	<Text name="msg_error_cf_locked">O CompactFlash® está bloqueado.</Text>
	<Text name="msg_error_cf_no_access">Não é possível acessar o CompactFlash®.</Text>
	<Text name="msg_error_cf_no_read">Não é possível ler o CompactFlash®.</Text>
	<Text name="msg_error_no_cf">Não há CompactFlash® inserido.</Text>
	<Text name="msg_error_usb_full">Não há espaço livre suficiente no dispositivo USB.</Text>
	<Text name="msg_error_usb_locked">O dispositivo USB está bloqueado.</Text>
	<Text name="msg_error_usb_no_access">Não é possível acessar o dispositivo USB.</Text>
	<Text name="msg_error_usb_no_read">Não é possível ler o dispositivo USB.</Text>
	<Text name="msg_error_no_usb">Não há dispositivo USB inserido.</Text>
	<Text name="msg_error_hdd_full">Não há espaço livre suficiente no armazenamento do sistema.</Text>
	<Text name="msg_error_hdd_no_access">Não é possível acessar o armazenamento do sistema.</Text>
	<Text name="msg_error_no_signin">Você deve iniciar uma sessão na PSN.</Text>
	<Text name="msg_error_no_signup">Você deve inscrever-se na Sony Entertainment Network.</Text>
	<Text name="msg_icon_image_select">Selecione uma imagem para usar como ícone.</Text>
	<Text name="msg_icon_change_albumtrack_ask1">Os ícones de todas as faixas no álbum serão alterados.
Deseja continuar?</Text>
	<Text name="msg_cannot_display_all_mediaserver">Há servidores de mídia demais.
Alguns servidores de mídia não serão mostrados.</Text>
	<Text name="msg_scan_mediaserver">Pesquisar servidores de mídia</Text>
	<Text name="msg_not_allowed_access_confirm_pls">O acesso ao servidor de mídia não é permitido. É possível que o nome desse sistema PS3™, "%1", não tenha sido registrado.
Verifique as configurações do servidor de mídia.</Text>
	<Text name="msg_playlists">Listas de reprodução</Text>
	<Text name="msg_playlist_pane">Lista de reprodução</Text>
	<Text name="msg_create_new_playlist">Criar nova lista de reprodução</Text>
	<Text name="msg_to_add_content_playlist_select_edit">Para adicionar conteúdo a essa lista de reprodução, selecione [Editar] no menu de opções.</Text>
	<Text name="msg_error_cannot_edit_playlist_no_track">Não há nenhuma faixa no armazenamento do sistema. Não é possível editar a lista de reprodução.</Text>
	<Text name="msg_error_cannot_edit_playlist_no_image">Não há nenhuma imagem no armazenamento do sistema. Não é possível editar a lista de reprodução.</Text>
	<Text name="msg_error_same_name_cannot_use">Esse nome já está sendo usado.
Insira outro nome.</Text>
	<Text name="msg_error_no_content">Não há nenhum itens de conteúdo.</Text>
	<Text name="msg_add_to_playlist">Adicionar à lista de reprodução</Text>
	<Text name="msg_add_playlist">Adicionar</Text>
	<Text name="msg_add_all_playlist">Adicionar tudo</Text>
	<Text name="msg_delete_playlist_ask">A lista de reprodução será excluída.
Tem certeza de que deseja continuar?</Text>
	<Text name="msg_error_startdate_video">O conteúdo não fica disponível antes da data de início.</Text>
	<Text name="msg_error_expired_video">O conteúdo expirou e não está mais disponível.</Text>
	<Text name="msg_info_no_time_limit">Não há limite de tempo</Text>
	<Text name="msg_info__expired">Expirado</Text>
	<Text name="msg_expires_on_variable">Expira em %1</Text>
	<Text name="msg_error_timelimited_video"><![CDATA[Esse conteúdo tem um limite de tempo.
Para realizar essa operação, vá até [Configurações] > [Configurações de data e hora] > [Data e hora] e selecione [Definir pela Internet] para ajustar a data e a hora.]]></Text>
	<Text name="msg_can_play_variable_first_play_now_ask">Esse conteúdo só poderá ser reproduzido por %1 horas após a primeira reprodução.
Deseja reproduzi-lo agora?</Text>
	<Text name="msg_del_content_cannot_dl_again_conf_psn">O conteúdo será excluído e não será possível fazer download dele novamente.
Tem certeza de que deseja continuar?</Text>
	<Text name="msg_to_enable_setting_enable_auto_login">As alterações que você fez desabilitaram as seguintes configurações.
%1

Para habilitar essas configurações, você deve definir um usuário para fazer login automaticamente em [Usuários]. Para obter informações sobre como configurar a opção de login automático, consulte o manual online.</Text>
	<Text name="msg_to_enable_setting_enable_auto_signin">As alterações que você fez desabilitaram as seguintes configurações.
%1

Para habilitar essas configurações, você deve definir o início automático de sessão na PSN. Para obter informações sobre como configurar a opção de início automático de sessão, consulte o manual online.</Text>
	<Text name="msg_remoteplay_remote_start"><![CDATA[[Configurações] > [Configurações de uso remoto] > [Início remoto]]]></Text>
	<Text name="msg_console_setting_auto_download"><![CDATA[[Configurações] > [Configurações do sistema] > [Atualização automática]]]></Text>
	<Text name="msg_lang_japan">Japonês</Text>
	<Text name="msg_lang_english">Inglês</Text>
	<Text name="msg_lang_french">Francês</Text>
	<Text name="msg_lang_spanish">Espanhol</Text>
	<Text name="msg_lang_german">Alemão</Text>
	<Text name="msg_lang_italian">Italiano</Text>
	<Text name="msg_lang_dutch">Holandês</Text>
	<Text name="msg_lang_portuguese">Português</Text>
	<Text name="msg_lang_russian">Russo</Text>
	<Text name="msg_lang_polish">Polonês</Text>
	<Text name="msg_lang_finnish">Finlandês</Text>
	<Text name="msg_lang_danish">Dinamarquês</Text>
	<Text name="msg_lang_norwegian">Norueguês</Text>
	<Text name="msg_lang_swedish">Sueco</Text>
	<Text name="msg_lang_turkish">Turco</Text>
	<Text name="msg_lang_korean">Coreano</Text>
	<Text name="msg_lang_chinese_t">Chinês tradicional</Text>
	<Text name="msg_lang_chinese_s">Chinês simplificado</Text>
	<Text name="msg_lpcm">PCM linear</Text>
	<Text name="msg_display_on">Mostrar</Text>
	<Text name="msg_display_off">Não mostrar</Text>
	<Text name="msg_macaddress">Endereço MAC</Text>
	<Text name="msg_ipaddress">Endereço IP</Text>
	<Text name="msg_atrac_not_activated_set_pls"><![CDATA[ATRAC não está habilitado.
Vá até [Configurações] > [Configurações do sistema] e habilite ATRAC.]]></Text>
	<Text name="msg_backup">Fazer backup</Text>
	<Text name="msg_restore">Restaurar</Text>
	<Text name="msg_audio_device_setting">Configurações de dispositivos de áudio</Text>
	<Text name="msg_print">Imprimir</Text>
	<Text name="msg_manufacturer">Fabricante</Text>
	<Text name="msg_10min">Após 10 minutos</Text>
	<Text name="msg_20min">Após 20 minutos</Text>
	<Text name="msg_30min">Após 30 minutos</Text>
	<Text name="msg_remain_time">Tempo restante</Text>
	<Text name="msg_others">Outros</Text>
	<Text name="msg_level_1">Nível 1</Text>
	<Text name="msg_level_2">Nível 2</Text>
	<Text name="msg_level_3">Nível 3</Text>
	<Text name="msg_level_4">Nível 4</Text>
	<Text name="msg_level_5">Nível 5</Text>
	<Text name="msg_level_6">Nível 6</Text>
	<Text name="msg_level_7">Nível 7</Text>
	<Text name="msg_level_8">Nível 8</Text>
	<Text name="msg_level_9">Nível 9</Text>
	<Text name="msg_level_10">Nível 10</Text>
	<Text name="msg_level_11">Nível 11</Text>
	<Text name="msg_gameetc_pc">Controle parental</Text>
	<Text name="msg_netservice">PSN</Text>
	<Text name="msg_error_server_connect_timeout">A conexão ao servidor atingiu o tempo limite.</Text>
	<Text name="msg_cannot_operate_in_demonstration_mode">Essa operação não pode ser usada no modo de demonstração.</Text>
	<Text name="msg_tool_install_file"><![CDATA[★ Install Package Files]]></Text>
	<Text name="msg_tool_app_home_ps3_game"><![CDATA[★ /app_home/PS3_GAME/]]></Text>
	<Text name="msg_tool_title_store_preview">Title Store Preview</Text>
	<Text name="msg_tool_title_store_preview_ingame"><![CDATA[★ Title Store Preview (inGame)]]></Text>
	<Text name="msg_tool_title_store_preview_store"><![CDATA[★ Title Store Preview (Store)]]></Text>
	<Text name="msg_tool_lock"><![CDATA[★ Lock]]></Text>
	<Text name="msg_tool_unlock"><![CDATA[★ Unlock]]></Text>
	<Text name="msg_tool_check"><![CDATA[★ Check]]></Text>
	<Text name="msg_tool_cancel_purchase"><![CDATA[★ Cancel Purchase]]></Text>
	<Text name="msg_tool_del"><![CDATA[★ Delete]]></Text>
	<Text name="msg_tool_import"><![CDATA[★ Import]]></Text>
	<Text name="msg_tool_export"><![CDATA[★ Export]]></Text>
	<Text name="msg_tool_quick_sign_up"><![CDATA[★ Quick Sign Up]]></Text>
	<Text name="msg_tool_performance_bar"><![CDATA[★ Performance Bar]]></Text>
	<Text name="msg_tool_no_memory_limit"><![CDATA[★ No Memory Limit]]></Text>
	<Text name="msg_tool_quick_preview"><![CDATA[★ Quick Preview]]></Text>
	<Text name="msg_tool_owner_info"><![CDATA[★ Owner Information]]></Text>
	<Text name="msg_no_trophy">There are no trophies.</Text>
	<Text name="msg_bdu_software">Software</Text>
	<Text name="msg_digitalcamera_image">Imagens da câmera digital</Text>
	<Text name="msg_del_image_ask">A imagem será excluída.
Tem certeza de que deseja continuar?</Text>
	<Text name="msg_del_images_ask">As imagens selecionadas serão excluídas.
Tem certeza de que deseja continuar?</Text>
	<Text name="msg_del_camerafolder_ask">A pasta e todas as imagens na pasta, incluindo as imagens protegidas, serão excluídas.
Tem certeza de que deseja continuar?</Text>
	<Text name="msg_del_image_protected_ask">A imagem é protegida.
Tem certeza de que deseja excluir a imagem?</Text>
	<Text name="msg_del_imagefolder_ask">A pasta e todas as imagens na pasta serão excluídas.
Tem certeza de que deseja continuar?</Text>
	<Text name="msg_error_del_imagefolder">A exclusão falhou.
A pasta contém dados de outros tipos, que não dados de imagem.</Text>
	<Text name="msg_del_image_select">Selecione as imagens a serem excluídas.</Text>
	<Text name="msg_copy_image_select">Selecione as imagens a serem copiadas.</Text>
	<Text name="msg_error_no_image_copy">Não há nenhuma imagem que possa ser copiada.</Text>
	<Text name="msg_error_no_image">Não há nenhuma imagem.</Text>
	<Text name="msg_mmyyyy_jan">Jan %1</Text>
	<Text name="msg_mmyyyy_feb">Fev %1</Text>
	<Text name="msg_mmyyyy_mar">Mar %1</Text>
	<Text name="msg_mmyyyy_apr">Abr %1</Text>
	<Text name="msg_mmyyyy_may">Mai %1</Text>
	<Text name="msg_mmyyyy_jun">Jun %1</Text>
	<Text name="msg_mmyyyy_jul">Jul %1</Text>
	<Text name="msg_mmyyyy_aug">Ago %1</Text>
	<Text name="msg_mmyyyy_sep">Set %1</Text>
	<Text name="msg_mmyyyy_oct">Out %1</Text>
	<Text name="msg_mmyyyy_nov">Nov %1</Text>
	<Text name="msg_mmyyyy_dec">Dez %1</Text>
	<Text name="msg_yyyy">%1</Text>
	<Text name="msg_slideshow_type1">Slide</Text>
	<Text name="msg_slideshow_type2">Retrato</Text>
	<Text name="msg_slideshow_type3">Álbum de fotos</Text>
	<Text name="msg_slideshow_type4">Álbum de fotos 2</Text>
	<Text name="msg_piccto_explanation">Crie um espaço para curtir e melhorar as suas fotos.
Transforme as suas fotos do sistema PS3™ em álbuns incríveis em minutos.
Você pode classificar as fotos por tema, adicionar música para dar o tom de uma apresentação de slides ou adicionar molduras personalizadas às suas fotos. Quanto mais fotos você tiver, maior será a diversão. As possibilidades são infinitas!</Text>
	<Text name="msg_piccto_explanation_sd">Crie um espaço para curtir e melhorar as suas fotos.
Transforme as suas fotos do sistema PS3™ em álbuns incríveis em minutos.</Text>
	<Text name="msg_cddbdata_getting">Obtendo informações do CD...
Aguarde.</Text>
	<Text name="msg_cddbdata_pluralfound_select">Foram encontrados vários itens de informações do CD.
Selecione o item de informações de CD apropriado.</Text>
	<Text name="msg_cddbdata_send">Enviar informações do CD</Text>
	<Text name="msg_cddbdata_sending">Enviando informações do CD...
Aguarde.</Text>
	<Text name="msg_select_import">Importar várias</Text>
	<Text name="msg_select_import_pls">Selecione as faixas a serem importadas.</Text>
	<Text name="msg_copy_track_select">Selecione as faixas a serem copiadas.</Text>
	<Text name="msg_del_track_protected_ask">Essa faixa é protegida.
Tem certeza de que deseja excluir a faixa?</Text>
	<Text name="msg_del_folder_track_protected_ask">A pasta e todas as faixas na pasta, incluindo as faixas protegidas, serão excluídas.
Tem certeza de que deseja continuar?</Text>
	<Text name="msg_cannot_copy_protected_truck">As faixas protegidas por direitos autorais não serão copiadas.</Text>
	<Text name="msg_copied_except_copyright_protected_track">Cópia concluída.
As faixas protegidas por direitos autorais não foram copiadas.</Text>
	<Text name="msg_del_track_select">Selecione as faixas a serem excluídas.</Text>
	<Text name="msg_del_track_ask">Tem certeza de que deseja excluir a faixa?</Text>
	<Text name="msg_del_tracks_ask">Tem certeza de que deseja excluir as faixas selecionadas?</Text>
	<Text name="msg_del_trackfolder_ask">A pasta e todas as faixas na pasta serão excluídas.
Tem certeza de que deseja continuar?</Text>
	<Text name="msg_error_del_trackfolder_different">Não foi possível excluir a pasta.
A pasta contém dados de outros tipos, que não dados de música.</Text>
	<Text name="msg_importing">Importando...
Aguarde.</Text>
	<Text name="msg_import_cancel_ask">Deseja cancelar a operação de importação?</Text>
	<Text name="msg_imported">Importação concluída.</Text>
	<Text name="msg_error_import">Ocorreu um erro durante a operação de importação.</Text>
	<Text name="msg_error_track_over">O número máximo de faixas que podem ser salvas foi atingido.
A operação de importação foi interrompida.</Text>
	<Text name="msg_error_no_trackfolder_copy">Não há nenhuma faixa que possa ser copiada.</Text>
	<Text name="msg_error_copyright_track">As informações de proteção de direitos autorais são inválidas.</Text>
	<Text name="msg_changedinfo_save_music_ask">Deseja salvar as informações revisadas?
O conteúdo revisado será aplicado a todas as faixas na pasta.</Text>
	<Text name="msg_error_no_track">Não há nenhuma faixa.</Text>
	<Text name="msg_error_no_nexttrack">Não há nenhuma faixa disponível.</Text>
	<Text name="msg_error_no_prevtrack">Não há nenhuma faixa disponível.</Text>
	<Text name="msg_track_number_value">Faixa %1</Text>
	<Text name="msg_digitalcamera_video">Filmes da câmera digital</Text>
	<Text name="msg_psstore_video_offline_explanation_sd">A PlayStation®Store é o único lugar para você alugar ou comprar os filmes mais recentes para os seus sistemas PS3™, PS Vita e PSP™.
Visite a PlayStation®Store hoje.</Text>
	<Text name="msg_psstore_video_offline_explanation_hd">A PlayStation®Store é o único lugar para você alugar ou comprar os filmes mais recentes para os seus sistemas PS3™, PS Vita e PSP™.
Visite a PlayStation®Store hoje.</Text>
	<Text name="msg_error_no_title">Não há nenhum título.</Text>
	<Text name="msg_error_title_over">O número máximo de títulos que podem ser salvos foi atingido.</Text>
	<Text name="msg_copy_title_select">Selecione os títulos a serem copiados.</Text>
	<Text name="msg_copy_titlefolder2">Os títulos protegidos por direitos autorais não serão copiados.</Text>
	<Text name="msg_error_no_title_copy">Não há nenhum título que possa ser copiado.</Text>
	<Text name="msg_error_magicgate_device_required">Um dispositivo USB compatível com os recursos de proteção de direitos autorais é necessário para executar essa operação.</Text>
	<Text name="msg_copied_except_copyright_protected_title">Cópia concluída.
Os títulos protegidos por direitos autorais não foram copiados.</Text>
	<Text name="msg_title_number_value">Título %1</Text>
	<Text name="msg_smove_destination_select">Selecione um destino.</Text>
	<Text name="msg_smoving">Movendo...
Aguarde.</Text>
	<Text name="msg_smove_cancel_ask">Deseja cancelar a operação de mover?</Text>
	<Text name="msg_smoved">Operação concluída.</Text>
	<Text name="msg_error_smove">Ocorreu um erro durante a operação de mover.</Text>
	<Text name="msg_error_move_mspro">Não foi possível concluir a operação de mover.
Para mover esse título, use um Memory Stick PRO™.</Text>
	<Text name="msg_del_title_select">Selecione o título a ser excluído.</Text>
	<Text name="msg_del_title_ask">O título será excluído.
Tem certeza de que deseja continuar?</Text>
	<Text name="msg_del_titles_ask">Os títulos selecionados serão excluídos.
Tem certeza de que deseja continuar?</Text>
	<Text name="msg_del_titlefolder_ask">A pasta e todos os títulos na pasta serão excluídos.
Tem certeza de que deseja continuar?</Text>
	<Text name="msg_del_camerafolder_video_ask">A pasta e todos os títulos na pasta, incluindo os títulos protegidos, serão excluídos.
Tem certeza de que deseja continuar?</Text>
	<Text name="msg_del_title_protected_ask">Esse título é protegido.
Tem certeza de que deseja excluir o título?</Text>
	<Text name="msg_error_del_movie_folder">Não foi possível excluir a pasta.
A pasta contém dados de outros tipos, que não dados de vídeo.</Text>
	<Text name="msg_error_smove_prohibit">Não é possível mover esse título.</Text>
	<Text name="msg_corrupted_copyright">As informações de proteção de direitos autorais estão corrompidas e serão restauradas.</Text>
	<Text name="msg_error_corrupted_copyright">Ocorreu um erro durante a restauração das informações de proteção de direitos autorais.</Text>
	<Text name="msg_error_no_execute">Essa operação não está disponível aqui.</Text>
	<Text name="msg_video_editor_and_upload">Ferramenta de edição e upload de vídeo</Text>
	<Text name="msg_video_editor_explanation">Você pode editar um vídeo, fazer upload dele em um site de compartilhamento de vídeo e convidar os seus amigos para assistir.</Text>
	<Text name="msg_create_new_video">Criar novo vídeo</Text>
	<Text name="msg_del_content_ask">O conteúdo será excluído.
Tem certeza de que deseja continuar?</Text>
	<Text name="msg_error_create_content_number_over">O número máximo de itens de conteúdo que podem ser criados foi atingido.</Text>
	<Text name="msg_backup_data_utility">Utilitário de backup de dados</Text>
	<Text name="msg_bd_data_utility">Utilitário de dados de BDs</Text>
	<Text name="msg_common_cache_data">Dados em cache compartilhados</Text>
	<Text name="msg_bd_data_delete_ask">Os dados dos BDs serão excluídos.
Tem certeza de que deseja continuar?</Text>
	<Text name="msg_service_coming_soon">Esse serviço será disponibilizado em breve.</Text>
	<Text name="msg_service_app_install_folder">Meus canais</Text>
	<Text name="msg_vita_application_utility">Utilitário de aplicativos do sistema PS Vita</Text>
	<Text name="msg_applications_vita">Aplicativos (PS Vita)</Text>
	<Text name="msg_applications_psp_other">Aplicativos (PSP™/outro)</Text>
	<Text name="msg_applications_ps1">Aplicativos (PS)</Text>
	<Text name="msg_applications_psm">Aplicativos (PlayStation®Mobile)</Text>
	<Text name="msg_gamedata_utility">Utilitário de dados de jogo</Text>
	<Text name="msg_savedata_utility_ps3">Utilitário de dados salvos (PS3™)</Text>
	<Text name="msg_savedata_utility_ps2">Utilitário de dados salvos (PS2)</Text>
	<Text name="msg_savedata_utility_minis_psp">Utilitário de Dados Guardados (minis/PSP™)</Text>
	<Text name="msg_savedata_utility_psp_emu_psp">Utilitário de dados salvos (PSP™ Remaster/PSP™)</Text>
	<Text name="msg_savedata_utility_minis_psp_emu_psp">Utilitário de dados salvos (minis/PSP™ Remaster/PSP™)</Text>
	<Text name="msg_memory_card_utility">Utilitário do Memory Card</Text>
	<Text name="msg_content_pc">Conteúdo restrito por controle parental</Text>
	<Text name="msg_ps1_gamedisc">Disco no formato PlayStation®</Text>
	<Text name="msg_ps2_gamedisc">Disco no formato PlayStation®2</Text>
	<Text name="msg_ps2_format_software">Software no formato PlayStation®2</Text>
	<Text name="msg_playstation">PlayStation®</Text>
	<Text name="msg_playstation2">PlayStation®2</Text>
	<Text name="msg_playstation3">PlayStation®3</Text>
	<Text name="msg_minis">minis</Text>
	<Text name="msg_psp_emu">PSP™ Remaster</Text>
	<Text name="msg_pc_engine">PCEngine</Text>
	<Text name="msg_neogeo">NEOGEO</Text>
	<Text name="msg_cannot_start_unless_install_install_ask">Esse jogo não pode ser iniciado, a menos que seja instalado no armazenamento do sistema.
Deseja iniciar a instalação?</Text>
	<Text name="msg_psstore_game_offline_explanation_sd">A PlayStation®Store está repleta de jogos exclusivos, demonstrações GRATUITAS para PS3™, pacotes de expansão e vídeos para download.

Visite a store hoje!</Text>
	<Text name="msg_psstore_game_offline_explanation_hd">Com acesso GRATUITO*, a PlayStation®Store é o único lugar para fazer download de jogos novos e exclusivos para PS3™, demonstrações GRATUITAS para jogar, pacotes de expansão e vídeos em alta definição.

Aproveite o seu PS3™ ao máximo e visite já a PlayStation®Store.

* Requer conexão banda larga à Internet.</Text>
	<Text name="msg_disc_benefit">Benefícios do disco</Text>
	<Text name="msg_select_receive_disc_benefit">Selecione esta opção para receber os benefícios do disco.</Text>
	<Text name="msg_only_for_psp_need_copy_ask">Você pode usar esse conteúdo em um sistema PSP™.
Deseja copiá-lo em um sistema PSP™?</Text>
	<Text name="msg_error_cannot_use_content_download_again_copy_can_use"><![CDATA[Esse conteúdo não está disponível para ser usado.
Inicie uma sessão com a conta usada para comprar esse conteúdo e selecione [Ver downloads] em [PSN] > [PlayStation®Store] para fazer o download do conteúdo novamente.
Para usar esse conteúdo, você deve fazer download e copiá-lo em um dispositivo compatível.]]></Text>
	<Text name="msg_error_cannot_play_ps2_format">Esse modelo do sistema PS3™ não é compatível com o software no formato PlayStation®2.</Text>
	<Text name="msg_error_game_wrong_region">Não é possível iniciar esse software devido a restrições de região.</Text>
	<Text name="msg_error_gamedisc_cannot_start">Não é possível iniciar esse disco.</Text>
	<Text name="msg_error_game_start_failure">Ocorreu um erro durante a operação de inicialização.</Text>
	<Text name="msg_current_systemsoftware_update_ask">A versão do software do seu sistema PS3™ é %1.
Para iniciar, você deve atualizá-lo para a versão %2 ou posterior.
Deseja atualizar agora?</Text>
	<Text name="msg_systemsoftware_update_ask">Você precisará atualizar o software de sistema antes da próxima utilização.</Text>
	<Text name="msg_game_start">Início</Text>
	<Text name="msg_about_game">Sobre esse jogo</Text>
	<Text name="msg_about_game_ps3_content">Library programs ©Sony Computer Entertainment Inc. Licensed for play on the PlayStation®3 Computer Entertainment System or authorized PlayStation®3 format systems. For full terms and conditions see the user's manual. This product is authorized and produced under license from Sony Computer Entertainment Inc. Use is subject to the copyright laws and the terms and conditions of the user's license.</Text>
	<Text name="msg_game_update_history">Histórico de atualizações</Text>
	<Text name="msg_purchase">Comprar</Text>
	<Text name="msg_savedata_auto_upload">Upload automático de dados salvos</Text>
	<Text name="msg_installgame_delete_ask">O jogo instalado será excluído.
Tem certeza de que deseja continuar?</Text>
	<Text name="msg_error_no_savedata">Não há dados salvos.</Text>
	<Text name="msg_info_detail">Detalhes</Text>
	<Text name="msg_protection">Bloquear</Text>
	<Text name="msg_copy_prohibited">Cópia proibida</Text>
	<Text name="msg_error_history_auto_upload">Histórico de erros (upload automático)</Text>
	<Text name="msg_online_storage">Armazenamento online</Text>
	<Text name="msg_online_storage_explanation">Armazena online os dados salvos.
Amplie os seus horizontes de videogames fazendo download dos seus dados salvos no sistema PS3™ de um amigo para continuar o jogo ou fazendo backup dos dados online.</Text>
	<Text name="msg_to_save_data_select_copy_option">Para salvar os dados no armazenamento online, selecione os dados que deseja salvar e selecione [Copiar] no menu de opções.</Text>
	<Text name="msg_save_data_copy_prohibited_upload_explanation">Há limites para a frequência na qual você pode fazer download desses dados salvos do armazenamento online.
Você só pode fazer download %1 horas após o último upload ou download do armazenamento online.
Você pode fazer upload para o armazenamento online a qualquer momento.</Text>
	<Text name="msg_error_online_storage_full">Não há espaço livre suficiente de armazenamento online.
Para copiar, é necessário ter pelo menos mais %1 de espaço.</Text>
	<Text name="msg_error_save_data_copy_prohibited_download">Não é possível fazer download desses dados salvos neste momento.
Você só pode fazer download uma vez a cada %1 horas.

Próximo download disponível:
%2</Text>
	<Text name="msg_vmc_ps1">Memory Card interno (PS)</Text>
	<Text name="msg_vmc_ps2">Memory Card interno (PS2)</Text>
	<Text name="msg_free_space_vmc_ps1">%1 / 120 KB</Text>
	<Text name="msg_free_space_vmc_ps2">%1 / 7998 KB</Text>
	<Text name="msg_category">Tipo</Text>
	<Text name="msg_savedata">Dados salvos</Text>
	<Text name="msg_savedata_ps1">Dados salvos (PlayStation®)</Text>
	<Text name="msg_savedata_ps2">Dados salvos (PlayStation®2)</Text>
	<Text name="msg_application_ps2">Software (PlayStation®2)</Text>
	<Text name="msg_application_pocketstation">Software (PocketStation™)</Text>
	<Text name="msg_setting_file_ps2">Arquivo de configurações (PlayStation®2)</Text>
	<Text name="msg_system_driver_ps2">Driver do sistema (PlayStation®2)</Text>
	<Text name="msg_unknown_data">Desconhecido</Text>
	<Text name="msg_vmc">Memory Card interno</Text>
	<Text name="msg_error_no_vmc">Não há nenhum Memory Card interno.</Text>
	<Text name="msg_free_space_vmc_ps1_w_title">Espaço livre: %1 / 120 KB</Text>
	<Text name="msg_free_space_vmc_ps2_w_title">Espaço livre: %1 / 7998 KB</Text>
	<Text name="msg_pocketstation">PocketStation™</Text>
	<Text name="msg_created_date_time">Criado</Text>
	<Text name="msg_error_mc_no_access">Não é possível acessar o Memory Card.</Text>
	<Text name="msg_error_savedata_cannot_copy">Não é permitido copiar esses dados salvos.</Text>
	<Text name="msg_error_no_gamedata">Não há dados de jogo.</Text>
	<Text name="msg_update_quit_software_update">Os dados de atualização mais recentes foram encontrados.
O sistema encerrará esse software e iniciará a instalação.</Text>
	<Text name="msg_wait_donot_turn_off">Aguarde...
Não desligue o sistema.</Text>
	<Text name="msg_playmode">Modo de reprodução</Text>
	<Text name="msg_play_track_select">Selecione a faixa a ser reproduzida.</Text>
	<Text name="msg_no_data">Não há dados.</Text>
	<Text name="msg_error_service_stop">Esse serviço foi encerrado.</Text>
	<Text name="msg_error_account_service">O uso desse serviço foi suspenso para essa conta.</Text>
	<Text name="msg_browser">Navegador de Internet</Text>
	<Text name="msg_ps3_portal">PlayStation®Store</Text>
	<Text name="msg_psp_connection">Uso remoto</Text>
	<Text name="msg_remoteplay_explanation"><![CDATA[Utilize um dispositivo que aceite uso remoto (como um sistema PS Vita ou PSP™) para operar este sistema em uma rede. Vá até [Configurações] > [Configurações de uso remoto] > [Registrar dispositivo] e registre o dispositivo de uso remoto.]]></Text>
	<Text name="msg_onlinemanual">Manuais de instruções online</Text>
	<Text name="msg_file">Arquivo</Text>
	<Text name="msg_open">Abrir</Text>
	<Text name="msg_internet_search">Pesquisa na Internet</Text>
	<Text name="msg_download_cancel_ask">Deseja cancelar a operação de download?</Text>
	<Text name="msg_error_server_transaction_failure">Ocorreu um erro durante a comunicação com o servidor.</Text>
	<Text name="msg_no_file">Não há arquivo.</Text>
	<Text name="msg_content_not_support_remoteplay">Esse conteúdo não pode ser utilizado durante o uso remoto.</Text>
	<Text name="msg_error_cannot_operate_remoteplay">Essa operação não pode ser realizada durante o uso remoto.</Text>
	<Text name="msg_error_cannot_start_can_play_follow_device">Não é possível iniciar.
Você pode iniciar este conteúdo somente a partir dos seguintes dispositivos durante o uso remoto:</Text>
	<Text name="msg_error_need_update_psp">Você deve atualizar o software do sistema PSP™.
Para obter informações sobre os métodos de atualização, consulte as instruções do sistema PSP™.</Text>
	<Text name="msg_error_no_signup_ask">Você deve inscrever-se na Sony Entertainment Network.
Deseja inscrever-se agora?</Text>
	<Text name="msg_download_control">Gerenciamento de downloads</Text>
	<Text name="msg_no_download_content">Não há nenhum download.</Text>
	<Text name="msg_variable_downloading">%1%% - Fazendo download...</Text>
	<Text name="msg_variable_download_error">%1%% - Erro de download</Text>
	<Text name="msg_variable_download_waiting">%1%% - Pendente</Text>
	<Text name="msg_variable_download_pausing">%1%% - Pausado</Text>
	<Text name="msg_pause_all">Pausar tudo</Text>
	<Text name="msg_resume_all">Retomar tudo</Text>
	<Text name="msg_progress">Status</Text>
	<Text name="msg_resume">Retomar</Text>
	<Text name="msg_download_restart">Retomar download</Text>
	<Text name="msg_download_cancel">Cancelar download</Text>
	<Text name="msg_install">Instalar</Text>
	<Text name="msg_download_content_was_deleted">O conteúdo foi excluído do servidor.</Text>
	<Text name="msg_need_app_software_download_ask">Para usar esse recurso, faça o download do software primeiro.
Deseja fazer o download agora?</Text>
	<Text name="msg_cellbrowser_foldingathome">Folding@home™</Text>
	<Text name="msg_auto_start">Reprodução automática</Text>
	<Text name="msg_title_lwp">Life with PlayStation®</Text>
	<Text name="msg_psstore_explanation_sd">A PlayStation®Store está repleta de jogos exclusivos, demonstrações GRATUITAS para PS3™, pacotes de expansão e vídeos para download.

Visite a store hoje!</Text>
	<Text name="msg_psstore_explanation_hd">Com acesso GRATUITO*, a PlayStation®Store é o único lugar para fazer download de jogos novos e exclusivos para PS3™, demonstrações GRATUITAS para jogar, pacotes de expansão e vídeos em alta definição.

Aproveite o seu PS3™ ao máximo e visite já a PlayStation®Store.

* Requer conexão banda larga à Internet.</Text>
	<Text name="msg_reg_explanation_sd">Curta partidas de jogo online, jogos para download, pacotes de expansão e conteúdo exclusivo GRATUITOS*, bata papo com amigos e compare troféus.
Inscreva-se agora e comece a diversão!
* Requer conexão banda larga à Internet.</Text>
	<Text name="msg_reg_explanation_hd">A PSN é puro entretenimento e interação.
Curta GRATUITAMENTE* partidas de jogo online, jogos novos incríveis para download, pacotes de expansão para muitos dos principais títulos, assista a trailers e consiga conteúdo exclusivo, bata papo com amigos e compare troféus.

Inscreva-se hoje. É fácil e GRATUITO!

* Requer conexão banda larga à Internet.</Text>
	<Text name="msg_account_manage">Gerenciamento da conta</Text>
	<Text name="msg_can_change_psn_account_psstore_setteing">Ajuste as configurações para a sua conta da ou para as compras feitas na PlayStation®Store.</Text>
	<Text name="msg_your_channel">Novidades</Text>
	<Text name="msg_your_channel_offline_explanation_hd">Bem-vindo ao PlayStation®3.
A tela "Novidades" é onde você encontra as últimas notícias e atualizações do PlayStation®, além de ter acesso fácil aos jogos que você jogou mais recentemente.
Para acessar a tela "Novidades", conecte-se à PSN*. A inscrição para este portal com um mundo de entretenimento é grátis. Inscreva-se hoje mesmo!

* Requer conexão banda larga à Internet.</Text>
	<Text name="msg_your_channel_offline_explanation_sd">A tela "Novidades" é onde você encontra as últimas notícias do PlayStation®, além de ter acesso aos jogos que você jogou mais recentemente, bastando conectar-se à PSN*. A inscrição é gratuita e esse será o seu portal para um mundo de diversão!
* Requer conexão banda larga à Internet.</Text>
	<Text name="msg_your_channel_caution_launching_website">Você está abrindo um site da Internet.</Text>
	<Text name="msg_trophy_collection">Coleção de troféus</Text>
	<Text name="msg_trophy_count">Troféus</Text>
	<Text name="msg_gain_date">Conquistado</Text>
	<Text name="msg_no_trophy_explanation">Não há nenhum troféu.
Se você jogar uma partida de um jogo que aceite o recurso de troféu e colecionar troféus, eles serão mostrados aqui.</Text>
	<Text name="msg_compare_trophy">Comparar troféus</Text>
	<Text name="msg_trophy_grade">Grau</Text>
	<Text name="msg_trophy_platinum">Platina</Text>
	<Text name="msg_trophy_gold">Ouro</Text>
	<Text name="msg_trophy_silver">Prata</Text>
	<Text name="msg_trophy_bronze">Bronze</Text>
	<Text name="msg_sync_with_server">Sincronizar com servidor</Text>
	<Text name="msg_switch_mode">Trocar modos</Text>
	<Text name="msg_online_mode">Modo online</Text>
	<Text name="msg_online_mode_trophy_explanation">Modo online
Exibir informações de troféu salvas no servidor.</Text>
	<Text name="msg_offline_mode">Modo offline</Text>
	<Text name="msg_offline_mode_trophy_explanation">Modo offline
Exibir informações de troféu salvas neste sistema.</Text>
	<Text name="msg_trophy_base_addon">Jogo básico/expansão</Text>
	<Text name="msg_hidden_trophy_name">Troféu escondido</Text>
	<Text name="msg_original_f">Ordem original</Text>
	<Text name="msg_trophy_grade_f">Grau</Text>
	<Text name="msg_trophy_earned_f">Data da conquista ▲</Text>
	<Text name="msg_trophy_earned_r">Data da conquista ▼</Text>
	<Text name="msg_privacy_settings">Configurações de privacidade</Text>
	<Text name="msg_ps_plus_psn">PlayStation®Plus</Text>
	<Text name="msg_health_warning_psn">Avisos de saúde</Text>
	<Text name="msg_psp_exclusive_install_ask">Esse conteúdo destina-se exclusivamente para uso com o sistema PSP™.
Deseja instalá-lo no sistema PSP™ agora?</Text>
	<Text name="msg_bonus_digital_copy">Digital Copy</Text>
	<Text name="msg_bonus_digital_copy_explanation">Esse conteúdo pode ser usado após o início da sessão na PSN e a cópia no armazenamento do sistema deste sistema.</Text>
	<Text name="msg_error_service_not_available_region">Esse serviço não está disponível no seu país/região.</Text>
	<Text name="msg_sigining_in2">Iniciando sessão...</Text>
	<Text name="msg_auto_signin_off">Início automático de sessão desativado</Text>
	<Text name="msg_auto_signin">Início automático de sessão</Text>
	<Text name="msg_signout">Finalizar sessão</Text>
	<Text name="msg_error_no_execute_psn_maintenance_partially">Não é possível realizar a operação.
Alguns recursos da Sony Entertainment Network estão em manutenção no momento.</Text>
	<Text name="msg_error_no_player">Nenhum jogador foi encontrado.</Text>
	<Text name="msg_signin">Iniciar sessão</Text>
	<Text name="msg_ignore_list">Lista de bloqueados</Text>
	<Text name="msg_friend_register">Adicionar um amigo</Text>
	<Text name="msg_play_with">Jogadores encontrados</Text>
	<Text name="msg_av_chatroom">Sala de bate-papo de voz/vídeo</Text>
	<Text name="msg_game_chatroom">Sala de bate-papo de jogo</Text>
	<Text name="msg_msg_box">Caixa de mensagens</Text>
	<Text name="msg_last_signin_minute_ago">Última sessão: %1 minutos atrás</Text>
	<Text name="msg_last_signin_hour_ago">Última sessão: %1 horas atrás</Text>
	<Text name="msg_last_signin_day_ago">Última sessão: %1 dias atrás</Text>
	<Text name="msg_last_signin_month_ago">Última sessão: %1 meses atrás</Text>
	<Text name="msg_last_signin_more_than_2year_ago">Última sessão: 2 ou mais anos atrás</Text>
	<Text name="msg_to">Para</Text>
	<Text name="msg_sent">Envio concluído.</Text>
	<Text name="msg_registered">Adição concluída.</Text>
	<Text name="msg_error_registered_number_over">O número máximo de pessoas que podem ser adicionadas foi atingido.</Text>
	<Text name="msg_error_cannot_register_myself">Você não pode se adicionar.</Text>
	<Text name="msg_accept_friend_register_ask">Deseja adicionar como amigo?</Text>
	<Text name="msg_register_request">Pedido de amigo</Text>
	<Text name="msg_asking_to_add">Resposta pendente do seu pedido de amigo.</Text>
	<Text name="msg_asked_to_add">Você recebeu um pedido de amigo.</Text>
	<Text name="msg_msg_list">Lista de mensagens</Text>
	<Text name="msg_start_new_chat">Iniciar novo bate-papo</Text>
	<Text name="msg_new_msg">Criar mensagem</Text>
	<Text name="msg_error_no_msg">Não há nenhuma mensagem.</Text>
	<Text name="msg_status_f">Status</Text>
	<Text name="msg_name_f">Nome</Text>
	<Text name="msg_online_id">ID online</Text>
	<Text name="msg_online_name">Nome online</Text>
	<Text name="msg_about_me">Sobre mim</Text>
	<Text name="msg_my_lang">Meus idiomas</Text>
	<Text name="msg_received_msg_count">Mensagens recebidas</Text>
	<Text name="msg_unread_msg_count">mensagens não lidas</Text>
	<Text name="msg_protect_msg_count">Mensagens protegidas</Text>
	<Text name="msg_sent_msg_count">Mensagens enviadas</Text>
	<Text name="msg_received_msg_count_with_variable">Mensagens recebidas %1</Text>
	<Text name="msg_sent_msg_count_with_variable">Mensagens enviadas %1</Text>
	<Text name="msg_from">De</Text>
	<Text name="msg_received_datetime">Recebido</Text>
	<Text name="msg_sent_datetime">Enviados</Text>
	<Text name="msg_reply_to_friend_register">Responder ao pedido de amigo</Text>
	<Text name="msg_del_addingfriend_ask">Um amigo cuja adição está pendente será excluído.
Se excluir esse amigo, você também será excluído da lista de amigos dele.
Tem certeza de que deseja continuar?</Text>
	<Text name="msg_del_friend_ask">Esse amigo será excluído.
Se excluir esse amigo, você também será excluído da lista de amigos dele.
Tem certeza de que deseja continuar?</Text>
	<Text name="msg_status">Status</Text>
	<Text name="msg_profile">Perfil</Text>
	<Text name="msg_online">Online</Text>
	<Text name="msg_afk">Não disponível</Text>
	<Text name="msg_add_ignore_list">Adicionar à lista de bloqueados</Text>
	<Text name="msg_game_title">Título do jogo</Text>
	<Text name="msg_information">Informações</Text>
	<Text name="msg_played_date_hour">Jogou</Text>
	<Text name="msg_add_ignore_list_ask">Se adicionar essa pessoa à lista de bloqueados, você não receberá mais mensagens dela.
Deseja continuar?</Text>
	<Text name="msg_adding">Adicionando...
Aguarde.</Text>
	<Text name="msg_del_from_ignore_list">Excluir da lista de bloqueados</Text>
	<Text name="msg_del_ignore_list_ask">Tem certeza de que deseja excluir da lista de bloqueados?</Text>
	<Text name="msg_error_not_registered">Nenhuma pessoa foi adicionada.</Text>
	<Text name="msg_error_try_again_later">Ocorreu um erro.
Tente novamente mais tarde.</Text>
	<Text name="msg_send_grief_report">Comunicado de ofensa</Text>
	<Text name="msg_received_box">Recebido</Text>
	<Text name="msg_sent_box">Enviados</Text>
	<Text name="msg_list">Lista</Text>
	<Text name="msg_protect">Proteger</Text>
	<Text name="msg_unprotected">Limpar proteção</Text>
	<Text name="msg_edit">Editar</Text>
	<Text name="msg_attach_image_select">Selecione uma imagem a ser anexada.</Text>
	<Text name="msg_attach_cancel_ask">Deseja cancelar a operação de anexar?</Text>
	<Text name="msg_dell_msg_all_ask">Deseja excluir todas as mensagens?
As mensagens protegidas não serão excluídas.</Text>
	<Text name="msg_del_msgl_ask">Tem certeza de que deseja excluir a mensagem?</Text>
	<Text name="msg_dell_msg_all_ask2">Deseja excluir todas as mensagens?</Text>
	<Text name="msg_voice_text_chatroom">Sala de bate-papo de voz/texto</Text>
	<Text name="msg_text_chatroom">Sala de bate-papo (somente texto)</Text>
	<Text name="msg_mic_on">Microfone ativado</Text>
	<Text name="msg_mic_off">Microfone desativado</Text>
	<Text name="msg_chat_volume">Volume do bate-papo</Text>
	<Text name="msg_camera_on">Câmera ativada</Text>
	<Text name="msg_camera_off">Câmera desativada</Text>
	<Text name="msg_chat_screen_on">Mostrar imagem do bate-papo</Text>
	<Text name="msg_chat_screen_off">Ocultar imagem do bate-papo</Text>
	<Text name="msg_invite_friend">Convidar um amigo</Text>
	<Text name="msg_new_msg_all">Criar mensagem para todos</Text>
	<Text name="msg_quit">Sair</Text>
	<Text name="msg_cancel2">Cancelar</Text>
	<Text name="msg_invite_chat">Convite para bate-papo</Text>
	<Text name="msg_participants_list">Lista de participantes</Text>
	<Text name="msg_invite_game">Convite para jogo</Text>
	<Text name="msg_error_add">Ocorreu um erro durante a operação de adição.</Text>
	<Text name="msg_error_attach_size_over">O tamanho máximo para arquivos que podem ser anexados foi atingido.</Text>
	<Text name="msg_error_attach_deleted">O arquivo anexado foi excluído.</Text>
	<Text name="msg_error_player_added">Esse jogador já foi adicionado.</Text>
	<Text name="msg_protect_msg_over">O número máximo de mensagens que podem ser protegidas foi atingido.
Você pode proteger até 50 mensagens.</Text>
	<Text name="msg_error_cannot_operate_signin_pls">Não é possível realizar a operação.
Você não iniciou uma sessão.</Text>
	<Text name="msg_error_cannot_creat_message">Você não pode criar uma mensagem agora.</Text>
	<Text name="msg_error_ignore_list_friend">Não é possível adicionar um amigo à sua lista de bloqueados.
Exclua a pessoa da sua lista de amigos antes de adicioná-la à lista de bloqueados.</Text>
	<Text name="msg_version">Versão</Text>
	<Text name="msg_new_user_create">Criar novo usuário</Text>
	<Text name="msg_logout_ask">Deseja fazer logout?</Text>
	<Text name="msg_login_ask">Deseja fazer login como o usuário selecionado?
O usuário conectado no momento será desconectado.</Text>
	<Text name="msg_username_create">Insira um nome de usuário.</Text>
	<Text name="msg_error_max_num_users_reached">Nenhum outro usuário pode ser criado.
O número máximo de usuários que podem ser criados é 16.</Text>
	<Text name="msg_error_other_username_create_pls">O nome inserido já foi usado.
Insira um nome de usuário diferente.</Text>
	<Text name="msg_error_new_user_create">Ocorreu um erro durante a criação do usuário.</Text>
	<Text name="msg_user_del_2nd_ask">Tem certeza de que deseja excluir o usuário?</Text>
	<Text name="msg_auto_login_set">A partir de agora, será feito login de "%1" automaticamente quando o sistema PS3™ for iniciado.</Text>
	<Text name="msg_username">Usuário</Text>
	<Text name="msg_username_num">Usuário %1</Text>
	<Text name="msg_auto_login">Login automático</Text>
	<Text name="msg_logout">Fazer logout</Text>
	<Text name="msg_user_del_ask">Se você excluir o usuário, os dados salvos do software no formato PlayStation®3, as mensagens, os troféus e outras informações também serão excluídos.
Tem certeza de que deseja continuar?</Text>
	<Text name="msg_error_character">Os seguintes caracteres não podem ser inseridos:
%1</Text>
	<Text name="msg_health_warning_detail_scee_1">Seizures induced by light stimulation (Photosensitive Epilepsy)

</Text>
	<Text name="msg_health_warning_detail_scee_2">If you have an epileptic condition or have had seizures, consult your doctor prior to playing. Some individuals may experience eye soreness, altered vision, migraine, muscle twitching, convulsion, blackout, loss of awareness or disorientation when exposed to flashing or flickering lights or other light stimulation on a television screen or while playing video games. If you experience any of the above symptoms while playing, discontinue use immediately and consult your doctor.

</Text>
	<Text name="msg_health_warning_detail_scee_3">Stop playing immediately when you experience the following symptoms:
</Text>
	<Text name="msg_health_warning_detail_scee_4">In addition to the above symptoms, whilst playing if you have a headache, dizziness, nausea, fatigue, similar symptoms to motion sickness, or if you feel a discomfort or pain in any body part such as eyes, ears, hands, arms, feet, discontinue use immediately. If the condition persists, seek medical attention.



</Text>
	<Text name="msg_health_warning_detail_scee_5">3D images

</Text>
	<Text name="msg_health_warning_detail_scee_6">Some people may experience discomfort (such as eye strain, eye fatigue, or nausea) while watching 3D video images or playing stereoscopic 3D games on 3D televisions. If you experience such discomfort you should immediately discontinue use of your television until the discomfort subsides.
</Text>
	<Text name="msg_health_warning_detail_scee_7">Generally we recommend that you avoid prolonged use of your PlayStation®3 system and take 15 minutes breaks during each hour of play. However, when playing stereoscopic 3D games or watching 3D video, the length and frequency of necessary breaks may vary from person to person - please take breaks that are long enough to allow any feelings of discomfort to subside. If symptoms persist, consult your doctor.
</Text>
	<Text name="msg_health_warning_detail_scee_8">The vision of young children (especially those under six years old) is still under development. Consult with your child's doctor or optometrist before allowing young children to watch 3D video images or play stereoscopic 3D games. Adults should supervise young children to ensure they follow the recommendations listed above.



</Text>
	<Text name="msg_health_warning_detail_scee_9">Notes on safety when using the DUALSHOCK™3 Wireless Controller

</Text>
	<Text name="msg_health_warning_detail_scee_10">Do not use the vibration function if you have any ailment or injury to the bones, joints or muscles of your hands or arms. If you have an ailment or an injury, do not play such titles using the DUALSHOCK™3 Wireless Controller unless you have set the vibration function to [Off].



</Text>
	<Text name="msg_health_warning_detail_scee_11">・Use in a well-lit area and keep a safe distance from the TV screen.
・Avoid prolonged use of the PS3™ system. Take a 15-minute break during each hour of play.
・Avoid playing when you are tired or need sleep.
</Text>
	<Text name="msg_health_warning_detail_scee_12">・Stop using the system immediately if you begin to feel tired or if you experience discomfort or pain in your hands or arms while operating the Wireless Controller. If the condition persists, consult a doctor.
</Text>
	<Text name="msg_health_warning_detail_scee_13">・If you experience any of the following health problems, discontinue use of the system immediately. If symptoms persist, consult a doctor.
- Dizziness, nausea, fatigue or symptoms similar to motion sickness
- Discomfort or pain in a part of the body, such as eyes, ears, hands or arms</Text>
	<Text name="msg_health_warning_detail_scea_1">Fotossensibilidade/epilepsia/convulsão

</Text>
	<Text name="msg_health_warning_detail_scea_2">Um percentual muito baixo de pessoas pode sofrer ataques epiléticos ou desmaios quando expostos a determinados padrões ou flashes de luz. A exposição a certos padrões ou fundos de tela em uma televisão ou durante a reprodução de jogos pode provocar ataques epiléticos ou desmaios nesses indivíduos. Essas condições podem desencadear sintomas epiléticos não detectados anteriormente em pessoas sem histórico de epilepsia ou convulsão.
Se você ou alguém da sua família sofre de epilepsia ou já tiver apresentado crises convulsivas de algum tipo, consulte o seu médico antes de jogar.

</Text>
	<Text name="msg_health_warning_detail_scea_3">INTERROMPA IMEDIATAMENTE o uso do sistema e consulte o seu médico antes de voltar a jogar se você ou seu filho apresentar algum dos seguintes
problemas de saúde ou sintomas:
・vertigem,
・visão alterada,
・espasmos musculares ou oculares,
・perda de consciência,
・desorientação,
・convulsão ou
・qualquer movimento involuntário ou convulsivo.
VOLTE A JOGAR SOMENTE COM A APROVAÇÃO DO SEU MÉDICO.

</Text>
	<Text name="msg_health_warning_detail_scea_4">Utilização e manuseio de jogos para reduzir a possibilidade de convulsão
・Use o aparelho em uma área bem iluminada e fique o mais longe possível da tela da televisão.
・Evite usar televisões de tela grande. Use televisões com o menor tamanho de tela disponível.
・Evite o uso prolongado do sistema PS3™. Faça uma pausa de 15 minutos a cada hora de jogo.
・Evite jogar quando estiver cansado ou precisando dormir.



</Text>
	<Text name="msg_health_warning_detail_scea_5">Imagens em 3D

</Text>
	<Text name="msg_health_warning_detail_scea_6">Certas pessoas podem ter sensações incômodas (como dores nos olhos, fadiga visual ou tonturas) ao assistir a imagens de vídeos 3D ou ao jogar jogos estereoscópicos 3D em televisores 3D. Se notar esses sintomas, pare de assistir a televisão imediatamente e aguarde os sintomas passarem.
</Text>
	<Text name="msg_health_warning_detail_scea_7">A SCE recomenda a todos que façam intervalos frequentes ao assistir a vídeos 3D ou ao jogar jogos estereoscópicos em vídeo 3D. A duração e frequência dos intervalos pode variar de pessoa a pessoa, mas descanse o suficiente de forma que qualquer sensação incômoda melhore. Se os sintomas persistirem, consulte seu médico.
</Text>
	<Text name="msg_health_warning_detail_scea_8">A visão de crianças pequenas (especialmente crianças menores de seis anos) ainda está se desenvolvendo. Antes de deixar crianças pequenas assistirem a ou jogarem jogos estereoscópicos 3D, consulte o médico do seu filho (o pediatra ou oftalmologista, por exemplo). Leia o manual de instruções antes de usar qualquer aparelho 3D com seu sistema PlayStation®3 e visite http://br.playstation.com para obter as informações mais recentes.



</Text>
	<Text name="msg_health_warning_detail_scea_9">Notas sobre o uso do controle sem fio DUALSHOCK™3

</Text>
	<Text name="msg_health_warning_detail_scea_10">・Interrompa o uso do sistema imediatamente, se começar a sentir cansaço ou desconforto nas mãos ou nos braços durante o uso do controle sem fio DUALSHOCK™3. Se a condição persistir, consulte um médico.
・A função de vibração do controle sem fio DUALSHOCK™3 pode agravar lesões. Não use a função de vibração se você tiver algum problema ou lesão nos ossos, nas articulações ou nos músculos das mãos ou braços. Se estiver com alguma dor ou tiver uma lesão, não jogue esses títulos usando o controle analógico (DUALSHOCK™3), a menos que ajuste a função de vibração para [Desativado].
</Text>
	<Text name="msg_health_warning_detail_scea_11">・Evite o uso prolongado do controle sem fio DUALSHOCK™3. Faça uma pausa a cada 30 minutos.
・Observe que alguns títulos de software ajustam a função de vibração como [Ativado] por padrão. Para desativar a função de vibração, pressione o botão PS do controle e selecione [Configurações do controle]→[Função de vibração]→[Desativado].



</Text>
	<Text name="msg_health_warning_detail_scea_12">・Use o aparelho em uma área bem iluminada e fique o mais longe possível da tela da televisão.
・Evite o uso prolongado do sistema PS3™ e do controle sem fio.
</Text>
	<Text name="msg_health_warning_detail_scea_13">・Interrompa o uso do sistema imediatamente, se começar a sentir cansaço ou algum desconforto nas mãos ou nos braços durante o uso do controle sem fio. Se a condição persistir, consulte um médico.
</Text>
	<Text name="msg_health_warning_detail_scea_14">・Se você apresentar qualquer um dos problemas de saúde a seguir, interrompa o uso do sistema imediatamente. Se os sintomas persistirem, consulte um médico.
- Vertigem, náusea, fadiga ou sintomas semelhantes a cinetose (enjoo de movimento)
- Desconforto ou dor em alguma parte do corpo, como olhos, ouvidos, mãos ou braços</Text>
	<Text name="msg_health_warning_detail_scej_1">光の刺激によって引き起こされる発作について

</Text>
	<Text name="msg_health_warning_detail_scej_2">点滅を繰り返す画面や、その他の光の刺激によって、まれに、目の痛み、視覚異常、偏頭痛、けいれんや意識障害（失神など）などの症状（光感受性発作）が起きることがあります。こうした症状のある方は、事前に必ず医師に相談してください。

</Text>
	<Text name="msg_health_warning_detail_scej_3">こんなときはすぐに使用を中止する
</Text>
	<Text name="msg_health_warning_detail_scej_4"><![CDATA[上記の症状に加え、頭痛、めまい、吐き気、疲労感、乗り物酔いに似た症状などを感じたときや、目、耳、手、腕、足など、身体の一部に不快感や痛みを感じたときは、すぐに使用を中止してください。使用を中止しても治らないときは、医師の診察を受けてください。



]]></Text>
	<Text name="msg_health_warning_detail_scej_5">3D映像、3D立体視ゲームについて

</Text>
	<Text name="msg_health_warning_detail_scej_6">3D映像の視聴中や3D対応テレビでの3D立体視ゲームのプレイ中に、目の疲労、気分が悪くなるなどの不快な症状が出ることがあります。不快な症状が出たときは、直ちにテレビのご利用を中止し、回復するまでご利用をお控えください。
3D映像を視聴したり、3D立体視ゲームをプレイしたりするときは、定期的に休憩をとることをおすすめします。必要な休憩の長さや頻度は個人によって異なりますので、ご自身でご判断ください。不快な症状が回復するまで、十分に休憩をとってください。もし症状が続く場合は、医師にご相談ください。
</Text>
	<Text name="msg_health_warning_detail_scej_7"><![CDATA[なお、お子さま(特に6歳未満の子)の視覚は発達段階にあります。お子さまが3D映像を視聴したり、3D立体視ゲームをプレイしたりする前に、小児科や眼科などの医師にご相談いただくことをおすすめします。大人のかたは、お子さまが上記注意点を守るよう監督してください。
最新情報については、ホームページ(http://www.jp.playstation.com/support/)をご覧ください。



]]></Text>
	<Text name="msg_health_warning_detail_scej_8">コントローラの振動機能に対応したソフトウェアについて

</Text>
	<Text name="msg_health_warning_detail_scej_9">振動障害のある方は、バイブレーション（振動）機能を使用しないでください。



</Text>
	<Text name="msg_health_warning_detail_scej_10">・使用するときは部屋を明るくし、できるだけ画面から離れてください。
・疲れているときや睡眠不足のときは、使用を避けてください。
</Text>
	<Text name="msg_health_warning_detail_scej_11">・使用するときは健康のため、1時間ごとに15分程度の休憩を取ってください。
・使用中に体調が悪くなったら、すぐに使用をやめてください。</Text>
	<Text name="msg_health_warning_detail_sceasia_1">Photosensitivity/Epilepsy/Seizures

</Text>
	<Text name="msg_health_warning_detail_sceasia_2">A very small percentage of individuals may experience epileptic seizures or blackouts when exposed to certain light patterns or flashing lights. Exposure to certain patterns or backgrounds on a television screen or when playing video games may trigger epileptic seizures or blackouts in these individuals. These conditions may trigger previously undetected epileptic symptoms or seizures in persons who have no history of prior seizures or epilepsy. If you, or anyone in your family, has an epileptic condition or has had seizures of any kind, consult your physician before playing.

</Text>
	<Text name="msg_health_warning_detail_sceasia_3">IMMEDIATELY DISCONTINUE use and consult your physician before resuming gameplay if you or your child experience any of the following health problems or symptoms:
・dizziness,
・altered vision,
・eye or muscle twitches,
・loss of awareness,
・disorientation,
・seizures, or
・any involuntary movement or convulsion.
RESUME GAMEPLAY ONLY ON APPROVAL OF YOUR PHYSICIAN.

</Text>
	<Text name="msg_health_warning_detail_sceasia_4">Use and handling of video games to reduce the likelihood of a seizure
・Use in a well-lit area and keep as far away as possible from the television screen.
・Avoid large screen televisions. Use the smallest television screen available.
・Avoid prolonged use of the PS3™ system. Take a 15-minute break during each hour of play.
・Avoid playing when you are tired or need sleep.



</Text>
	<Text name="msg_health_warning_detail_sceasia_5">3D images

</Text>
	<Text name="msg_health_warning_detail_sceasia_6">Some people may experience discomfort (such as eye strain, eye fatigue, or nausea) while watching 3D video images or playing stereoscopic 3D games on 3D televisions. If you experience such discomfort you should immediately discontinue use of your television until the discomfort subsides.
</Text>
	<Text name="msg_health_warning_detail_sceasia_7">SCE recommends that all viewers take regular breaks while watching 3D video, or playing stereoscopic 3D games. The length and frequency of necessary breaks may vary from person to person - please take breaks that are long enough to allow any feelings of discomfort to subside. If symptoms persist, consult your physician.
</Text>
	<Text name="msg_health_warning_detail_sceasia_8">The vision of young children (especially those under six years old) is still under development. SCE recommends that you consult with physician (such as a pediatrician or eye doctor) before allowing a young child to watch 3D video images or play stereoscopic 3D games. When using any 3D enabled device with your PlayStation®3 system you should read the instruction manual for that device.



</Text>
	<Text name="msg_health_warning_detail_sceasia_9">Notes on safety when using the DUALSHOCK™3 Wireless Controller

</Text>
	<Text name="msg_health_warning_detail_sceasia_10">・Stop using the system immediately if you begin to feel tired or if you experience discomfort or pain in your hands or arms while operating the DUALSHOCK™3 wireless controller. If the condition persists, consult a doctor.
・The vibration function of the DUALSHOCK™3 wireless controller can aggravate injuries. Do not use the vibration function if you have any ailment or injury to the bones, joints or muscles of your hands or arms. If you have an ailment or an injury, do not play such titles using the DUALSHOCK™3 wireless controller unless you have set the vibration function to [Off].
</Text>
	<Text name="msg_health_warning_detail_sceasia_11">・Avoid prolonged use of the DUALSHOCK™3 wireless controller. Take a break at about 30-minute intervals.
・Note that some software titles set the vibration function to [On] by default. To disable the vibration function, press the PS button of the controller, and then select [Controller Settings]→[Vibration Function]→[Off].



</Text>
	<Text name="msg_health_warning_detail_sceasia_12">・Use in a well-lit area and keep a safe distance from the TV screen.
・Avoid prolonged use of the PS3™ system. Take a 15-minute break during each hour of play.
・Avoid playing when you are tired or need sleep.
</Text>
	<Text name="msg_health_warning_detail_sceasia_13">・Stop using the system immediately if you begin to feel tired or if you experience discomfort or pain in your hands or arms while operating the wireless controller If the condition persists, consult a doctor.
</Text>
	<Text name="msg_health_warning_detail_sceasia_14">・If you experience any of the following health problems, discontinue use of the system immediately. If symptoms persist, consult with your physician.
- Dizziness, nausea, fatigue or symptoms similar to motion sickness
- Discomfort or pain in a part of the body, such as eyes, ears, hands or arms</Text>
</TextLang>
