<?xml version="1.0" encoding="iso-8859-1"?>
<!-- This XML representation of an RCO structure was generated by Rcomage v1.1.1 -->
<RcoFile UMDFlag="0" rcomageXmlVer="1.1" type="ps3" minFirmwareVer="unknownId0x130">
	<MainTree name="explore_plugin">
		<ImageTree>
			<Image name="item_tex_plain_folder" src="Images\item_tex_plain_folder.gim" format="gim" compression="zlib" unknownByte="0" />
			<Image name="tex_aa_plane" src="Images\tex_aa_plane.gim" format="gim" compression="zlib" unknownByte="0" />
			<Image name="tex_button" src="Images\tex_button.gim" format="gim" compression="zlib" unknownByte="0" />
			<Image name="tex_button_focus" src="Images\tex_button_focus.gim" format="gim" compression="zlib" unknownByte="0" />
			<Image name="tex_button_shadow" src="Images\tex_button_shadow.gim" format="gim" compression="zlib" unknownByte="0" />
			<Image name="tex_arrow_anim" src="Images\tex_arrow_anim.gim" format="gim" compression="zlib" unknownByte="0" />
			<Image name="tex_playing" src="Images\tex_playing.gim" format="gim" compression="zlib" unknownByte="0" />
			<Image name="tex_playing_shadow" src="Images\tex_playing_shadow.gim" format="gim" compression="zlib" unknownByte="0" />
			<Image name="tex_photo" src="Images\tex_photo.gim" format="gim" compression="zlib" unknownByte="0" />
			<Image name="tex_photo_shadow" src="Images\tex_photo_shadow.gim" format="gim" compression="zlib" unknownByte="0" />
			<Image name="tex_music" src="Images\tex_music.gim" format="gim" compression="zlib" unknownByte="0" />
			<Image name="tex_music_shadow" src="Images\tex_music_shadow.gim" format="gim" compression="zlib" unknownByte="0" />
			<Image name="tex_loading_icon" src="Images\tex_loading_icon.gim" format="gim" compression="zlib" unknownByte="0" />
			<Image name="tex_broken_icon" src="Images\tex_broken_icon.gim" format="gim" compression="zlib" unknownByte="0" />
			<Image name="tex_unknown_icon" src="Images\tex_unknown_icon.gim" format="gim" compression="zlib" unknownByte="0" />
			<Image name="tex_bg_icon" src="Images\tex_bg_icon.gim" format="gim" compression="zlib" unknownByte="0" />
			<Image name="tex_lock_icon" src="Images\tex_lock_icon.gim" format="gim" compression="zlib" unknownByte="0" />
			<Image name="music_tex_load" src="Images\music_tex_load.gim" format="gim" compression="zlib" unknownByte="0" />
			<Image name="music_tex_load_shadow" src="Images\music_tex_load_shadow.gim" format="gim" compression="zlib" unknownByte="0" />
			<Image name="music_tex_album_pic" src="Images\music_tex_album_pic.gim" format="gim" compression="zlib" unknownByte="0" />
			<Image name="music_tex_m3u" src="Images\music_tex_m3u.gim" format="gim" compression="zlib" unknownByte="0" />
			<Image name="photo_tex_load" src="Images\photo_tex_load.gim" format="gim" compression="zlib" unknownByte="0" />
			<Image name="photo_tex_load_shadow" src="Images\photo_tex_load_shadow.gim" format="gim" compression="zlib" unknownByte="0" />
			<Image name="photo_tex_album_pic" src="Images\photo_tex_album_pic.gim" format="gim" compression="zlib" unknownByte="0" />
			<Image name="video_tex_load" src="Images\video_tex_load.gim" format="gim" compression="zlib" unknownByte="0" />
			<Image name="video_tex_load_shadow" src="Images\video_tex_load_shadow.gim" format="gim" compression="zlib" unknownByte="0" />
			<Image name="video_tex_lock" src="Images\video_tex_lock.gim" format="gim" compression="zlib" unknownByte="0" />
			<Image name="video_tex_rental" src="Images\video_tex_rental.gim" format="gim" compression="zlib" unknownByte="0" />
			<Image name="tex_psplus_icon" src="Images\tex_psplus_icon.gim" format="gim" compression="zlib" unknownByte="0" />
			<Image name="tex_psn" src="Images\tex_psn.gim" format="gim" compression="zlib" unknownByte="0" />
			<Image name="tex_game" src="Images\tex_game.gim" format="gim" compression="zlib" unknownByte="0" />
			<Image name="tex_game_shadow" src="Images\tex_game_shadow.gim" format="gim" compression="zlib" unknownByte="0" />
			<Image name="game_tex_load" src="Images\game_tex_load.gim" format="gim" compression="zlib" unknownByte="0" />
			<Image name="game_tex_load_shadow" src="Images\game_tex_load_shadow.gim" format="gim" compression="zlib" unknownByte="0" />
			<Image name="game_tex_default" src="Images\game_tex_default.gim" format="gim" compression="zlib" unknownByte="0" />
			<Image name="game_tex_disc_broken" src="Images\game_tex_disc_broken.gim" format="gim" compression="zlib" unknownByte="0" />
			<Image name="game_tex_disc_unknown" src="Images\game_tex_disc_unknown.gim" format="gim" compression="zlib" unknownByte="0" />
			<Image name="game_tex_default_ps3" src="Images\game_tex_default_ps3.gim" format="gim" compression="zlib" unknownByte="0" />
			<Image name="game_tex_default_ps2" src="Images\game_tex_default_ps2.gim" format="gim" compression="zlib" unknownByte="0" />
			<Image name="ps3sd_tex_default" src="Images\ps3sd_tex_default.gim" format="gim" compression="zlib" unknownByte="0" />
			<Image name="ps3sd_tex_lock" src="Images\ps3sd_tex_lock.gim" format="gim" compression="zlib" unknownByte="0" />
			<Image name="item_tex_ps3format" src="Images\item_tex_ps3format.gim" format="gim" compression="zlib" unknownByte="0" />
			<Image name="item_tex_ps4format" src="Images\item_tex_ps4format.gim" format="gim" compression="zlib" unknownByte="0" />
			<Image name="item_tex_pceformat" src="Images\item_tex_pceformat.gim" format="gim" compression="zlib" unknownByte="0" />
			<Image name="item_tex_minisformat" src="Images\item_tex_minisformat.gim" format="gim" compression="zlib" unknownByte="0" />
			<Image name="item_tex_pspemuformat" src="Images\item_tex_pspemuformat.gim" format="gim" compression="zlib" unknownByte="0" />
			<Image name="item_tex_neogeoformat" src="Images\item_tex_neogeoformat.gim" format="gim" compression="zlib" unknownByte="0" />
			<Image name="item_tex_themeps3format" src="Images\item_tex_themeps3format.gim" format="gim" compression="zlib" unknownByte="0" />
			<Image name="item_tex_vitaformat" src="Images\item_tex_vitaformat.gim" format="gim" compression="zlib" unknownByte="0" />
			<Image name="item_tex_disc_install" src="Images\item_tex_disc_install.gim" format="gim" compression="zlib" unknownByte="0" />
			<Image name="tex_ps_plus_invitation" src="Images\tex_ps_plus_invitation.gim" format="gim" compression="zlib" unknownByte="0" />
			<Image name="bgdl_tex_preinstall" src="Images\bgdl_tex_preinstall.gim" format="gim" compression="zlib" unknownByte="0" />
			<Image name="bgdl_tex_timelimit" src="Images\bgdl_tex_timelimit.gim" format="gim" compression="zlib" unknownByte="0" />
			<Image name="bgdl_tex_error" src="Images\bgdl_tex_error.gim" format="gim" compression="zlib" unknownByte="0" />
			<Image name="bgdl_tex_pause" src="Images\bgdl_tex_pause.gim" format="gim" compression="zlib" unknownByte="0" />
			<Image name="item_tex_ps1format" src="Images\item_tex_ps1format.gim" format="gim" compression="zlib" unknownByte="0" />
			<Image name="item_tex_ps2format" src="Images\item_tex_ps2format.gim" format="gim" compression="zlib" unknownByte="0" />
			<Image name="item_tex_pspformat" src="Images\item_tex_pspformat.gim" format="gim" compression="zlib" unknownByte="0" />
			<Image name="item_tex_ps3logo" src="Images\item_tex_ps3logo.gim" format="gim" compression="zlib" unknownByte="0" />
			<Image name="item_tex_ps3game_folder" src="Images\item_tex_ps3game_folder.gim" format="gim" compression="zlib" unknownByte="0" />
			<Image name="item_tex_ps2game_folder" src="Images\item_tex_ps2game_folder.gim" format="gim" compression="zlib" unknownByte="0" />
			<Image name="item_tex_ps1game_folder" src="Images\item_tex_ps1game_folder.gim" format="gim" compression="zlib" unknownByte="0" />
			<Image name="item_tex_pspgame_folder" src="Images\item_tex_pspgame_folder.gim" format="gim" compression="zlib" unknownByte="0" />
			<Image name="item_tex_ps3sd_folder" src="Images\item_tex_ps3sd_folder.gim" format="gim" compression="zlib" unknownByte="0" />
			<Image name="item_tex_ps1game_plain_folder" src="Images\item_tex_ps1game_plain_folder.gim" format="gim" compression="zlib" unknownByte="0" />
			<Image name="trophy_tex_default" src="Images\trophy_tex_default.gim" format="gim" compression="zlib" unknownByte="0" />
			<Image name="trophy_tex_default3" src="Images\trophy_tex_default3.gim" format="gim" compression="zlib" unknownByte="0" />
			<Image name="trophy_tex_default2" src="Images\trophy_tex_default2.gim" format="gim" compression="zlib" unknownByte="0" />
			<Image name="trophy_tex_addon" src="Images\trophy_tex_addon.gim" format="gim" compression="zlib" unknownByte="0" />
			<Image name="trophy_tex_grade_platinum" src="Images\trophy_tex_grade_platinum.gim" format="gim" compression="zlib" unknownByte="0" />
			<Image name="trophy_tex_grade_gold" src="Images\trophy_tex_grade_gold.gim" format="gim" compression="zlib" unknownByte="0" />
			<Image name="trophy_tex_grade_silver" src="Images\trophy_tex_grade_silver.gim" format="gim" compression="zlib" unknownByte="0" />
			<Image name="trophy_tex_grade_bronze" src="Images\trophy_tex_grade_bronze.gim" format="gim" compression="zlib" unknownByte="0" />
			<Image name="trophy_tex_grade_hidden" src="Images\trophy_tex_grade_hidden.gim" format="gim" compression="zlib" unknownByte="0" />
			<Image name="trophy128_tex_grade_platinum" src="Images\trophy128_tex_grade_platinum.gim" format="gim" compression="zlib" unknownByte="0" />
			<Image name="trophy128_tex_grade_gold" src="Images\trophy128_tex_grade_gold.gim" format="gim" compression="zlib" unknownByte="0" />
			<Image name="trophy128_tex_grade_silver" src="Images\trophy128_tex_grade_silver.gim" format="gim" compression="zlib" unknownByte="0" />
			<Image name="trophy128_tex_grade_bronze" src="Images\trophy128_tex_grade_bronze.gim" format="gim" compression="zlib" unknownByte="0" />
			<Image name="trophy128_tex_grade_hidden" src="Images\trophy128_tex_grade_hidden.gim" format="gim" compression="zlib" unknownByte="0" />
			<Image name="trophy128_tex_grade_lock" src="Images\trophy128_tex_grade_lock.gim" format="gim" compression="zlib" unknownByte="0" />
			<Image name="trophy_tex_capsule" src="Images\trophy_tex_capsule.gim" format="gim" compression="zlib" unknownByte="0" />
			<Image name="bddata_tex_default" src="Images\bddata_tex_default.gim" format="gim" compression="zlib" unknownByte="0" />
			<Image name="bddata_tex_album_default" src="Images\bddata_tex_album_default.gim" format="gim" compression="zlib" unknownByte="0" />
			<Image name="tex_file_icon" src="Images\tex_file_icon.gim" format="gim" compression="zlib" unknownByte="0" />
			<Image name="item_tex_ms_icon" src="Images\item_tex_ms_icon.gim" format="gim" compression="zlib" unknownByte="0" />
			<Image name="item_tex_sd_icon" src="Images\item_tex_sd_icon.gim" format="gim" compression="zlib" unknownByte="0" />
			<Image name="item_tex_cf_icon" src="Images\item_tex_cf_icon.gim" format="gim" compression="zlib" unknownByte="0" />
			<Image name="item_tex_psp_icon" src="Images\item_tex_psp_icon.gim" format="gim" compression="zlib" unknownByte="0" />
			<Image name="item_tex_psp_ms_icon" src="Images\item_tex_psp_ms_icon.gim" format="gim" compression="zlib" unknownByte="0" />
			<Image name="item_tex_disc_icon" src="Images\item_tex_disc_icon.gim" format="gim" compression="zlib" unknownByte="0" />
			<Image name="item_tex_disc_dvd" src="Images\item_tex_disc_dvd.gim" format="gim" compression="zlib" unknownByte="0" />
			<Image name="item_tex_disc_ps1" src="Images\item_tex_disc_ps1.gim" format="gim" compression="zlib" unknownByte="0" />
			<Image name="item_tex_disc_sacd" src="Images\item_tex_disc_sacd.gim" format="gim" compression="zlib" unknownByte="0" />
			<Image name="item_tex_usb_connection" src="Images\item_tex_usb_connection.gim" format="gim" compression="zlib" unknownByte="0" />
			<Image name="item_tex_digital_camera" src="Images\item_tex_digital_camera.gim" format="gim" compression="zlib" unknownByte="0" />
			<Image name="item_tex_atrac_audio" src="Images\item_tex_atrac_audio.gim" format="gim" compression="zlib" unknownByte="0" />
			<Image name="item_tex_walkman" src="Images\item_tex_walkman.gim" format="gim" compression="zlib" unknownByte="0" />
			<Image name="item_tex_disc_bd" src="Images\item_tex_disc_bd.gim" format="gim" compression="zlib" unknownByte="0" />
			<Image name="item_tex_disc_cd_ps2" src="Images\item_tex_disc_cd_ps2.gim" format="gim" compression="zlib" unknownByte="0" />
			<Image name="item_tex_disc_bd_contents" src="Images\item_tex_disc_bd_contents.gim" format="gim" compression="zlib" unknownByte="0" />
			<Image name="item_tex_ps_store" src="Images\item_tex_ps_store.gim" format="gim" compression="zlib" unknownByte="0" />
			<Image name="item_tex_dlna_base" src="Images\item_tex_dlna_base.gim" format="gim" compression="zlib" unknownByte="0" />
			<Image name="item_tex_dlna_default" src="Images\item_tex_dlna_default.gim" format="gim" compression="zlib" unknownByte="0" />
			<Image name="item_tex_cam_icon" src="Images\item_tex_cam_icon.gim" format="gim" compression="zlib" unknownByte="0" />
			<Image name="item_tex_cam_facebook" src="Images\item_tex_cam_facebook.gim" format="gim" compression="zlib" unknownByte="0" />
			<Image name="music_tex_atrac" src="Images\music_tex_atrac.gim" format="gim" compression="zlib" unknownByte="0" />
			<Image name="music_tex_pcm" src="Images\music_tex_pcm.gim" format="gim" compression="zlib" unknownByte="0" />
			<Image name="music_tex_mp3" src="Images\music_tex_mp3.gim" format="gim" compression="zlib" unknownByte="0" />
			<Image name="music_tex_aac" src="Images\music_tex_aac.gim" format="gim" compression="zlib" unknownByte="0" />
			<Image name="music_tex_wav" src="Images\music_tex_wav.gim" format="gim" compression="zlib" unknownByte="0" />
			<Image name="music_tex_wma" src="Images\music_tex_wma.gim" format="gim" compression="zlib" unknownByte="0" />
			<Image name="music_tex_sacd" src="Images\music_tex_sacd.gim" format="gim" compression="zlib" unknownByte="0" />
			<Image name="music_tex_dsf" src="Images\music_tex_dsf.gim" format="gim" compression="zlib" unknownByte="0" />
			<Image name="music_tex_cdda" src="Images\music_tex_cdda.gim" format="gim" compression="zlib" unknownByte="0" />
			<Image name="tex_multiangle" src="Images\tex_multiangle.gim" format="gim" compression="zlib" unknownByte="0" />
			<Image name="tex_3D" src="Images\tex_3D.gim" format="gim" compression="zlib" unknownByte="0" />
			<Image name="tex_mpg4" src="Images\tex_mpg4.gim" format="gim" compression="zlib" unknownByte="0" />
			<Image name="tex_avc" src="Images\tex_avc.gim" format="gim" compression="zlib" unknownByte="0" />
			<Image name="tex_mpg2" src="Images\tex_mpg2.gim" format="gim" compression="zlib" unknownByte="0" />
			<Image name="tex_mpg1" src="Images\tex_mpg1.gim" format="gim" compression="zlib" unknownByte="0" />
			<Image name="tex_mjpg" src="Images\tex_mjpg.gim" format="gim" compression="zlib" unknownByte="0" />
			<Image name="tex_wmv" src="Images\tex_wmv.gim" format="gim" compression="zlib" unknownByte="0" />
			<Image name="tex_divx" src="Images\tex_divx.gim" format="gim" compression="zlib" unknownByte="0" />
			<Image name="tex_playlist" src="Images\tex_playlist.gim" format="gim" compression="zlib" unknownByte="0" />
			<Image name="tex_original" src="Images\tex_original.gim" format="gim" compression="zlib" unknownByte="0" />
			<Image name="friend_tex_load" src="Images\friend_tex_load.gim" format="gim" compression="zlib" unknownByte="0" />
			<Image name="friend_tex_load_shadow" src="Images\friend_tex_load_shadow.gim" format="gim" compression="zlib" unknownByte="0" />
			<Image name="item_tex_Players" src="Images\item_tex_Players.gim" format="gim" compression="zlib" unknownByte="0" />
			<Image name="item_tex_NewFriend" src="Images\item_tex_NewFriend.gim" format="gim" compression="zlib" unknownByte="0" />
			<Image name="item_tex_NewAvc" src="Images\item_tex_NewAvc.gim" format="gim" compression="zlib" unknownByte="0" />
			<Image name="tex_Avatar_Default" src="Images\tex_Avatar_Default.gim" format="gim" compression="zlib" unknownByte="0" />
			<Image name="tex_Sign_Up" src="Images\tex_Sign_Up.gim" format="gim" compression="zlib" unknownByte="0" />
			<Image name="tex_Sign_In" src="Images\tex_Sign_In.gim" format="gim" compression="zlib" unknownByte="0" />
			<Image name="tex_Signing_In" src="Images\tex_Signing_In.gim" format="gim" compression="zlib" unknownByte="0" />
			<Image name="item_tex_FriendCardLROUND" src="Images\item_tex_FriendCardLROUND.gim" format="gim" compression="zlib" unknownByte="0" />
			<Image name="item_tex_FriendCardLSQUARE" src="Images\item_tex_FriendCardLSQUARE.gim" format="gim" compression="zlib" unknownByte="0" />
			<Image name="item_tex_FriendCardR" src="Images\item_tex_FriendCardR.gim" format="gim" compression="zlib" unknownByte="0" />
			<Image name="item_tex_CardBallon" src="Images\item_tex_CardBallon.gim" format="gim" compression="zlib" unknownByte="0" />
			<Image name="item_tex_Profile_Game" src="Images\item_tex_Profile_Game.gim" format="gim" compression="zlib" unknownByte="0" />
			<Image name="item_tex_Profile_Onlines" src="Images\item_tex_Profile_Onlines.gim" format="gim" compression="zlib" unknownByte="0" />
			<Image name="item_tex_Profile_Highlight" src="Images\item_tex_Profile_Highlight.gim" format="gim" compression="zlib" unknownByte="0" />
			<Image name="item_tex_Profile_LevelIcon" src="Images\item_tex_Profile_LevelIcon.gim" format="gim" compression="zlib" unknownByte="0" />
			<Image name="tex_indi_AFK" src="Images\tex_indi_AFK.gim" format="gim" compression="zlib" unknownByte="0" />
			<Image name="tex_indi_Game" src="Images\tex_indi_Game.gim" format="gim" compression="zlib" unknownByte="0" />
			<Image name="tex_indi_Message" src="Images\tex_indi_Message.gim" format="gim" compression="zlib" unknownByte="0" />
			<Image name="tex_indi_None" src="Images\tex_indi_None.gim" format="gim" compression="zlib" unknownByte="0" />
			<Image name="tex_indi_Sign_in" src="Images\tex_indi_Sign_in.gim" format="gim" compression="zlib" unknownByte="0" />
			<Image name="tex_indi_Sign_out" src="Images\tex_indi_Sign_out.gim" format="gim" compression="zlib" unknownByte="0" />
			<Image name="tex_speech_balloon" src="Images\tex_speech_balloon.gim" format="gim" compression="zlib" unknownByte="0" />
			<Image name="tex_Message_Read" src="Images\tex_Message_Read.gim" format="gim" compression="zlib" unknownByte="0" />
			<Image name="tex_Message_Unread" src="Images\tex_Message_Unread.gim" format="gim" compression="zlib" unknownByte="0" />
			<Image name="tex_Message_Sent" src="Images\tex_Message_Sent.gim" format="gim" compression="zlib" unknownByte="0" />
			<Image name="tex_Message_Parts_Pin" src="Images\tex_Message_Parts_Pin.gim" format="gim" compression="zlib" unknownByte="0" />
			<Image name="tex_Message_Parts_Clip" src="Images\tex_Message_Parts_Clip.gim" format="gim" compression="zlib" unknownByte="0" />
			<Image name="tex_indi_Me" src="Images\tex_indi_Me.gim" format="gim" compression="zlib" unknownByte="0" />
			<Image name="tex_indi_NewRoom" src="Images\tex_indi_NewRoom.gim" format="gim" compression="zlib" unknownByte="0" />
			<Image name="item_tex_NewUser" src="Images\item_tex_NewUser.gim" format="gim" compression="zlib" unknownByte="0" />
			<Image name="user_tex_load" src="Images\user_tex_load.gim" format="gim" compression="zlib" unknownByte="0" />
			<Image name="user_tex_load_shadow" src="Images\user_tex_load_shadow.gim" format="gim" compression="zlib" unknownByte="0" />
			<Image name="user_tex_login" src="Images\user_tex_login.gim" format="gim" compression="zlib" unknownByte="0" />
			<Image name="tex_video" src="Images\tex_video.gim" format="gim" compression="zlib" unknownByte="0" />
			<Image name="tex_video_shadow" src="Images\tex_video_shadow.gim" format="gim" compression="zlib" unknownByte="0" />
			<Image name="tex_infobar_atrac_audio" src="Images\tex_infobar_atrac_audio.gim" format="gim" compression="zlib" unknownByte="0" />
			<Image name="tex_infobar_atrac_audio_shadow" src="Images\tex_infobar_atrac_audio_shadow.gim" format="gim" compression="zlib" unknownByte="0" />
			<Image name="tex_infobar_cf" src="Images\tex_infobar_cf.gim" format="gim" compression="zlib" unknownByte="0" />
			<Image name="tex_infobar_cf_shadow" src="Images\tex_infobar_cf_shadow.gim" format="gim" compression="zlib" unknownByte="0" />
			<Image name="tex_infobar_digital_camera" src="Images\tex_infobar_digital_camera.gim" format="gim" compression="zlib" unknownByte="0" />
			<Image name="tex_infobar_digital_camera_shadow" src="Images\tex_infobar_digital_camera_shadow.gim" format="gim" compression="zlib" unknownByte="0" />
			<Image name="tex_infobar_ms" src="Images\tex_infobar_ms.gim" format="gim" compression="zlib" unknownByte="0" />
			<Image name="tex_infobar_ms_shadow" src="Images\tex_infobar_ms_shadow.gim" format="gim" compression="zlib" unknownByte="0" />
			<Image name="tex_infobar_psp" src="Images\tex_infobar_psp.gim" format="gim" compression="zlib" unknownByte="0" />
			<Image name="tex_infobar_psp_shadow" src="Images\tex_infobar_psp_shadow.gim" format="gim" compression="zlib" unknownByte="0" />
			<Image name="tex_infobar_psp_ms" src="Images\tex_infobar_psp_ms.gim" format="gim" compression="zlib" unknownByte="0" />
			<Image name="tex_infobar_psp_ms_shadow" src="Images\tex_infobar_psp_ms_shadow.gim" format="gim" compression="zlib" unknownByte="0" />
			<Image name="tex_infobar_sd" src="Images\tex_infobar_sd.gim" format="gim" compression="zlib" unknownByte="0" />
			<Image name="tex_infobar_sd_shadow" src="Images\tex_infobar_sd_shadow.gim" format="gim" compression="zlib" unknownByte="0" />
			<Image name="tex_infobar_usb_device" src="Images\tex_infobar_usb_device.gim" format="gim" compression="zlib" unknownByte="0" />
			<Image name="tex_infobar_usb_device_shadow" src="Images\tex_infobar_usb_device_shadow.gim" format="gim" compression="zlib" unknownByte="0" />
			<Image name="tex_infobar_aad_new" src="Images\tex_infobar_aad_new.gim" format="gim" compression="zlib" unknownByte="0" />
			<Image name="tex_infobar_aad_new_shadow" src="Images\tex_infobar_aad_new_shadow.gim" format="gim" compression="zlib" unknownByte="0" />
			<Image name="tex_opt_obi" src="Images\tex_opt_obi.gim" format="gim" compression="zlib" unknownByte="0" />
			<Image name="tex_track_0" src="Images\tex_track_0.gim" format="gim" compression="zlib" unknownByte="0" />
			<Image name="tex_track_1" src="Images\tex_track_1.gim" format="gim" compression="zlib" unknownByte="0" />
			<Image name="tex_track_2" src="Images\tex_track_2.gim" format="gim" compression="zlib" unknownByte="0" />
			<Image name="tex_track_3" src="Images\tex_track_3.gim" format="gim" compression="zlib" unknownByte="0" />
			<Image name="tex_track_4" src="Images\tex_track_4.gim" format="gim" compression="zlib" unknownByte="0" />
			<Image name="tex_track_5" src="Images\tex_track_5.gim" format="gim" compression="zlib" unknownByte="0" />
			<Image name="tex_track_6" src="Images\tex_track_6.gim" format="gim" compression="zlib" unknownByte="0" />
			<Image name="tex_track_7" src="Images\tex_track_7.gim" format="gim" compression="zlib" unknownByte="0" />
			<Image name="tex_track_8" src="Images\tex_track_8.gim" format="gim" compression="zlib" unknownByte="0" />
			<Image name="tex_track_9" src="Images\tex_track_9.gim" format="gim" compression="zlib" unknownByte="0" />
			<Image name="tex_track_base" src="Images\tex_track_base.gim" format="gim" compression="zlib" unknownByte="0" />
			<Image name="tex_dl_dst_photo" src="Images\tex_dl_dst_photo.gim" format="gim" compression="zlib" unknownByte="0" />
			<Image name="tex_dl_dst_music" src="Images\tex_dl_dst_music.gim" format="gim" compression="zlib" unknownByte="0" />
			<Image name="tex_dl_dst_video" src="Images\tex_dl_dst_video.gim" format="gim" compression="zlib" unknownByte="0" />
			<Image name="tex_dl_dst_game" src="Images\tex_dl_dst_game.gim" format="gim" compression="zlib" unknownByte="0" />
			<Image name="tex_cp_focus" src="Images\tex_cp_focus.gim" format="gim" compression="zlib" unknownByte="0" />
			<Image name="tex_cp_panel" src="Images\tex_cp_panel.gim" format="gim" compression="zlib" unknownByte="0" />
			<Image name="tex_cp_volume" src="Images\tex_cp_volume.gim" format="gim" compression="zlib" unknownByte="0" />
			<Image name="tex_cp_next" src="Images\tex_cp_next.gim" format="gim" compression="zlib" unknownByte="0" />
			<Image name="tex_cp_prev" src="Images\tex_cp_prev.gim" format="gim" compression="zlib" unknownByte="0" />
			<Image name="tex_cp_repeat" src="Images\tex_cp_repeat.gim" format="gim" compression="zlib" unknownByte="0" />
			<Image name="tex_cp_shuffle" src="Images\tex_cp_shuffle.gim" format="gim" compression="zlib" unknownByte="0" />
			<Image name="tex_cp_pause" src="Images\tex_cp_pause.gim" format="gim" compression="zlib" unknownByte="0" />
			<Image name="tex_cp_stop" src="Images\tex_cp_stop.gim" format="gim" compression="zlib" unknownByte="0" />
			<Image name="tex_play_status" src="Images\tex_play_status.gim" format="gim" compression="zlib" unknownByte="0" />
			<Image name="tex_prev_status" src="Images\tex_prev_status.gim" format="gim" compression="zlib" unknownByte="0" />
			<Image name="tex_next_status" src="Images\tex_next_status.gim" format="gim" compression="zlib" unknownByte="0" />
			<Image name="tex_pause_status" src="Images\tex_pause_status.gim" format="gim" compression="zlib" unknownByte="0" />
			<Image name="tex_stop_status" src="Images\tex_stop_status.gim" format="gim" compression="zlib" unknownByte="0" />
			<Image name="tex_searchb_status" src="Images\tex_searchb_status.gim" format="gim" compression="zlib" unknownByte="0" />
			<Image name="tex_searchf_status" src="Images\tex_searchf_status.gim" format="gim" compression="zlib" unknownByte="0" />
			<Image name="tex_repeat_status" src="Images\tex_repeat_status.gim" format="gim" compression="zlib" unknownByte="0" />
			<Image name="tex_1repeat_status" src="Images\tex_1repeat_status.gim" format="gim" compression="zlib" unknownByte="0" />
			<Image name="tex_shuffle_status" src="Images\tex_shuffle_status.gim" format="gim" compression="zlib" unknownByte="0" />
			<Image name="tex_cannot_check" src="Images\tex_cannot_check.gim" format="gim" compression="zlib" unknownByte="0" />
			<Image name="tex_cannot_check_shadow" src="Images\tex_cannot_check_shadow.gim" format="gim" compression="zlib" unknownByte="0" />
			<Image name="tex_playlist_arrow" src="Images\tex_playlist_arrow.gim" format="gim" compression="zlib" unknownByte="0" />
			<Image name="item_tex_trophy" src="Images\item_tex_trophy.gim" format="gim" compression="zlib" unknownByte="0" />
			<Image name="tex_sb_base" src="Images\tex_sb_base.gim" format="gim" compression="zlib" unknownByte="0" />
			<Image name="tex_sb_base_s" src="Images\tex_sb_base_s.gim" format="gim" compression="zlib" unknownByte="0" />
			<Image name="tex_sb_slider" src="Images\tex_sb_slider.gim" format="gim" compression="zlib" unknownByte="0" />
			<Image name="tex_go_bubu" src="Images\tex_go_bubu.gim" format="gim" compression="zlib" unknownByte="0" />
			<Image name="tex_go_game" src="Images\tex_go_game.gim" format="gim" compression="zlib" unknownByte="0" />
			<Image name="tex_go_store" src="Images\tex_go_store.gim" format="gim" compression="zlib" unknownByte="0" />
			<Image name="tex_go_video" src="Images\tex_go_video.gim" format="gim" compression="zlib" unknownByte="0" />
			<Image name="tex_go_web" src="Images\tex_go_web.gim" format="gim" compression="zlib" unknownByte="0" />
			<Image name="tex_go_custom" src="Images\tex_go_custom.gim" format="gim" compression="zlib" unknownByte="0" />
			<Image name="tex_go_download" src="Images\tex_go_download.gim" format="gim" compression="zlib" unknownByte="0" />
			<Image name="tex_new_ws" src="Images\tex_new_ws.gim" format="gim" compression="zlib" unknownByte="0" />
			<Image name="tex_urgent_ws" src="Images\tex_urgent_ws.gim" format="gim" compression="zlib" unknownByte="0" />
			<Image name="tex_check_ws" src="Images\tex_check_ws.gim" format="gim" compression="zlib" unknownByte="0" />
			<Image name="tex_welcome_focus" src="Images\tex_welcome_focus.gim" format="gim" compression="zlib" unknownByte="0" />
			<Image name="item_tex_online_storage" src="Images\item_tex_online_storage.gim" format="gim" compression="zlib" unknownByte="0" />
			<Image name="tex_album_icon" src="Images\tex_album_icon.gim" format="gim" compression="zlib" unknownByte="0" />
			<Image name="photo_tex_default" src="Images\photo_tex_default.gim" format="gim" compression="zlib" unknownByte="0" />
			<Image name="photo_tex_album_default" src="Images\photo_tex_album_default.gim" format="gim" compression="zlib" unknownByte="0" />
			<Image name="music_tex_default" src="Images\music_tex_default.gim" format="gim" compression="zlib" unknownByte="0" />
			<Image name="music_tex_album_default" src="Images\music_tex_album_default.gim" format="gim" compression="zlib" unknownByte="0" />
			<Image name="video_tex_default" src="Images\video_tex_default.gim" format="gim" compression="zlib" unknownByte="0" />
			<Image name="video_tex_album_default" src="Images\video_tex_album_default.gim" format="gim" compression="zlib" unknownByte="0" />
			<Image name="item_tex_ps12util" src="Images\item_tex_ps12util.gim" format="gim" compression="zlib" unknownByte="0" />
			<Image name="item_tex_ps3util" src="Images\item_tex_ps3util.gim" format="gim" compression="zlib" unknownByte="0" />
			<Image name="item_tex_ChatRoom" src="Images\item_tex_ChatRoom.gim" format="gim" compression="zlib" unknownByte="0" />
			<Image name="item_tex_ChatRoomText" src="Images\item_tex_ChatRoomText.gim" format="gim" compression="zlib" unknownByte="0" />
		</ImageTree>
		<TextTree>
			<TextLang src="Text\Dutch.xml" language="Dutch" format="utf16" />
			<TextLang src="Text\English.xml" language="English" format="utf16" />
			<TextLang src="Text\French.xml" language="French" format="utf16" />
			<TextLang src="Text\German.xml" language="German" format="utf16" />
			<TextLang src="Text\Italian.xml" language="Italian" format="utf16" />
			<TextLang src="Text\Japanese.xml" language="Japanese" format="utf16" />
			<TextLang src="Text\Korean.xml" language="Korean" format="utf16" />
			<TextLang src="Text\Portugese.xml" language="Portugese" format="utf16" />
			<TextLang src="Text\Russian.xml" language="Russian" format="utf16" />
			<TextLang src="Text\Spanish.xml" language="Spanish" format="utf16" />
			<TextLang src="Text\ChineseSimpl.xml" language="ChineseSimpl" format="utf16" />
			<TextLang src="Text\ChineseTrad.xml" language="ChineseTrad" format="utf16" />
			<TextLang src="Text\Danish.xml" language="Danish" format="utf16" />
			<TextLang src="Text\Finnish.xml" language="Finnish" format="utf16" />
			<TextLang src="Text\Norwegian.xml" language="Norwegian" format="utf16" />
			<TextLang src="Text\Swedish.xml" language="Swedish" format="utf16" />
			<TextLang src="Text\unknown0x10.xml" language="unknown0x10" format="utf16" />
			<TextLang src="Text\unknown0x11.xml" language="unknown0x11" format="utf16" />
			<TextLang src="Text\unknown0x12.xml" language="unknown0x12" format="utf16" />
			<TextLang src="Text\unknown0x13.xml" language="unknown0x13" format="utf16" />
		</TextTree>
		<ObjectTree>
			<Page name="expage_explore_bg" unknownInt0="0x1110000" onInit="nothing" onCancel="nothing" onContextMenu="nothing" onActivate="nothing"></Page>
			<Page name="expage_explore_list" unknownInt0="0x1110000" onInit="nothing" onCancel="nothing" onContextMenu="nothing" onActivate="nothing"></Page>
			<Page name="expage_explore_fg" unknownInt0="0x1110000" onInit="nothing" onCancel="nothing" onContextMenu="nothing" onActivate="nothing"></Page>
			<Page name="expage_menu" unknownInt0="0x1110000" onInit="nothing" onCancel="event:native:/Menu::cbCancel" onContextMenu="event:native:/Menu::cbContextMenu" onActivate="nothing">
				<Plane name="plane_menu0" posX="0" posY="0" objectScale="0" redScale="1" greenScale="1" blueScale="1" alphaScale="1" width="0" height="0" posUnknown="0" scaleWidth="1" scaleHeight="1" elementScale="1" iconOffset="0x10000" onLoad="nothing" unknown17="0x100" unknown18="0x100" unknown19="0x100" unknownInt20="0x0" unknownInt21="0x0" unknown22="0x0" image="nothing" unknownInt24="0x0">
					<Plane name="plane_menu0_BG0" posX="0" posY="0" objectScale="0" redScale="1" greenScale="1" blueScale="1" alphaScale="1" width="0" height="0" posUnknown="0" scaleWidth="1" scaleHeight="1" elementScale="1" iconOffset="0x10000" onLoad="nothing" unknown17="0x100" unknown18="0x100" unknown19="0x100" unknownInt20="0x0" unknownInt21="0x0" unknown22="0x0" image="nothing" unknownInt24="0x0"></Plane>
					<Plane name="plane_menu0_BG1" posX="0" posY="0" objectScale="0" redScale="1" greenScale="1" blueScale="1" alphaScale="1" width="0" height="0" posUnknown="0" scaleWidth="1" scaleHeight="1" elementScale="1" iconOffset="0x10000" onLoad="nothing" unknown17="0x100" unknown18="0x100" unknown19="0x100" unknownInt20="0x0" unknownInt21="0x0" unknown22="0x0" image="nothing" unknownInt24="0x0"></Plane>
					<MList name="plane_menu0_LowerMenu" posX="0" posY="0" objectScale="0" redScale="1" greenScale="1" blueScale="1" alphaScale="1" width="0" height="0" posUnknown="0" scaleWidth="1" scaleHeight="1" elementScale="1" iconOffset="0x110000" onLoad="nothing" unknown17="0xf6010100" unknown18="0xf7010100" unknown19="0xf8010100" unknownInt20="0x0" unknownInt21="0x0" unknown22="0x0" unknown23="0x7000000" unknown24="0x0" unknown25="0xffffffff" unknown26="0x0" unknown27="0x0" unknown28="0x0" unknown29="0x0" unknown30="0x0" unknownRef32="nothing" unknownRef33="event:native:/Menu::cbPush" unknownRef35="nothing" unknownRef37="nothing" unknownRef39="nothing" unknownRef41="nothing" unknownRef43="event:native:/Menu::cbFocusRight" unknownRef45="event:native:/Menu::cbFocusUp" unknownRef47="nothing" unknownRef49="event:native:/Menu::cbScrollIn" unknownRef51="event:native:/Menu::cbScrollOut"></MList>
					<MList name="plane_menu0_UpperMenu" posX="0" posY="0" objectScale="0" redScale="1" greenScale="1" blueScale="1" alphaScale="1" width="0" height="0" posUnknown="0" scaleWidth="1" scaleHeight="1" elementScale="1" iconOffset="0x210000" onLoad="nothing" unknown17="0xf9010100" unknown18="0xfa010100" unknown19="0xfb010100" unknownInt20="0x0" unknownInt21="0x0" unknown22="0x0" unknown23="0x6000000" unknown24="0x0" unknown25="0xffffffff" unknown26="0x0" unknown27="0x0" unknown28="0x0" unknown29="0x0" unknown30="0x0" unknownRef32="nothing" unknownRef33="event:native:/Menu::cbPush" unknownRef35="nothing" unknownRef37="nothing" unknownRef39="nothing" unknownRef41="nothing" unknownRef43="event:native:/Menu::cbFocusRight" unknownRef45="nothing" unknownRef47="event:native:/Menu::cbFocusDown" unknownRef49="event:native:/Menu::cbScrollIn" unknownRef51="event:native:/Menu::cbScrollOut"></MList>
				</Plane>
				<Plane name="plane_menu1" posX="0" posY="0" objectScale="0" redScale="1" greenScale="1" blueScale="1" alphaScale="1" width="128" height="272" posUnknown="0" scaleWidth="1" scaleHeight="1" elementScale="1" iconOffset="0x10000" onLoad="nothing" unknown17="0x100" unknown18="0x100" unknown19="0x100" unknownInt20="0x0" unknownInt21="0x0" unknown22="0x0" image="nothing" unknownInt24="0x0">
					<Plane name="plane_menu1_BG0" posX="0" posY="0" objectScale="0" redScale="1" greenScale="1" blueScale="1" alphaScale="1" width="0" height="0" posUnknown="0" scaleWidth="1" scaleHeight="1" elementScale="1" iconOffset="0x10000" onLoad="nothing" unknown17="0x100" unknown18="0x100" unknown19="0x100" unknownInt20="0x0" unknownInt21="0x0" unknown22="0x0" image="nothing" unknownInt24="0x0"></Plane>
					<Plane name="plane_menu1_BG1" posX="0" posY="0" objectScale="0" redScale="1" greenScale="1" blueScale="1" alphaScale="1" width="0" height="0" posUnknown="0" scaleWidth="1" scaleHeight="1" elementScale="1" iconOffset="0x10000" onLoad="nothing" unknown17="0x100" unknown18="0x100" unknown19="0x100" unknownInt20="0x0" unknownInt21="0x0" unknown22="0x0" image="nothing" unknownInt24="0x0"></Plane>
					<MList name="plane_menu1_LowerMenu" posX="0" posY="0" objectScale="0" redScale="1" greenScale="1" blueScale="1" alphaScale="1" width="0" height="0" posUnknown="0" scaleWidth="1" scaleHeight="1" elementScale="1" iconOffset="0x110000" onLoad="nothing" unknown17="0xf6010100" unknown18="0xf7010100" unknown19="0xf8010100" unknownInt20="0x0" unknownInt21="0x0" unknown22="0x0" unknown23="0x6000000" unknown24="0x0" unknown25="0xffffffff" unknown26="0x0" unknown27="0x0" unknown28="0x0" unknown29="0x0" unknown30="0x0" unknownRef32="nothing" unknownRef33="event:native:/Menu::cbPush" unknownRef35="nothing" unknownRef37="nothing" unknownRef39="nothing" unknownRef41="event:native:/Menu::cbFocusLeft" unknownRef43="event:native:/Menu::cbFocusRight" unknownRef45="event:native:/Menu::cbFocusUp" unknownRef47="nothing" unknownRef49="event:native:/Menu::cbScrollIn" unknownRef51="event:native:/Menu::cbScrollOut"></MList>
					<MList name="plane_menu1_UpperMenu" posX="0" posY="0" objectScale="0" redScale="1" greenScale="1" blueScale="1" alphaScale="1" width="0" height="0" posUnknown="0" scaleWidth="1" scaleHeight="1" elementScale="1" iconOffset="0x210000" onLoad="nothing" unknown17="0xf9010100" unknown18="0xfa010100" unknown19="0xfb010100" unknownInt20="0x0" unknownInt21="0x0" unknown22="0x0" unknown23="0x6000000" unknown24="0x0" unknown25="0xffffffff" unknown26="0x0" unknown27="0x0" unknown28="0x0" unknown29="0xfc010000" unknown30="0x0" unknownRef32="nothing" unknownRef33="event:native:/Menu::cbPush" unknownRef35="nothing" unknownRef37="nothing" unknownRef39="nothing" unknownRef41="event:native:/Menu::cbFocusLeft" unknownRef43="event:native:/Menu::cbFocusRight" unknownRef45="nothing" unknownRef47="event:native:/Menu::cbFocusDown" unknownRef49="event:native:/Menu::cbScrollIn" unknownRef51="event:native:/Menu::cbScrollOut"></MList>
				</Plane>
				<Plane name="plane_menu2" posX="0" posY="0" objectScale="0" redScale="1" greenScale="1" blueScale="1" alphaScale="1" width="128" height="272" posUnknown="0" scaleWidth="1" scaleHeight="1" elementScale="1" iconOffset="0x10000" onLoad="nothing" unknown17="0x100" unknown18="0x100" unknown19="0x100" unknownInt20="0x0" unknownInt21="0x0" unknown22="0x0" image="nothing" unknownInt24="0x0">
					<Plane name="plane_menu2_BG0" posX="0" posY="0" objectScale="0" redScale="1" greenScale="1" blueScale="1" alphaScale="1" width="0" height="0" posUnknown="0" scaleWidth="1" scaleHeight="1" elementScale="1" iconOffset="0x10000" onLoad="nothing" unknown17="0x100" unknown18="0x100" unknown19="0x100" unknownInt20="0x0" unknownInt21="0x0" unknown22="0x0" image="nothing" unknownInt24="0x0"></Plane>
					<Plane name="plane_menu2_BG1" posX="0" posY="0" objectScale="0" redScale="1" greenScale="1" blueScale="1" alphaScale="1" width="0" height="0" posUnknown="0" scaleWidth="1" scaleHeight="1" elementScale="1" iconOffset="0x10000" onLoad="nothing" unknown17="0x100" unknown18="0x100" unknown19="0x100" unknownInt20="0x0" unknownInt21="0x0" unknown22="0x0" image="nothing" unknownInt24="0x0"></Plane>
					<MList name="plane_menu2_LowerMenu" posX="0" posY="0" objectScale="0" redScale="1" greenScale="1" blueScale="1" alphaScale="1" width="0" height="0" posUnknown="0" scaleWidth="1" scaleHeight="1" elementScale="1" iconOffset="0x110000" onLoad="nothing" unknown17="0xf6010100" unknown18="0xf7010100" unknown19="0xf8010100" unknownInt20="0x0" unknownInt21="0x0" unknown22="0x0" unknown23="0x6000000" unknown24="0x0" unknown25="0xffffffff" unknown26="0x0" unknown27="0x0" unknown28="0x0" unknown29="0x0" unknown30="0x0" unknownRef32="nothing" unknownRef33="event:native:/Menu::cbPush" unknownRef35="nothing" unknownRef37="nothing" unknownRef39="nothing" unknownRef41="event:native:/Menu::cbFocusLeft" unknownRef43="nothing" unknownRef45="event:native:/Menu::cbFocusUp" unknownRef47="nothing" unknownRef49="event:native:/Menu::cbScrollIn" unknownRef51="event:native:/Menu::cbScrollOut"></MList>
					<MList name="plane_menu2_UpperMenu" posX="0" posY="0" objectScale="0" redScale="1" greenScale="1" blueScale="1" alphaScale="1" width="0" height="0" posUnknown="0" scaleWidth="1" scaleHeight="1" elementScale="1" iconOffset="0x210000" onLoad="nothing" unknown17="0xf9010100" unknown18="0xfa010100" unknown19="0xfb010100" unknownInt20="0x0" unknownInt21="0x0" unknown22="0x0" unknown23="0x6000000" unknown24="0x0" unknown25="0xffffffff" unknown26="0x0" unknown27="0x0" unknown28="0x0" unknown29="0x0" unknown30="0x0" unknownRef32="nothing" unknownRef33="event:native:/Menu::cbPush" unknownRef35="nothing" unknownRef37="nothing" unknownRef39="nothing" unknownRef41="event:native:/Menu::cbFocusLeft" unknownRef43="nothing" unknownRef45="nothing" unknownRef47="event:native:/Menu::cbFocusDown" unknownRef49="event:native:/Menu::cbScrollIn" unknownRef51="event:native:/Menu::cbScrollOut"></MList>
				</Plane>
			</Page>
			<Page name="info_list" unknownInt0="0x1110000" onInit="event:native:/Info::cbInit" onCancel="event:native:/Info::cbCancel" onContextMenu="nothing" onActivate="event:native:/Info::cbActivate">
				<Plane name="info_base_plane" posX="0" posY="0" objectScale="0" redScale="1" greenScale="1" blueScale="1" alphaScale="1" width="0" height="0" posUnknown="0" scaleWidth="1" scaleHeight="1" elementScale="1" iconOffset="0x0" onLoad="nothing" unknown17="0x0" unknown18="0x0" unknown19="0x0" unknownInt20="0x0" unknownInt21="0x0" unknown22="0x0" image="nothing" unknownInt24="0x0"></Plane>
			</Page>
			<Page name="expage_fcopy_dialog" unknownInt0="0x1110000" onInit="nothing" onCancel="event:native:/FileCopy_Dialog::cbBtnCancel" onContextMenu="nothing" onActivate="nothing">
				<Plane name="thumb_info_base" posX="0" posY="0" objectScale="0" redScale="1" greenScale="1" blueScale="1" alphaScale="1" width="0" height="0" posUnknown="0" scaleWidth="1" scaleHeight="1" elementScale="1" iconOffset="0x0" onLoad="nothing" unknown17="0x0" unknown18="0x0" unknown19="0x0" unknownInt20="0x0" unknownInt21="0x0" unknown22="0x0" image="nothing" unknownInt24="0x0"></Plane>
				<Plane name="filedialog_listbase" posX="0" posY="0" objectScale="0" redScale="1" greenScale="1" blueScale="1" alphaScale="1" width="0" height="0" posUnknown="0" scaleWidth="1" scaleHeight="1" elementScale="1" iconOffset="0x0" onLoad="nothing" unknown17="0xc0010000" unknown18="0x0" unknown19="0x0" unknownInt20="0x0" unknownInt21="0x0" unknown22="0x0" image="nothing" unknownInt24="0x0"></Plane>
				<Plane name="plane_src_cmdbtn" posX="0" posY="0" objectScale="0" redScale="1" greenScale="1" blueScale="1" alphaScale="0" width="0" height="0" posUnknown="0" scaleWidth="1" scaleHeight="1" elementScale="1" iconOffset="0x0" onLoad="nothing" unknown17="0xc6010100" unknown18="0xc7010100" unknown19="0x0" unknownInt20="0x101c8" unknownInt21="0x101c9" unknown22="0x0" image="nothing" unknownInt24="0x0">
					<Button name="cmdbtn_select_all" posX="0" posY="0" objectScale="0" redScale="1" greenScale="1" blueScale="1" alphaScale="1" width="0" height="0" posUnknown="0" scaleWidth="1" scaleHeight="1" elementScale="1" iconOffset="0x0" onLoad="nothing" unknown17="0x0" unknown18="0x0" unknown19="0x0" unknownInt20="0x0" unknownInt21="0x0" unknown22="0x0" image="image:tex_button" shadow="image:tex_button_shadow" image2="image:tex_button_focus" unknownRef29="text:msg_select_all" unknownEvent31="event:native:/FileCopy_Dialog::cbBtnSelectAllPush" unknownEvent33="event:native:/FileCopy_Dialog::cbBtnFocusInA" unknownEvent35="event:native:/FileCopy_Dialog::cbBtnFocusOutA" unknownEvent37="event:native:/FileCopy_Dialog::cbBtnFocusLeft" unknownEvent39="nothing" unknownEvent41="nothing" unknownEvent43="object2:cmdbtn_deselect_all" unknownEvent45="nothing" unknownInt47="0x0"></Button>
					<Button name="cmdbtn_deselect_all" posX="0" posY="0" objectScale="0" redScale="1" greenScale="1" blueScale="1" alphaScale="1" width="0" height="0" posUnknown="0" scaleWidth="1" scaleHeight="1" elementScale="1" iconOffset="0x0" onLoad="nothing" unknown17="0x0" unknown18="0x0" unknown19="0x0" unknownInt20="0x0" unknownInt21="0x0" unknown22="0x0" image="image:tex_button" shadow="image:tex_button_shadow" image2="image:tex_button_focus" unknownRef29="text:msg_deselect_all" unknownEvent31="event:native:/FileCopy_Dialog::cbBtnDeselectAllPush" unknownEvent33="event:native:/FileCopy_Dialog::cbBtnFocusInA" unknownEvent35="event:native:/FileCopy_Dialog::cbBtnFocusOutA" unknownEvent37="event:native:/FileCopy_Dialog::cbBtnFocusLeft" unknownEvent39="nothing" unknownEvent41="object2:cmdbtn_select_all" unknownEvent43="object2:cmdbtn_decide_src" unknownEvent45="nothing" unknownInt47="0x0"></Button>
					<Button name="cmdbtn_decide_src" posX="0" posY="0" objectScale="0" redScale="1" greenScale="1" blueScale="1" alphaScale="1" width="0" height="0" posUnknown="0" scaleWidth="1" scaleHeight="1" elementScale="1" iconOffset="0x0" onLoad="nothing" unknown17="0x0" unknown18="0x0" unknown19="0x0" unknownInt20="0x0" unknownInt21="0x0" unknown22="0x0" image="image:tex_button" shadow="image:tex_button_shadow" image2="image:tex_button_focus" unknownRef29="text:msg_fix" unknownEvent31="event:native:/FileCopy_Dialog::cbBtnDecideSrcPush" unknownEvent33="event:native:/FileCopy_Dialog::cbBtnFocusInA" unknownEvent35="event:native:/FileCopy_Dialog::cbBtnFocusOutA" unknownEvent37="event:native:/FileCopy_Dialog::cbBtnFocusLeft" unknownEvent39="nothing" unknownEvent41="object2:cmdbtn_deselect_all" unknownEvent43="nothing" unknownEvent45="nothing" unknownInt47="0x0"></Button>
				</Plane>
				<Text name="text_info_msg" posX="0" posY="0" objectScale="0" redScale="1" greenScale="1" blueScale="1" alphaScale="1" width="0" height="0" posUnknown="1" scaleWidth="1" scaleHeight="1" elementScale="1" iconOffset="0x300000" onLoad="nothing" unknown17="0xd0010000" unknown18="0xd2010000" unknown19="0x0" unknownInt20="0x0" unknownInt21="0x0" unknown22="0x0" text="nothing" font="nothing" unknownInt27="0x1" unknownInt29="0x1000000" size="10" topRed="1" topGreen="1" topBlue="1" bottomRed="1" bottomGreen="1" bottomBlue="1" spacingHorizontal="0" unknown37="0x0" unknown38="0x0" unknown39="0x0" spacingVertical="0" shadowX="4" shadowY="-5" shadowPerspective="0" shadowRed="0.25" shadowGreen="0.25" shadowBlue="0.25" shadowAlpha="1" unknown48="0x0" unknown49="0x0" unknown50="0x0" unknownFloat51="1" unknownFloat52="1" unknownFloat53="1" unknownFloat54="1" unknown55="0xffffffff" unknownInt56="0x10014" unknownInt57="0x3" unknown58="0x0"></Text>
				<Text name="text_wait" posX="0" posY="0" objectScale="0" redScale="1" greenScale="1" blueScale="1" alphaScale="1" width="0" height="0" posUnknown="1" scaleWidth="1" scaleHeight="1" elementScale="1" iconOffset="0x300000" onLoad="nothing" unknown17="0xac000000" unknown18="0x0" unknown19="0x0" unknownInt20="0x0" unknownInt21="0x0" unknown22="0x0" text="text:msg_wait" font="nothing" unknownInt27="0x1" unknownInt29="0x1000000" size="10" topRed="1" topGreen="1" topBlue="1" bottomRed="1" bottomGreen="1" bottomBlue="1" spacingHorizontal="0" unknown37="0x0" unknown38="0x0" unknown39="0x0" spacingVertical="0" shadowX="4" shadowY="-5" shadowPerspective="0" shadowRed="0.25" shadowGreen="0.25" shadowBlue="0.25" shadowAlpha="1" unknown48="0x0" unknown49="0x0" unknown50="0x0" unknownFloat51="1" unknownFloat52="1" unknownFloat53="1" unknownFloat54="1" unknown55="0xffffffff" unknownInt56="0x10014" unknownInt57="0x3" unknown58="0x0"></Text>
				<Plane name="plane_exist_dimmer" posX="0" posY="0" objectScale="0" redScale="0" greenScale="0" blueScale="0" alphaScale="0" width="0" height="0" posUnknown="0" scaleWidth="1" scaleHeight="1" elementScale="1" iconOffset="0x0" onLoad="nothing" unknown17="0x0" unknown18="0x0" unknown19="0x0" unknownInt20="0x7" unknownInt21="0x8" unknown22="0x0" image="nothing" unknownInt24="0x0"></Plane>
				<Plane name="plane_exist_dialog_btn" posX="0" posY="0" objectScale="0" redScale="1" greenScale="1" blueScale="1" alphaScale="1" width="0" height="0" posUnknown="0" scaleWidth="1" scaleHeight="1" elementScale="1" iconOffset="0x0" onLoad="nothing" unknown17="0xac000000" unknown18="0x0" unknown19="0x0" unknownInt20="0x0" unknownInt21="0x0" unknown22="0x0" image="nothing" unknownInt24="0x0">
					<Button name="cmdbtn_rename" posX="0" posY="0" objectScale="0" redScale="1" greenScale="1" blueScale="1" alphaScale="1" width="0" height="0" posUnknown="0" scaleWidth="1" scaleHeight="1" elementScale="1" iconOffset="0x0" onLoad="nothing" unknown17="0x0" unknown18="0x0" unknown19="0x0" unknownInt20="0x0" unknownInt21="0x0" unknown22="0x0" image="nothing" shadow="nothing" image2="nothing" unknownRef29="text:msg_different_name_save" unknownEvent31="event:native:/FileCopy_Dialog::cbBtnRenamePush" unknownEvent33="event:native:/FileCopy_Dialog::cbBtnFocusIn" unknownEvent35="event:native:/FileCopy_Dialog::cbBtnFocusOut" unknownEvent37="nothing" unknownEvent39="nothing" unknownEvent41="nothing" unknownEvent43="object2:cmdbtn_overwrite" unknownEvent45="nothing" unknownInt47="0xffffffff"></Button>
					<Button name="cmdbtn_overwrite" posX="0" posY="0" objectScale="0" redScale="1" greenScale="1" blueScale="1" alphaScale="1" width="0" height="0" posUnknown="0" scaleWidth="1" scaleHeight="1" elementScale="1" iconOffset="0x0" onLoad="nothing" unknown17="0x0" unknown18="0x0" unknown19="0x0" unknownInt20="0x0" unknownInt21="0x0" unknown22="0x0" image="nothing" shadow="nothing" image2="nothing" unknownRef29="text:msg_overwrite_save" unknownEvent31="event:native:/FileCopy_Dialog::cbBtnOverwritePush" unknownEvent33="event:native:/FileCopy_Dialog::cbBtnFocusIn" unknownEvent35="event:native:/FileCopy_Dialog::cbBtnFocusOut" unknownEvent37="nothing" unknownEvent39="nothing" unknownEvent41="object2:cmdbtn_rename" unknownEvent43="event:native:/FileCopy_Dialog::cbBtnFocusChk" unknownEvent45="nothing" unknownInt47="0xffffffff"></Button>
					<Button name="cmdbtn_nosave" posX="0" posY="0" objectScale="0" redScale="1" greenScale="1" blueScale="1" alphaScale="1" width="0" height="0" posUnknown="0" scaleWidth="1" scaleHeight="1" elementScale="1" iconOffset="0x0" onLoad="nothing" unknown17="0x0" unknown18="0x0" unknown19="0x0" unknownInt20="0x0" unknownInt21="0x0" unknown22="0x0" image="nothing" shadow="nothing" image2="nothing" unknownRef29="text:msg_save_no" unknownEvent31="event:native:/FileCopy_Dialog::cbBtnNosavePush" unknownEvent33="event:native:/FileCopy_Dialog::cbBtnFocusIn" unknownEvent35="event:native:/FileCopy_Dialog::cbBtnFocusOut" unknownEvent37="nothing" unknownEvent39="nothing" unknownEvent41="object2:cmdbtn_overwrite" unknownEvent43="event:native:/FileCopy_Dialog::cbBtnFocusChk" unknownEvent45="nothing" unknownInt47="0xffffffff"></Button>
				</Plane>
				<Plane name="plane_exist_chkbase" posX="0" posY="0" objectScale="0" redScale="1" greenScale="1" blueScale="1" alphaScale="1" width="0" height="0" posUnknown="0" scaleWidth="1" scaleHeight="1" elementScale="1" iconOffset="0x0" onLoad="nothing" unknown17="0x0" unknown18="0x0" unknown19="0x0" unknownInt20="0x0" unknownInt21="0x0" unknown22="0x0" image="nothing" unknownInt24="0x0">
					<Button name="cmdbtn_chk_applyall" posX="0" posY="0" objectScale="0" redScale="1" greenScale="1" blueScale="1" alphaScale="1" width="0" height="0" posUnknown="0" scaleWidth="1" scaleHeight="1" elementScale="1" iconOffset="0x0" onLoad="nothing" unknown17="0x0" unknown18="0x0" unknown19="0x0" unknownInt20="0x0" unknownInt21="0x0" unknown22="0x0" image="nothing" shadow="nothing" image2="nothing" unknownRef29="text:msg_apply_all" unknownEvent31="event:native:/FileCopy_Dialog::cbBtnApplyAllPush" unknownEvent33="event:native:/FileCopy_Dialog::cbBtnFocusIn" unknownEvent35="event:native:/FileCopy_Dialog::cbBtnFocusOut" unknownEvent37="nothing" unknownEvent39="nothing" unknownEvent41="event:native:/FileCopy_Dialog::cbBtnFocusUp" unknownEvent43="nothing" unknownEvent45="nothing" unknownInt47="0xffffffff"></Button>
				</Plane>
			</Page>
			<Page name="expage_fcopy_exdlg" unknownInt0="0x1110000" onInit="nothing" onCancel="nothing" onContextMenu="nothing" onActivate="nothing"></Page>
			<Page name="expage_fcopy_msgdlg" unknownInt0="0x1110000" onInit="nothing" onCancel="nothing" onContextMenu="nothing" onActivate="nothing"></Page>
			<Page name="expage_fdelete_dialog" unknownInt0="0x1110000" onInit="nothing" onCancel="event:native:/FileDelete_Dialog::cbBtnCancel" onContextMenu="nothing" onActivate="nothing">
				<Plane name="filedel_dialog_listbase" posX="0" posY="0" objectScale="0" redScale="1" greenScale="1" blueScale="1" alphaScale="1" width="0" height="0" posUnknown="0" scaleWidth="1" scaleHeight="1" elementScale="1" iconOffset="0x0" onLoad="nothing" unknown17="0x0" unknown18="0x0" unknown19="0x0" unknownInt20="0x0" unknownInt21="0x0" unknown22="0x0" image="nothing" unknownInt24="0x0"></Plane>
				<Plane name="filedel_dialog_icon" posX="0" posY="0" objectScale="0" redScale="1" greenScale="1" blueScale="1" alphaScale="1" width="0" height="0" posUnknown="0" scaleWidth="1" scaleHeight="1" elementScale="1" iconOffset="0x0" onLoad="nothing" unknown17="0x0" unknown18="0x0" unknown19="0x0" unknownInt20="0x0" unknownInt21="0x0" unknown22="0x0" image="nothing" unknownInt24="0x0"></Plane>
				<Plane name="filedel_dialog_info" posX="0" posY="0" objectScale="0" redScale="1" greenScale="1" blueScale="1" alphaScale="1" width="0" height="0" posUnknown="0" scaleWidth="1" scaleHeight="1" elementScale="1" iconOffset="0x0" onLoad="nothing" unknown17="0x0" unknown18="0x0" unknown19="0x0" unknownInt20="0x0" unknownInt21="0x0" unknown22="0x0" image="nothing" unknownInt24="0x0"></Plane>
				<Plane name="filedel_dialog_msgdialog" posX="0" posY="0" objectScale="0" redScale="1" greenScale="1" blueScale="1" alphaScale="1" width="0" height="0" posUnknown="0" scaleWidth="1" scaleHeight="1" elementScale="1" iconOffset="0x0" onLoad="nothing" unknown17="0x0" unknown18="0x0" unknown19="0x0" unknownInt20="0x0" unknownInt21="0x0" unknown22="0x0" image="nothing" unknownInt24="0x0"></Plane>
				<Plane name="fdel_plane_src_cmdbtn" posX="0" posY="0" objectScale="0" redScale="1" greenScale="1" blueScale="1" alphaScale="0" width="0" height="0" posUnknown="0" scaleWidth="1" scaleHeight="1" elementScale="1" iconOffset="0x0" onLoad="nothing" unknown17="0xc6010100" unknown18="0xc7010100" unknown19="0x0" unknownInt20="0x101c8" unknownInt21="0x101c9" unknown22="0x0" image="nothing" unknownInt24="0x0">
					<Button name="fdel_cmdbtn_select_all" posX="0" posY="0" objectScale="0" redScale="1" greenScale="1" blueScale="1" alphaScale="1" width="0" height="0" posUnknown="0" scaleWidth="1" scaleHeight="1" elementScale="1" iconOffset="0x0" onLoad="nothing" unknown17="0x0" unknown18="0x0" unknown19="0x0" unknownInt20="0x0" unknownInt21="0x0" unknown22="0x0" image="image:tex_button" shadow="image:tex_button_shadow" image2="image:tex_button_focus" unknownRef29="text:msg_select_all" unknownEvent31="event:native:/FileDelete_Dialog::cbBtnSelectAllPush" unknownEvent33="event:native:/FileDelete_Dialog::cbBtnFocusInA" unknownEvent35="event:native:/FileDelete_Dialog::cbBtnFocusOutA" unknownEvent37="event:native:/FileDelete_Dialog::cbBtnFocusLeft" unknownEvent39="nothing" unknownEvent41="nothing" unknownEvent43="object2:fdel_cmdbtn_deselect_all" unknownEvent45="nothing" unknownInt47="0x0"></Button>
					<Button name="fdel_cmdbtn_deselect_all" posX="0" posY="0" objectScale="0" redScale="1" greenScale="1" blueScale="1" alphaScale="1" width="0" height="0" posUnknown="0" scaleWidth="1" scaleHeight="1" elementScale="1" iconOffset="0x0" onLoad="nothing" unknown17="0x0" unknown18="0x0" unknown19="0x0" unknownInt20="0x0" unknownInt21="0x0" unknown22="0x0" image="image:tex_button" shadow="image:tex_button_shadow" image2="image:tex_button_focus" unknownRef29="text:msg_deselect_all" unknownEvent31="event:native:/FileDelete_Dialog::cbBtnDeselectAllPush" unknownEvent33="event:native:/FileDelete_Dialog::cbBtnFocusInA" unknownEvent35="event:native:/FileDelete_Dialog::cbBtnFocusOutA" unknownEvent37="event:native:/FileDelete_Dialog::cbBtnFocusLeft" unknownEvent39="nothing" unknownEvent41="object2:fdel_cmdbtn_select_all" unknownEvent43="object2:fdel_cmdbtn_decide_src" unknownEvent45="nothing" unknownInt47="0x0"></Button>
					<Button name="fdel_cmdbtn_decide_src" posX="0" posY="0" objectScale="0" redScale="1" greenScale="1" blueScale="1" alphaScale="1" width="0" height="0" posUnknown="0" scaleWidth="1" scaleHeight="1" elementScale="1" iconOffset="0x0" onLoad="nothing" unknown17="0x0" unknown18="0x0" unknown19="0x0" unknownInt20="0x0" unknownInt21="0x0" unknown22="0x0" image="image:tex_button" shadow="image:tex_button_shadow" image2="image:tex_button_focus" unknownRef29="text:msg_fix" unknownEvent31="event:native:/FileDelete_Dialog::cbBtnDecideSrcPush" unknownEvent33="event:native:/FileDelete_Dialog::cbBtnFocusInA" unknownEvent35="event:native:/FileDelete_Dialog::cbBtnFocusOutA" unknownEvent37="event:native:/FileDelete_Dialog::cbBtnFocusLeft" unknownEvent39="nothing" unknownEvent41="object2:fdel_cmdbtn_deselect_all" unknownEvent43="nothing" unknownEvent45="nothing" unknownInt47="0x0"></Button>
				</Plane>
				<Text name="fdel_text_info_msg" posX="0" posY="0" objectScale="0" redScale="1" greenScale="1" blueScale="1" alphaScale="1" width="0" height="0" posUnknown="1" scaleWidth="1" scaleHeight="1" elementScale="1" iconOffset="0x300000" onLoad="nothing" unknown17="0xd0010000" unknown18="0xd2010000" unknown19="0x0" unknownInt20="0x0" unknownInt21="0x0" unknown22="0x0" text="nothing" font="nothing" unknownInt27="0x1" unknownInt29="0x1000000" size="10" topRed="1" topGreen="1" topBlue="1" bottomRed="1" bottomGreen="1" bottomBlue="1" spacingHorizontal="0" unknown37="0x0" unknown38="0x0" unknown39="0x0" spacingVertical="0" shadowX="4" shadowY="-5" shadowPerspective="0" shadowRed="0.25" shadowGreen="0.25" shadowBlue="0.25" shadowAlpha="1" unknown48="0x0" unknown49="0x0" unknown50="0x0" unknownFloat51="1" unknownFloat52="1" unknownFloat53="1" unknownFloat54="1" unknown55="0xffffffff" unknownInt56="0x10014" unknownInt57="0x3" unknown58="0x0"></Text>
			</Page>
			<Page name="expage_filelist" unknownInt0="0x1110000" onInit="nothing" onCancel="nothing" onContextMenu="nothing" onActivate="nothing"></Page>
			<Page name="expage_message_dialog" unknownInt0="0x1110000" onInit="nothing" onCancel="nothing" onContextMenu="nothing" onActivate="nothing"></Page>
			<Page name="control_panel_page" unknownInt0="0x1110000" onInit="nothing" onCancel="nothing" onContextMenu="nothing" onActivate="nothing">
				<Plane name="control_panel_base" posX="0" posY="0" objectScale="0" redScale="1" greenScale="1" blueScale="1" alphaScale="1" width="0" height="0" posUnknown="0" scaleWidth="1" scaleHeight="1" elementScale="1" iconOffset="0x0" onLoad="nothing" unknown17="0x98010100" unknown18="0x99010100" unknown19="0x0" unknownInt20="0x1019a" unknownInt21="0x1019b" unknown22="0x0" image="image:tex_cp_panel" unknownInt24="0x3">
					<Plane name="control_play_status_group" posX="0" posY="0" objectScale="0" redScale="1" greenScale="1" blueScale="1" alphaScale="1" width="0" height="0" posUnknown="0" scaleWidth="1" scaleHeight="1" elementScale="1" iconOffset="0x0" onLoad="nothing" unknown17="0x0" unknown18="0x0" unknown19="0x0" unknownInt20="0x0" unknownInt21="0x0" unknown22="0x0" image="nothing" unknownInt24="0x0">
						<Plane name="plane_play_status" posX="0" posY="0" objectScale="0" redScale="1" greenScale="1" blueScale="1" alphaScale="0" width="0" height="0" posUnknown="0" scaleWidth="1" scaleHeight="1" elementScale="1" iconOffset="0x0" onLoad="nothing" unknown17="0xa8010000" unknown18="0xa9010000" unknown19="0x0" unknownInt20="0x101aa" unknownInt21="0x101ab" unknown22="0x0" image="image:tex_play_status" unknownInt24="0x0"></Plane>
						<Plane name="plane_prev_status" posX="0" posY="0" objectScale="0" redScale="1" greenScale="1" blueScale="1" alphaScale="0" width="0" height="0" posUnknown="0" scaleWidth="1" scaleHeight="1" elementScale="1" iconOffset="0x0" onLoad="nothing" unknown17="0xa8010000" unknown18="0xa9010000" unknown19="0x0" unknownInt20="0x101aa" unknownInt21="0x101ab" unknown22="0x0" image="image:tex_prev_status" unknownInt24="0x0"></Plane>
						<Plane name="plane_next_status" posX="0" posY="0" objectScale="0" redScale="1" greenScale="1" blueScale="1" alphaScale="0" width="0" height="0" posUnknown="0" scaleWidth="1" scaleHeight="1" elementScale="1" iconOffset="0x0" onLoad="nothing" unknown17="0xa8010000" unknown18="0xa9010000" unknown19="0x0" unknownInt20="0x101aa" unknownInt21="0x101ab" unknown22="0x0" image="image:tex_next_status" unknownInt24="0x0"></Plane>
						<Plane name="plane_pause_status" posX="0" posY="0" objectScale="0" redScale="1" greenScale="1" blueScale="1" alphaScale="0" width="0" height="0" posUnknown="0" scaleWidth="1" scaleHeight="1" elementScale="1" iconOffset="0x0" onLoad="nothing" unknown17="0xa8010000" unknown18="0xa9010000" unknown19="0x0" unknownInt20="0x101aa" unknownInt21="0x101ab" unknown22="0x0" image="image:tex_pause_status" unknownInt24="0x0"></Plane>
						<Plane name="plane_stop_status" posX="0" posY="0" objectScale="0" redScale="1" greenScale="1" blueScale="1" alphaScale="0" width="0" height="0" posUnknown="0" scaleWidth="1" scaleHeight="1" elementScale="1" iconOffset="0x0" onLoad="nothing" unknown17="0xa8010000" unknown18="0xa9010000" unknown19="0x0" unknownInt20="0x101aa" unknownInt21="0x101ab" unknown22="0x0" image="image:tex_stop_status" unknownInt24="0x0"></Plane>
						<Plane name="plane_searchb_status" posX="0" posY="0" objectScale="0" redScale="1" greenScale="1" blueScale="1" alphaScale="0" width="0" height="0" posUnknown="0" scaleWidth="1" scaleHeight="1" elementScale="1" iconOffset="0x0" onLoad="nothing" unknown17="0xa8010000" unknown18="0xa9010000" unknown19="0x0" unknownInt20="0x101aa" unknownInt21="0x101ab" unknown22="0x0" image="image:tex_searchb_status" unknownInt24="0x0"></Plane>
						<Plane name="plane_searchf_status" posX="0" posY="0" objectScale="0" redScale="1" greenScale="1" blueScale="1" alphaScale="0" width="0" height="0" posUnknown="0" scaleWidth="1" scaleHeight="1" elementScale="1" iconOffset="0x0" onLoad="nothing" unknown17="0xa8010000" unknown18="0xa9010000" unknown19="0x0" unknownInt20="0x101aa" unknownInt21="0x101ab" unknown22="0x0" image="image:tex_searchf_status" unknownInt24="0x0"></Plane>
						<Plane name="plane_repeat_status" posX="0" posY="0" objectScale="0" redScale="1" greenScale="1" blueScale="1" alphaScale="0" width="0" height="0" posUnknown="0" scaleWidth="1" scaleHeight="1" elementScale="1" iconOffset="0x0" onLoad="nothing" unknown17="0xac010000" unknown18="0xad010000" unknown19="0x0" unknownInt20="0x101ae" unknownInt21="0x101af" unknown22="0x0" image="image:tex_repeat_status" unknownInt24="0x0"></Plane>
						<Plane name="plane_1repeat_status" posX="0" posY="0" objectScale="0" redScale="1" greenScale="1" blueScale="1" alphaScale="0" width="0" height="0" posUnknown="0" scaleWidth="1" scaleHeight="1" elementScale="1" iconOffset="0x0" onLoad="nothing" unknown17="0xb0010000" unknown18="0xb1010000" unknown19="0x0" unknownInt20="0x101b2" unknownInt21="0x101b3" unknown22="0x0" image="image:tex_1repeat_status" unknownInt24="0x0"></Plane>
						<Plane name="plane_shuffle_status" posX="0" posY="0" objectScale="0" redScale="1" greenScale="1" blueScale="1" alphaScale="0" width="0" height="0" posUnknown="0" scaleWidth="1" scaleHeight="1" elementScale="1" iconOffset="0x0" onLoad="nothing" unknown17="0xb4010000" unknown18="0xb5010000" unknown19="0x0" unknownInt20="0x101b6" unknownInt21="0x101b7" unknown22="0x0" image="image:tex_shuffle_status" unknownInt24="0x0"></Plane>
					</Plane>
					<Plane name="control_progress_bar_group" posX="0" posY="0" objectScale="0" redScale="1" greenScale="1" blueScale="1" alphaScale="1" width="0" height="0" posUnknown="0" scaleWidth="1" scaleHeight="1" elementScale="1" iconOffset="0x0" onLoad="nothing" unknown17="0x0" unknown18="0x0" unknown19="0x0" unknownInt20="0x0" unknownInt21="0x0" unknown22="0x0" image="nothing" unknownInt24="0x0">
						<Progress name="progress_bar_playing_time" posX="0" posY="0" objectScale="0" redScale="1" greenScale="1" blueScale="1" alphaScale="1" width="200" height="6" posUnknown="1" scaleWidth="1" scaleHeight="1" elementScale="1" iconOffset="0x20000" onLoad="nothing" unknown17="0x9c010000" unknown18="0x9d010000" unknown19="0x0" unknownInt20="0x1019e" unknownInt21="0x1019f" unknown22="0x0" unknownFloat23="100" unknown24="0x0" unknownRef25="nothing" unknownRef27="nothing" unknownRef29="nothing"></Progress>
						<Text name="label_playing_time" posX="0" posY="0" objectScale="0" redScale="1" greenScale="1" blueScale="1" alphaScale="1" width="0" height="0" posUnknown="1" scaleWidth="1" scaleHeight="1" elementScale="1" iconOffset="0x320000" onLoad="nothing" unknown17="0xa0010000" unknown18="0xa1010000" unknown19="0x0" unknownInt20="0x101a2" unknownInt21="0x101a3" unknown22="0x0" text="nothing" font="nothing" unknownInt27="0x2000001" unknownInt29="0x1000000" size="10" topRed="1" topGreen="1" topBlue="1" bottomRed="1" bottomGreen="1" bottomBlue="1" spacingHorizontal="0" unknown37="0x0" unknown38="0x0" unknown39="0x0" spacingVertical="0" shadowX="4" shadowY="-5" shadowPerspective="0" shadowRed="0.25" shadowGreen="0.25" shadowBlue="0.25" shadowAlpha="1" unknown48="0x0" unknown49="0x0" unknown50="0x0" unknownFloat51="1" unknownFloat52="1" unknownFloat53="1" unknownFloat54="1" unknown55="0x0" unknownInt56="0x16" unknownInt57="0x908" unknown58="0x0"></Text>
					</Plane>
					<Plane name="control_button_group" posX="0" posY="0" objectScale="0" redScale="1" greenScale="1" blueScale="1" alphaScale="1" width="0" height="0" posUnknown="0" scaleWidth="1" scaleHeight="1" elementScale="1" iconOffset="0x0" onLoad="nothing" unknown17="0x0" unknown18="0x0" unknown19="0x0" unknownInt20="0x0" unknownInt21="0x0" unknown22="0x0" image="nothing" unknownInt24="0x0">
						<Button name="msg_prev_with_icon_button" posX="0" posY="0" objectScale="0" redScale="1" greenScale="1" blueScale="1" alphaScale="1" width="0" height="0" posUnknown="0" scaleWidth="1" scaleHeight="1" elementScale="1" iconOffset="0x0" onLoad="nothing" unknown17="0xa4017d00" unknown18="0xa5010100" unknown19="0x0" unknownInt20="0x1a6" unknownInt21="0x1a7" unknown22="0x0" image="image:tex_cp_prev" shadow="nothing" image2="image:tex_cp_focus" unknownRef29="nothing" unknownEvent31="nothing" unknownEvent33="nothing" unknownEvent35="nothing" unknownEvent37="nothing" unknownEvent39="nothing" unknownEvent41="nothing" unknownEvent43="nothing" unknownEvent45="nothing" unknownInt47="0x0"></Button>
						<Button name="msg_next_with_icon_button" posX="-1" posY="0" objectScale="0" redScale="1" greenScale="1" blueScale="1" alphaScale="1" width="0" height="0" posUnknown="0" scaleWidth="1" scaleHeight="1" elementScale="1" iconOffset="0x0" onLoad="nothing" unknown17="0xa4017d00" unknown18="0xa5010100" unknown19="0x0" unknownInt20="0x1a6" unknownInt21="0x1a7" unknown22="0x0" image="image:tex_cp_next" shadow="nothing" image2="image:tex_cp_focus" unknownRef29="nothing" unknownEvent31="nothing" unknownEvent33="nothing" unknownEvent35="nothing" unknownEvent37="nothing" unknownEvent39="nothing" unknownEvent41="nothing" unknownEvent43="nothing" unknownEvent45="nothing" unknownInt47="0x0"></Button>
						<Button name="msg_pause_button" posX="-2" posY="0" objectScale="0" redScale="1" greenScale="1" blueScale="1" alphaScale="1" width="0" height="0" posUnknown="0" scaleWidth="1" scaleHeight="1" elementScale="1" iconOffset="0x0" onLoad="nothing" unknown17="0xa4017d00" unknown18="0xa5010100" unknown19="0x0" unknownInt20="0x1a6" unknownInt21="0x1a7" unknown22="0x0" image="image:tex_cp_pause" shadow="nothing" image2="image:tex_cp_focus" unknownRef29="nothing" unknownEvent31="nothing" unknownEvent33="nothing" unknownEvent35="nothing" unknownEvent37="nothing" unknownEvent39="nothing" unknownEvent41="nothing" unknownEvent43="nothing" unknownEvent45="nothing" unknownInt47="0x0"></Button>
						<Button name="msg_stop_button" posX="-3" posY="0" objectScale="0" redScale="1" greenScale="1" blueScale="1" alphaScale="1" width="0" height="0" posUnknown="0" scaleWidth="1" scaleHeight="1" elementScale="1" iconOffset="0x0" onLoad="nothing" unknown17="0xa4017d00" unknown18="0xa5010100" unknown19="0x0" unknownInt20="0x1a6" unknownInt21="0x1a7" unknown22="0x0" image="image:tex_cp_stop" shadow="nothing" image2="image:tex_cp_focus" unknownRef29="nothing" unknownEvent31="nothing" unknownEvent33="nothing" unknownEvent35="nothing" unknownEvent37="nothing" unknownEvent39="nothing" unknownEvent41="nothing" unknownEvent43="nothing" unknownEvent45="nothing" unknownInt47="0x0"></Button>
						<Button name="msg_repeat_button" posX="-4" posY="0" objectScale="0" redScale="1" greenScale="1" blueScale="1" alphaScale="1" width="0" height="0" posUnknown="0" scaleWidth="1" scaleHeight="1" elementScale="1" iconOffset="0x0" onLoad="nothing" unknown17="0xa4017d00" unknown18="0xa5010100" unknown19="0x0" unknownInt20="0x1a6" unknownInt21="0x1a7" unknown22="0x0" image="image:tex_cp_repeat" shadow="nothing" image2="image:tex_cp_focus" unknownRef29="nothing" unknownEvent31="nothing" unknownEvent33="nothing" unknownEvent35="nothing" unknownEvent37="nothing" unknownEvent39="nothing" unknownEvent41="nothing" unknownEvent43="nothing" unknownEvent45="nothing" unknownInt47="0x0"></Button>
						<Button name="msg_shuffle_button" posX="-5" posY="0" objectScale="0" redScale="1" greenScale="1" blueScale="1" alphaScale="1" width="0" height="0" posUnknown="0" scaleWidth="1" scaleHeight="1" elementScale="1" iconOffset="0x0" onLoad="nothing" unknown17="0xa4017d00" unknown18="0xa5010100" unknown19="0x0" unknownInt20="0x1a6" unknownInt21="0x1a7" unknown22="0x0" image="image:tex_cp_shuffle" shadow="nothing" image2="image:tex_cp_focus" unknownRef29="nothing" unknownEvent31="nothing" unknownEvent33="nothing" unknownEvent35="nothing" unknownEvent37="nothing" unknownEvent39="nothing" unknownEvent41="nothing" unknownEvent43="nothing" unknownEvent45="nothing" unknownInt47="0x0"></Button>
						<Button name="msg_volume_control_button" posX="-6" posY="0" objectScale="0" redScale="1" greenScale="1" blueScale="1" alphaScale="1" width="0" height="0" posUnknown="0" scaleWidth="1" scaleHeight="1" elementScale="1" iconOffset="0x0" onLoad="nothing" unknown17="0xa4017d00" unknown18="0xa5010100" unknown19="0x0" unknownInt20="0x1a6" unknownInt21="0x1a7" unknown22="0x0" image="image:tex_cp_volume" shadow="nothing" image2="image:tex_cp_focus" unknownRef29="nothing" unknownEvent31="nothing" unknownEvent33="nothing" unknownEvent35="nothing" unknownEvent37="nothing" unknownEvent39="nothing" unknownEvent41="nothing" unknownEvent43="nothing" unknownEvent45="nothing" unknownInt47="0x0"></Button>
					</Plane>
				</Plane>
			</Page>
			<Page name="volume_page" unknownInt0="0x1110000" onInit="event:native:/NowPlaying::OnVolumePageInit" onCancel="nothing" onContextMenu="nothing" onActivate="nothing">
				<Meter name="volume_level_meter" posX="0" posY="0" objectScale="0" redScale="1" greenScale="1" blueScale="1" alphaScale="1" width="0" height="0" posUnknown="0" scaleWidth="1" scaleHeight="1" elementScale="1" iconOffset="0x100000" onLoad="nothing" unknown17="0xb8010000" unknown18="0xb9010000" unknown19="0x0" unknownInt20="0x0" unknownInt21="0x0" unknown22="0x0" unknown23="0xfcffffff" unknown24="0x4000000" unknown25="0x0" unknown26="0x4" unknown27="0x1c050000" unknownRef28="nothing" unknownRef30="nothing" unknownRef32="nothing" unknownRef34="nothing"></Meter>
			</Page>
			<Page name="notification_page" unknownInt0="0x1110000" onInit="event:native:/NowPlaying::OnNoticationPageInit" onCancel="nothing" onContextMenu="nothing" onActivate="nothing">
				<Text name="notification_text" posX="0" posY="0" objectScale="0" redScale="1" greenScale="1" blueScale="1" alphaScale="1" width="0" height="0" posUnknown="1" scaleWidth="1" scaleHeight="1" elementScale="1" iconOffset="0x300000" onLoad="nothing" unknown17="0xba010000" unknown18="0xbb010000" unknown19="0x0" unknownInt20="0x1bc" unknownInt21="0x1bd" unknown22="0x0" text="nothing" font="nothing" unknownInt27="0x10001" unknownInt29="0x1000000" size="10" topRed="1" topGreen="1" topBlue="1" bottomRed="1" bottomGreen="1" bottomBlue="1" spacingHorizontal="0" unknown37="0x0" unknown38="0x0" unknown39="0x0" spacingVertical="0" shadowX="4" shadowY="-5" shadowPerspective="0" shadowRed="0.25" shadowGreen="0.25" shadowBlue="0.25" shadowAlpha="1" unknown48="0x0" unknown49="0x0" unknown50="0x0" unknownFloat51="1" unknownFloat52="1" unknownFloat53="1" unknownFloat54="1" unknown55="0x0" unknownInt56="0x14" unknownInt57="0x1be" unknown58="0x0"></Text>
			</Page>
			<Page name="poweroff_page" unknownInt0="0x1110000" onInit="nothing" onCancel="nothing" onContextMenu="nothing" onActivate="nothing">
				<Plane name="poweroff_base" posX="0" posY="0" objectScale="0" redScale="1" greenScale="1" blueScale="1" alphaScale="1" width="0" height="0" posUnknown="0" scaleWidth="1" scaleHeight="1" elementScale="1" iconOffset="0x0" onLoad="nothing" unknown17="0x0" unknown18="0x0" unknown19="0x0" unknownInt20="0x0" unknownInt21="0x0" unknown22="0x0" image="nothing" unknownInt24="0x0">
					<CheckboxGroup name="poweroff_select" posX="0" posY="0" objectScale="0" redScale="1" greenScale="1" blueScale="1" alphaScale="1" width="0" height="0" posUnknown="0" scaleWidth="1" scaleHeight="1" elementScale="1" iconOffset="0x0" onLoad="nothing" unknown17="0x100" unknown18="0x100" unknown19="0x100" unknownInt20="0x0" unknownInt21="0x0" unknown22="0x0" unknown23="0xa000000" unknown24="0x0" unknown25="0xffffffff" unknown26="0x0" unknown27="0x0" unknown28="0x0" unknown29="0x17040000" unknown30="0x0" unknownRef31="nothing" unknownRef33="nothing" unknownRef35="nothing" unknownRef37="nothing" unknownRef39="nothing" unknownRef41="nothing" unknownRef43="nothing" unknownRef45="nothing" unknownRef47="object2:poweroff_yes" unknownRef49="nothing" unknownRef51="nothing">
						<Scroll name="scroll_audio_out_select_output_format" posX="0" posY="0" objectScale="0" redScale="1" greenScale="1" blueScale="1" alphaScale="1" width="8" height="172" posUnknown="1" scaleWidth="1" scaleHeight="1" elementScale="1" iconOffset="0x0" onLoad="nothing" unknown17="0x0" unknown18="0x0" unknown19="0x0" unknownInt20="0x0" unknownInt21="0x0" unknown22="0x0" unknownFloat23="100" unknownFloat24="100" unknown25="0x0" unknownRef26="nothing" unknownRef28="nothing" unknownRef30="nothing" unknownRef32="nothing" unknownRef34="nothing"></Scroll>
					</CheckboxGroup>
					<Button name="poweroff_yes" posX="0" posY="0" objectScale="0" redScale="1" greenScale="1" blueScale="1" alphaScale="1" width="0" height="0" posUnknown="0" scaleWidth="1" scaleHeight="1" elementScale="1" iconOffset="0x0" onLoad="nothing" unknown17="0x46020100" unknown18="0x48020100" unknown19="0x100" unknownInt20="0x0" unknownInt21="0x0" unknown22="0x0" image="nothing" shadow="nothing" image2="nothing" unknownRef29="nothing" unknownEvent31="nothing" unknownEvent33="nothing" unknownEvent35="nothing" unknownEvent37="nothing" unknownEvent39="object2:poweroff_no" unknownEvent41="object2:poweroff_select" unknownEvent43="nothing" unknownEvent45="nothing" unknownInt47="0x0"></Button>
					<Button name="poweroff_no" posX="0" posY="0" objectScale="0" redScale="1" greenScale="1" blueScale="1" alphaScale="1" width="0" height="0" posUnknown="0" scaleWidth="1" scaleHeight="1" elementScale="1" iconOffset="0x0" onLoad="nothing" unknown17="0x47020100" unknown18="0x48020100" unknown19="0x100" unknownInt20="0x0" unknownInt21="0x0" unknown22="0x0" image="nothing" shadow="nothing" image2="nothing" unknownRef29="nothing" unknownEvent31="nothing" unknownEvent33="nothing" unknownEvent35="nothing" unknownEvent37="object2:poweroff_yes" unknownEvent39="nothing" unknownEvent41="object2:poweroff_select" unknownEvent43="nothing" unknownEvent45="nothing" unknownInt47="0x0"></Button>
					<Text name="text_audio_out_select_output_format" posX="0" posY="0" objectScale="0" redScale="1" greenScale="1" blueScale="1" alphaScale="1" width="0" height="0" posUnknown="1" scaleWidth="1" scaleHeight="1" elementScale="1" iconOffset="0x0" onLoad="nothing" unknown17="0x100" unknown18="0xf90b0100" unknown19="0x100" unknownInt20="0x1042c" unknownInt21="0x1042d" unknown22="0x0" text="text:msg_turnoff_system_ask" font="nothing" unknownInt27="0x10001" unknownInt29="0x1000000" size="10" topRed="1" topGreen="1" topBlue="1" bottomRed="1" bottomGreen="1" bottomBlue="1" spacingHorizontal="0" unknown37="0x0" unknown38="0x0" unknown39="0x0" spacingVertical="0" shadowX="4" shadowY="-5" shadowPerspective="0" shadowRed="0.25" shadowGreen="0.25" shadowBlue="0.25" shadowAlpha="1" unknown48="0x0" unknown49="0x0" unknown50="0x0" unknownFloat51="1" unknownFloat52="1" unknownFloat53="1" unknownFloat54="1" unknown55="0x0" unknownInt56="0x10014" unknownInt57="0x3" unknown58="0x0"></Text>
				</Plane>
			</Page>
		</ObjectTree>
	</MainTree>
</RcoFile>
